מזהה,שם המוצר / שובר,ספק / מותג,קטגוריה,מחיר בהצדעה ₪,מחיר מקורי ₪,אחוז חיסכון %,תגיות מבצע,מיקום / משלוח,תוקף המבצע,הגבלת רכישה,רשת מקושרת,קישור למוצר
185816,פסטיבל TEA TIME,בהצדעה,מומלצי החודש,133.0,133.0,0%,"מומלצי החודש, ההופעות הכי חמות, תערוכות קרקסים ופסטיבלים",מיקומים שונים,,,ללא,https://www.behatsdaa.org.il/category/productPage/185816
185487,אגדות המזרח - תור הזהב של המוזיקה הים־תיכונית,אגדות המזרח,מומלצי החודש,129.0,229.0,44%,"מומלצי החודש, ההופעות הכי חמות, מופעים",מיקומים שונים,,,ללא,https://www.behatsdaa.org.il/category/productPage/185487
145105,מקדונלד'ס - ארוחות,מקדונלד'ס,מומלצי החודש,48.0,48.0,0%,מומלצי החודש,מגוון סניפים,,,מקדונלדס אונליין,https://www.behatsdaa.org.il/category/productPage/145105
108995,Share Spa - שר ספא מלון דיוויד ים המלח,Share Spa,מומלצי החודש,344.0,823.0,58%,מומלצי החודש,"ים המלח בתי מלון 16, ים המלח בתי מלון",,,share spa דן כרמל חיפה,https://www.behatsdaa.org.il/category/productPage/108995
65806,רשת בורגרים - מבצע ארוחות,רשת בורגרים,מומלצי החודש,114.0,157.0,27%,"מומלצי החודש, טעים, מהיר, משתלם",מגוון סניפים,,,בורגרים,https://www.behatsdaa.org.il/category/productPage/65806
157352,פיצה האט- 2 משפחתיות,פיצה האט,מומלצי החודש,89.0,105.0,15%,מומלצי החודש,מגוון סניפים,,,ללא,https://www.behatsdaa.org.il/category/productPage/157352
2939,רשות הטבע והגנים מנוי מטמון,בהצדעה,מומלצי החודש,138.0,339.0,59%,"מומלצי החודש, מבלים ונהנים, אטרקציות לכל המשפחה, טיולים וסיורים","איתו ועם ועולמו 3, ירושלים",,,ללא,https://www.behatsdaa.org.il/category/productPage/2939
166046,משלוחה- שובר 100 ₪ לניצול באפליקציה,משלוחה,מומלצי החודש,70.0,70.0,0%,מומלצי החודש,"ברוך הירש  22 , בני ברק",,,משלוחה,https://www.behatsdaa.org.il/category/productPage/166046
59336,אתר סטימצקי - 150 ₪ לרכישת ספרים ומשחקים,אתר סטימצקי,מומלצי החודש,113.0,113.0,0%,מומלצי החודש,מגוון סניפים,,,סטימצקי,https://www.behatsdaa.org.il/category/productPage/59336
110706,בורגר ראנץ' - ארוחת קומבינה,בורגר ראנץ',מומלצי החודש,145.0,145.0,0%,"מומלצי החודש, טעים, מהיר, משתלם",מגוון סניפים,,,בורגר ראנץ,https://www.behatsdaa.org.il/category/productPage/110706
58183,יום כיף בדרים איילנד,בהצדעה,מומלצי החודש,409.0,527.0,22%,"מומלצי החודש, ימי כיף במלונות","שדה יואב , שדה יואב",,,ללא,https://www.behatsdaa.org.il/category/productPage/58183
25556,Share Spa - שר ספא  מלון לאונרדו גורדון ביץ,Share Spa,מומלצי החודש,267.0,668.0,60%,"מומלצי החודש, מבצעי ספא מפנקים","אליעזר פרי  9, תל אביב - יפו",,,share spa דן כרמל חיפה,https://www.behatsdaa.org.il/category/productPage/25556
66326,רשת ג'פאן-ג'פאן – ווק אנד סושי - כשר,רשת ג'פאן,מומלצי החודש,72.0,263.0,73%,מומלצי החודש,מגוון סניפים,,,ללא,https://www.behatsdaa.org.il/category/productPage/66326
706,מדעטק,בהצדעה,מומלצי החודש,56.0,56.0,0%,"מומלצי החודש, מבלים ונהנים, אטרקציות","שמריהו לוין 25, חיפה",,,ללא,https://www.behatsdaa.org.il/category/productPage/706
111781,רשת מאפה נאמן- שובר קנייה 100 ₪ למימוש חד פעמי,רשת מאפה נאמן,מומלצי החודש,65.0,65.0,0%,מומלצי החודש,מגוון סניפים,,,מאפה נאמן,https://www.behatsdaa.org.il/category/productPage/111781
178381,רשת ספורטיב- GYM,רשת ספורטיב,מומלצי החודש,330.0,990.0,67%,"מומלצי החודש, חזרה לשגרה, חדרי כושר וקאנטרי נוספים","החלוץ 90, באר שבע",,,רשת ספורטיב- GYM,https://www.behatsdaa.org.il/category/productPage/178381
170384,"השכרת רכב בחו""ל ofran אופרן",בהצדעה,מומלצי החודש,0.0,0.0,0%,"מומלצי החודש, השכרת רכב בחו""ל",מגוון סניפים,,,ללא,https://ofran.co.il/behazdaa-wl
185280,מבצע יבואן על מגוון דגמי סוזוקי וצ'אנגן,בהצדעה,מומלצי החודש,0.0,0.0,0%,"מומלצי החודש, רכב חדש",מגוון סניפים,,,ללא,https://ca.suzuki.co.il/suzuki_hazdaa_09_26/
26633,סט מצעים יחיד/זוגי 100% כותנה פרקל - ורדינון,סט מצעים יחיד/זוגי 100% כותנה פרקל,מבצעי צרכנות,165.0,235.0,30%,"מבצעי צרכנות, טקסטיל והלבשה",מגוון סניפים,,,ללא,https://www.behatsdaa.org.il/category/productPage/26633
183730,ערסל ישיבה למרפסת ולגינה +עגלת קמפינג HomeTown,בהצדעה,מבצעי צרכנות,359.0,508.0,29%,מבצעי צרכנות,מגוון סניפים,,,ללא,https://www.behatsdaa.org.il/category/productPage/183730
45171,אלבום תמונות כריכה קשה עמודים ללא הגבלה - זומה,אלבום תמונות כריכה קשה עמודים ללא הגבלה,מבצעי צרכנות,59.0,59.0,0%,"מבצעי צרכנות, תווי קניה והטבות כסף, מוצרים בעיצוב אישי","ההגנה  23, בארי",,,ללא,https://www.behatsdaa.org.il/category/productPage/45171
144386,שמיכה כבדה ומחבקת מבית Aeroflex,Aeroflex,מבצעי צרכנות,179.0,179.0,0%,"מבצעי צרכנות, טקסטיל והלבשה",כולל משלוח עד הבית,,,ללא,https://www.behatsdaa.org.il/category/productPage/144386
175659,שואב שוטף אלחוטי Dreame G10 Pro - יבואן רשמי,שואב שוטף אלחוטי Dreame G10 Pro,מבצעי צרכנות,679.0,679.0,0%,מבצעי צרכנות,כולל משלוח עד הבית,,,ללא,https://www.behatsdaa.org.il/category/productPage/175659
140751,סט מצעי מיקס ג'רסי - ורדינון,סט מצעי מיקס ג'רסי,מבצעי צרכנות,159.0,255.0,38%,"מבצעי צרכנות, טקסטיל והלבשה",מגוון סניפים,,,ללא,https://www.behatsdaa.org.il/category/productPage/140751
179368,מארז 3 מגבות רחצה קלאסיקו גדלים לבחירה - ורדינון,מארז 3 מגבות רחצה קלאסיקו גדלים לבחירה,מבצעי צרכנות,99.0,149.0,34%,מבצעי צרכנות,מגוון סניפים,,,ללא,https://www.behatsdaa.org.il/category/productPage/179368
165143,"מארז 6 ליטר שמן זית פרימיום מהגליל ""המצודה""",בהצדעה,מבצעי צרכנות,199.0,234.0,15%,מבצעי צרכנות,מגוון סניפים,,,ללא,https://www.behatsdaa.org.il/category/productPage/165143
174540,‏מכונת אספרסו Nespresso Lattissima One EN510,בהצדעה,מבצעי צרכנות,749.0,749.0,0%,מבצעי צרכנות,כולל משלוח עד הבית,,,ללא,https://www.behatsdaa.org.il/category/productPage/174540
185199,מכונת שטיפה בלחץ 130 בר מבית AXON,AXON,מבצעי צרכנות,179.0,218.0,18%,"מבצעי צרכנות, חשמל לבית ולמטבח",מגוון סניפים,,,ללא,https://www.behatsdaa.org.il/category/productPage/185199
177690,שואב מקרצף רובוטי DREAME X60 Ultra Complete,בהצדעה,מבצעי צרכנות,4379.0,4379.0,0%,"מבצעי צרכנות, חשמל לבית ולמטבח",כולל משלוח עד הבית,,,ללא,https://www.behatsdaa.org.il/category/productPage/177690
182309,טלוויזיה חכמה Samsung 55UH8000H סמסונג 55 אינץ',בהצדעה,מבצעי צרכנות,1199.0,1199.0,0%,"מבצעי צרכנות, מחשבים ואלקטרוניקה",כולל משלוח עד הבית,,,ללא,https://www.behatsdaa.org.il/category/productPage/182309
140175,מתלה כביסה גדול 3 קומות,בהצדעה,מבצעי צרכנות,69.0,79.0,13%,מבצעי צרכנות,כולל משלוח עד הבית,,,ללא,https://www.behatsdaa.org.il/category/productPage/140175
151963,"מיטת נוער חשמלית מתכווננת CLICK מבית ד""ר גב",בהצדעה,מבצעי צרכנות,2890.0,2890.0,0%,"מבצעי צרכנות, מרהטים את הבית",מגוון סניפים,,,ללא,https://www.behatsdaa.org.il/category/productPage/151963
179367,שואב שוטף אלחוטי DREAME H60 GT - יבואן רשמי,שואב שוטף אלחוטי DREAME H60 GT,מבצעי צרכנות,769.0,769.0,0%,מבצעי צרכנות,כולל משלוח עד הבית,,,ללא,https://www.behatsdaa.org.il/category/productPage/179367
146989,סט 3 מזוודות בד 28|24|20 castlegate מבית swiss,swiss,מבצעי צרכנות,369.0,408.0,10%,מבצעי צרכנות,מגוון סניפים,,,ללא,https://www.behatsdaa.org.il/category/productPage/146989
182649,סט מזוודות קשיחות בלתי שבירות דגם פסים Swiss Sky,בהצדעה,מבצעי צרכנות,269.0,308.0,13%,מבצעי צרכנות,מגוון סניפים,,,ללא,https://www.behatsdaa.org.il/category/productPage/182649
67227,6 ליטר שמן זית מבית 'משק אחיה',משק אחיה,מבצעי צרכנות,229.0,264.0,13%,"מבצעי צרכנות, מזמינים הביתה וחוסכים",מגוון סניפים,,,ללא,https://www.behatsdaa.org.il/category/productPage/67227
181571,סאפ מתנפח + משוט דגם Coast PA-25C330 מבית PA,סאפ מתנפח + משוט דגם Coast PA,מבצעי צרכנות,699.0,699.0,0%,מבצעי צרכנות,כולל משלוח עד הבית,,,ללא,https://www.behatsdaa.org.il/category/productPage/181571
154022,פינת ישיבה ראטן דגם סטאי מבית PLAYA,PLAYA,מבצעי צרכנות,629.0,629.0,0%,"מבצעי צרכנות, ריהוט ואביזרים לגן ולמרפסת",כולל משלוח עד הבית,,,ללא,https://www.behatsdaa.org.il/category/productPage/154022
113240,שמיכת פוך נוצות/פלומה - ורדינון,שמיכת פוך נוצות/פלומה,מבצעי צרכנות,235.0,299.0,21%,"מבצעי צרכנות, טקסטיל והלבשה",מגוון סניפים,,,ללא,https://www.behatsdaa.org.il/category/productPage/113240
185136,מיקסר קנווד KMX751A מבית KENWOOD,KENWOOD,מבצעי צרכנות,779.0,779.0,0%,מבצעי צרכנות,כולל משלוח עד הבית,,,ללא,https://www.behatsdaa.org.il/category/productPage/185136
156624,פח אשפה 60 ליטר אלקטרוני PE-601 Peerless,פח אשפה 60 ליטר אלקטרוני PE,מבצעי צרכנות,209.0,209.0,0%,מבצעי צרכנות,כולל משלוח עד הבית,,,ללא,https://www.behatsdaa.org.il/category/productPage/156624
181487,רביעיית כיסאות 'מונטנגרו' מבית RAZCO,RAZCO,מבצעי צרכנות,349.0,349.0,0%,מבצעי צרכנות,כולל משלוח עד הבית,,,ללא,https://www.behatsdaa.org.il/category/productPage/181487
184157,סט מצעים סאטן פסים מלון סטאי Cotton Club,בהצדעה,מבצעי צרכנות,115.0,189.0,39%,"מבצעי צרכנות, טקסטיל והלבשה",מגוון סניפים,,,ללא,https://www.behatsdaa.org.il/category/productPage/184157
185223,מארז כלי בישול 5 חלקים Matrix 3 PLY מבית סולתם,סולתם,מבצעי צרכנות,199.0,199.0,0%,"מבצעי צרכנות, מכינים את המטבח",כולל משלוח עד הבית,,,סולתם,https://www.behatsdaa.org.il/category/productPage/185223
184385,מארז כלי בישול 7 חלקים מסדרת Ideal - סולתם,מארז כלי בישול 7 חלקים מסדרת Ideal,מבצעי צרכנות,199.0,199.0,0%,"מבצעי צרכנות, מכינים את המטבח",כולל משלוח עד הבית,,,ללא,https://www.behatsdaa.org.il/category/productPage/184385
185203,פלנצ’ה גז מקצועית 3 מבערים,בהצדעה,מבצעי צרכנות,319.0,358.0,11%,"מבצעי צרכנות, חשמל לבית ולמטבח",מגוון סניפים,,,ללא,https://www.behatsdaa.org.il/category/productPage/185203
177445,שואב שוטף רובוטי Saros 20 Complete ROBOROCK,בהצדעה,מבצעי צרכנות,3345.0,3345.0,0%,"מבצעי צרכנות, חשמל לבית ולמטבח",כולל משלוח עד הבית,,,ללא,https://www.behatsdaa.org.il/category/productPage/177445
149161,מזרן זוגי אורתופדי jasmin מבית Aeroflex,Aeroflex,מבצעי צרכנות,2165.0,2749.0,21%,מבצעי צרכנות,כולל משלוח עד הבית,,,ללא,https://www.behatsdaa.org.il/category/productPage/149161
182691,סיר גריל וטיגון אוויר EG351 נינג’ה NINJA,בהצדעה,מבצעי צרכנות,589.0,589.0,0%,מבצעי צרכנות,כולל משלוח עד הבית,,,ללא,https://www.behatsdaa.org.il/category/productPage/182691
183302,זוג כיסאות קמפינג Aztec Lyo X2,בהצדעה,מבצעי צרכנות,125.0,125.0,0%,"מבצעי צרכנות, קמפינג, מחנאות וטיולים",כולל משלוח עד הבית,,,ללא,https://www.behatsdaa.org.il/category/productPage/183302
182222,אוהל בן רגע Aztec Atlas Vent,בהצדעה,מבצעי צרכנות,398.0,629.0,37%,"מבצעי צרכנות, קמפינג, מחנאות וטיולים",כולל משלוח עד הבית,,,ללא,https://www.behatsdaa.org.il/category/productPage/182222
177437,"מכונת כביסה 8 ק""ג אינוונטר SAMSUNG WW80FG3M05AW",בהצדעה,מבצעי צרכנות,1290.0,1290.0,0%,"מבצעי צרכנות, חשמל לבית ולמטבח",כולל משלוח עד הבית,,,ללא,https://www.behatsdaa.org.il/category/productPage/177437
107629,מכונת קפה Nespresso EN85,בהצדעה,מבצעי צרכנות,289.0,289.0,0%,מבצעי צרכנות,כולל משלוח עד הבית,,,ללא,https://www.behatsdaa.org.il/category/productPage/107629
177114,מנקה ריפודים נייד 600W מבית BPOWER,BPOWER,מבצעי צרכנות,249.0,278.0,10%,מבצעי צרכנות,מגוון סניפים,,,ללא,https://www.behatsdaa.org.il/category/productPage/177114
149252,מכונת קוביות קרח דגם ATL-8040 מבית GOLD LINE,GOLD LINE,מבצעי צרכנות,149.0,178.0,16%,"מבצעי צרכנות, חשמל לבית ולמטבח",מגוון סניפים,,,ללא,https://www.behatsdaa.org.il/category/productPage/149252
184614,מארז בישול 10 חלקים MAESTRO מבית Food appeal,Food appeal,מבצעי צרכנות,299.0,329.0,9%,מבצעי צרכנות,מגוון סניפים,,,ללא,https://www.behatsdaa.org.il/category/productPage/184614
178144,מארז 220 טבליות למדיח POWER ונוזל הברקה פיניש,בהצדעה,מבצעי צרכנות,95.0,125.0,24%,מבצעי צרכנות,מגוון סניפים,,,ללא,https://www.behatsdaa.org.il/category/productPage/178144
185225,זוג חולצות Tommy Hilfiger,בהצדעה,מבצעי צרכנות,17.0,89.0,81%,"מבצעי צרכנות, טקסטיל והלבשה",מגוון סניפים,,,ללא,https://www.behatsdaa.org.il/category/productPage/185225
185472,מחבט פאדל,בהצדעה,מבצעי צרכנות,149.0,188.0,21%,מבצעי צרכנות,מגוון סניפים,,,ללא,https://www.behatsdaa.org.il/category/productPage/185472
178414,ערסל ישיבה למרפסת ולגינה Arizona מבית HomeTown,HomeTown,מבצעי צרכנות,359.0,458.0,22%,"מבצעי צרכנות, ריהוט ואביזרים לגן ולמרפסת",מגוון סניפים,,,ללא,https://www.behatsdaa.org.il/category/productPage/178414
183113,גלגלת צינור השקיה אוטומטית Garden Top,בהצדעה,מבצעי צרכנות,75.0,170.0,56%,"מבצעי צרכנות, ריהוט ואביזרים לגן ולמרפסת",מגוון סניפים,,,ללא,https://www.behatsdaa.org.il/category/productPage/183113
183016,מארז זוג חולצות טי-שרט מבית Timberland,Timberland,מבצעי צרכנות,14.0,99.0,86%,"מבצעי צרכנות, טקסטיל והלבשה",מגוון סניפים,,,ללא,https://www.behatsdaa.org.il/category/productPage/183016
171194,שואב שוטף אלחוטי D500 עם תחנת עגינה UWANT,בהצדעה,מבצעי צרכנות,499.0,499.0,0%,"מבצעי צרכנות, חשמל לבית ולמטבח",כולל משלוח עד הבית,,,ללא,https://www.behatsdaa.org.il/category/productPage/171194
184450,טלוויזיה חכמה LED “50 UE50U8072F SAMSUNG,בהצדעה,מבצעי צרכנות,999.0,999.0,0%,"מבצעי צרכנות, מחשבים ואלקטרוניקה",כולל משלוח עד הבית,,,ללא,https://www.behatsdaa.org.il/category/productPage/184450
97689,חלי ממן - מנוי ל-3 חודשים,חלי ממן,חזרה לשגרה,535.0,716.0,25%,"חזרה לשגרה, חדרי כושר וקאנטרי נוספים",מגוון סניפים,,,ללא,https://www.behatsdaa.org.il/category/productPage/97689
29171,רשת HOLMES PLACE – מנוי חצי שנתי,רשת HOLMES PLACE,חזרה לשגרה,1156.0,2044.0,43%,"חזרה לשגרה, נכנסים לכושר, Holmes Place",מגוון סניפים,,,ללא,https://www.behatsdaa.org.il/category/productPage/29171
177734,תוכנית הבריאות והכושר של חברי בהצדעה - vibey,תוכנית הבריאות והכושר של חברי בהצדעה,חזרה לשגרה,99.0,799.0,88%,חזרה לשגרה,"השיזף 4, רעננה",,,ללא,https://www.behatsdaa.org.il/category/productPage/177734
161815,רשת UFC - פילאטיס מכשירים,רשת UFC,חזרה לשגרה,405.0,810.0,50%,"חזרה לשגרה, חדרי כושר וקאנטרי נוספים","אחוזה  142, רעננה",,,ללא,https://www.behatsdaa.org.il/category/productPage/161815
67387,מועדון הספורט GREAT SHAPE נשר,בהצדעה,חזרה לשגרה,1320.0,1320.0,0%,"חזרה לשגרה, Great Shape","דרך בר יהודה 113, נשר",,,ללא,https://www.behatsdaa.org.il/category/productPage/67387
174516,קאנטרי הר חומה - מטי SHAPE,קאנטרי הר חומה,חזרה לשגרה,1144.0,1320.0,13%,"חזרה לשגרה, חדרי כושר וקאנטרי נוספים","רזיאל נאור אסתר 10, ירושלים",,,ללא,https://www.behatsdaa.org.il/category/productPage/174516
174528,קאנטרי רמות שייפ - מטי SHAPE,קאנטרי רמות שייפ,חזרה לשגרה,1144.0,1232.0,7%,"חזרה לשגרה, חדרי כושר וקאנטרי נוספים","יעקב אלעזר 26, ירושלים",,,ללא,https://www.behatsdaa.org.il/category/productPage/174528
182294,קאנטרי אריאל - מנויים וכרטיסיות,קאנטרי אריאל,חזרה לשגרה,46.0,2481.0,98%,"חזרה לשגרה, חדרי כושר וקאנטרי נוספים","מצדה 2, אריאל",,,ללא,https://www.behatsdaa.org.il/category/productPage/182294
177324,קאנטרי קלאב אופקים – מנויים,קאנטרי קלאב אופקים,חזרה לשגרה,2068.0,4900.0,58%,"חזרה לשגרה, חדרי כושר וקאנטרי נוספים","יעקב מסיקה 1, אופקים",,,ללא,https://www.behatsdaa.org.il/category/productPage/177324
148640,פילאטיס בקאנטרי GREAT SHAPE נשר,בהצדעה,חזרה לשגרה,352.0,660.0,47%,"חזרה לשגרה, Great Shape","דרך בר יהודה 113, נשר",,,ללא,https://www.behatsdaa.org.il/category/productPage/148640
25221,freefit פריפיט- כרטיס נטען סטודיו,freefit פריפיט,חזרה לשגרה,289.0,289.0,0%,"חזרה לשגרה, נכנסים לכושר, freefit","היוצרים 3 3, לוד",,,freefit,https://www.behatsdaa.org.il/category/productPage/25221
174552,רשת מטי- חדרי כושר וסטודיו,רשת מטי,חזרה לשגרה,389.0,1188.0,67%,"חזרה לשגרה, מטי – רשת מועדוני כושר וסטודיו",מגוון סניפים,,,ללא,https://www.behatsdaa.org.il/category/productPage/174552
145290,רבו פיטנס פילאטיס סטודיו לנשים - Revo fitness,רבו פיטנס פילאטיס סטודיו לנשים,חזרה לשגרה,212.0,370.0,43%,"חזרה לשגרה, נכנסים לכושר, חדרי כושר וקאנטרי נוספים",מגוון סניפים,,,ללא,https://www.behatsdaa.org.il/category/productPage/145290
163698,אינדי פארק,בהצדעה,מבלים ונהנים,74.0,74.0,0%,"מבלים ונהנים, אטרקציות","יסוד המעלה - על גדות הנחל , יסוד המעלה",,,ללא,https://www.behatsdaa.org.il/category/productPage/163698
9498,פארק מיני ישראל,בהצדעה,מבלים ונהנים,45.0,176.0,74%,"מבלים ונהנים, אטרקציות","ד.נ. שמשון , מנזר לטרון",,,ללא,https://www.behatsdaa.org.il/category/productPage/9498
137512,ווטרלנד - פארק המים של אילת,ווטרלנד,מבלים ונהנים,89.0,299.0,70%,"מבלים ונהנים, אטרקציות לכל המשפחה, אטרקציות","דרך מצרים  98, אילת",,,ללא,https://www.behatsdaa.org.il/category/productPage/137512
13583,בבילון פארק - כרטיסים נטענים לבחירה,בבילון פארק,מבלים ונהנים,62.0,499.0,88%,"מבלים ונהנים, אטרקציות לכל המשפחה, אטרקציות",מגוון סניפים,,,ללא,https://www.behatsdaa.org.il/category/productPage/13583
8532,החלקה על הקרח - היכל הקרח חולון,החלקה על הקרח,מבלים ונהנים,44.0,616.0,93%,"מבלים ונהנים, אטרקציות לכל המשפחה, אטרקציות","מפרץ שלמה  1 , חולון",,,ללא,https://www.behatsdaa.org.il/category/productPage/8532
24351,שביל התפוזים,בהצדעה,מבלים ונהנים,44.0,66.0,33%,"מבלים ונהנים, אטרקציות לכל המשפחה, אטרקציות","כביש 65 עוקף חדרה  , חדרה",,,ללא,https://www.behatsdaa.org.il/category/productPage/24351
28445,"משחקייה,וידאו,סימולטורים-STREET GAMES סטריט גיימס","משחקייה,וידאו,סימולטורים",מבלים ונהנים,30.0,616.0,95%,"מבלים ונהנים, אטרקציות לכל המשפחה, אטרקציות",מגוון סניפים,,,ללא,https://www.behatsdaa.org.il/category/productPage/28445
230,באלגן- פארק שעשועים,באלגן,מבלים ונהנים,30.0,178.0,83%,"מבלים ונהנים, אטרקציות לכל המשפחה, אטרקציות","קיבוץ יגור  , יגור",,,ללא,https://www.behatsdaa.org.il/category/productPage/230
63039,סיטי באולינג - ראשון לציון,סיטי באולינג,מבלים ונהנים,29.0,68.0,57%,"מבלים ונהנים, אטרקציות לכל המשפחה, באולינג","לחי 4, ראשון לציון",,,ללא,https://www.behatsdaa.org.il/category/productPage/63039
179826,הטייסת- טייסת הסימולטורים של מטוסי 16-F ו-35-F,הטייסת,מבלים ונהנים,251.0,657.0,62%,"מבלים ונהנים, אקסטרים, אטרקציות","רב מכר 1, רמת השרון",,,הטייסת,https://www.behatsdaa.org.il/category/productPage/179826
263,ספארי,בהצדעה,מבלים ונהנים,70.0,70.0,0%,"מבלים ונהנים, אטרקציות לכל המשפחה, אטרקציות","שדרות הצבי 1, רמת גן",,,ללא,https://www.behatsdaa.org.il/category/productPage/263
2563,קייקי בית הלל,בהצדעה,מבלים ונהנים,55.0,219.0,75%,"מבלים ונהנים, אטרקציות","קיבוץ כפר בלום , כפר בלום",,,ללא,https://www.behatsdaa.org.il/category/productPage/2563
24313,"sky jump - סקיי ג'אמפ - פארק טרמפולינות סניף ת""א",sky jump,מבלים ונהנים,38.0,76.0,50%,"מבלים ונהנים, אטרקציות לכל המשפחה, אטרקציות","נמל תל אביב ביתן 31 , תל אביב - יפו",,,ללא,https://www.behatsdaa.org.il/category/productPage/24313
180973,אייס פליי אילת,בהצדעה,מבלים ונהנים,93.0,146.0,36%,"מבלים ונהנים, אטרקציות","קאמפן 8, אילת",,,ללא,https://www.behatsdaa.org.il/category/productPage/180973
185392,חוות הר אודם - טיולי סוסים,חוות הר אודם,מבלים ונהנים,132.0,330.0,60%,"מבלים ונהנים, אטרקציות","אודם , אודם",,,חוות הר אודם,https://www.behatsdaa.org.il/category/productPage/185392
185416,פיינטבול הגושרים,בהצדעה,מבלים ונהנים,86.0,132.0,35%,"מבלים ונהנים, אטרקציות","הגושרים ד.נ. גליל עליון , הגושרים",,,ללא,https://www.behatsdaa.org.il/category/productPage/185416
165947,רוכבים בגליל- טיולי רייזרים וג'יפים,רוכבים בגליל,מבלים ונהנים,352.0,572.0,38%,"מבלים ונהנים, אטרקציות","00 , יודפת",,,רוכבים בגליל,https://www.behatsdaa.org.il/category/productPage/165947
170151,רוכבים בגליל- טיולי סוסים,רוכבים בגליל,מבלים ונהנים,165.0,370.0,55%,"מבלים ונהנים, אטרקציות","00 , יודפת",,,רוכבים בגליל,https://www.behatsdaa.org.il/category/productPage/170151
1586,פארק המצפה התת ימי - אילת,פארק המצפה התת ימי,מבלים ונהנים,82.0,89.0,8%,"מבלים ונהנים, אטרקציות","אילת , אילת",,,ללא,https://www.behatsdaa.org.il/category/productPage/1586
8659,אייסמול אילת החלקה על הקרח,בהצדעה,מבלים ונהנים,47.0,47.0,0%,"מבלים ונהנים, אטרקציות","קאמפן 8, אילת",,,ללא,https://www.behatsdaa.org.il/category/productPage/8659
13938,iJump פתח תקווה,בהצדעה,אטרקציות לכל המשפחה,37.0,634.0,94%,"אטרקציות לכל המשפחה, אטרקציות",מגוון סניפים,,,ללא,https://www.behatsdaa.org.il/category/productPage/13938
40210,"iJump פארק טרמפולינות סניף ראשל""צ",בהצדעה,אטרקציות לכל המשפחה,19.0,634.0,97%,"אטרקציות לכל המשפחה, אטרקציות",מגוון סניפים,,,ללא,https://www.behatsdaa.org.il/category/productPage/40210
18723,iJump חיפה,בהצדעה,אטרקציות לכל המשפחה,37.0,634.0,94%,"אטרקציות לכל המשפחה, אטרקציות",מגוון סניפים,,,ללא,https://www.behatsdaa.org.il/category/productPage/18723
19722,sky jump - סקיי ג'אמפ - פארק טרמפולינות רעננה,sky jump,אטרקציות לכל המשפחה,38.0,616.0,94%,"אטרקציות לכל המשפחה, אטרקציות","היצירה  2, רעננה",,,ללא,https://www.behatsdaa.org.il/category/productPage/19722
27649,באולינג פלנט כפר סבא,בהצדעה,אטרקציות לכל המשפחה,29.0,68.0,57%,"אטרקציות לכל המשפחה, באולינג","ויצמן 301, כפר סבא",,,ללא,https://www.behatsdaa.org.il/category/productPage/27649
27648,באולינג פלנט ראשון לציון,בהצדעה,אטרקציות לכל המשפחה,29.0,68.0,57%,"אטרקציות לכל המשפחה, באולינג","יעקב פריימן 20, ראשון לציון",,,ללא,https://www.behatsdaa.org.il/category/productPage/27648
146214,סיטי באולינג – פתח תקווה,סיטי באולינג,אטרקציות לכל המשפחה,29.0,68.0,57%,"אטרקציות לכל המשפחה, באולינג","תוצרת הארץ 3, פתח תקווה",,,ללא,https://www.behatsdaa.org.il/category/productPage/146214
181631,סיטי באולינג - נתניה,סיטי באולינג,אטרקציות לכל המשפחה,29.0,68.0,57%,"אטרקציות לכל המשפחה, באולינג","גבורי ישראל  17, נתניה",,,ללא,https://www.behatsdaa.org.il/category/productPage/181631
95320,פאנקי מאנקי - חוויה ואקסטרים לכל המשפחה - כפר סבא,פאנקי מאנקי,אטרקציות לכל המשפחה,30.0,45.0,33%,"אטרקציות לכל המשפחה, אטרקציות","הכרמל  2, כפר סבא",,,פאנקי מאנקי כפר סבא,https://www.behatsdaa.org.il/category/productPage/95320
112663,פאנקי מאנקי - חוויה ואקסטרים לכל המשפחה- כפר יונה,פאנקי מאנקי,אטרקציות לכל המשפחה,30.0,45.0,33%,"אטרקציות לכל המשפחה, אטרקציות","שייקה אופיר 2, כפר יונה",,,פאנקי מאנקי כפר סבא,https://www.behatsdaa.org.il/category/productPage/112663
176474,פאנקי וורלד באר טוביה - חוויה לכל המשפחה!,פאנקי וורלד באר טוביה,אטרקציות לכל המשפחה,53.0,194.0,73%,"אטרקציות לכל המשפחה, אטרקציות","באר טוביה , באר טוביה",,,ללא,https://www.behatsdaa.org.il/category/productPage/176474
176501,דילנד כפר סבא- מקום פסיכי ביותר לילדים ונוער,דילנד כפר סבא,אטרקציות לכל המשפחה,53.0,194.0,73%,"אטרקציות לכל המשפחה, אטרקציות","אנגל 78, כפר סבא",,,ללא,https://www.behatsdaa.org.il/category/productPage/176501
57053,היכל הקרח באר שבע,בהצדעה,אטרקציות לכל המשפחה,46.0,159.0,71%,"אטרקציות לכל המשפחה, אטרקציות","החיטה  1, באר שבע",,,ללא,https://www.behatsdaa.org.il/category/productPage/57053
99191,סיור איזי ריידר בירושלים - smart tour,סיור איזי ריידר בירושלים,אטרקציות לכל המשפחה,198.0,379.0,48%,"אטרקציות לכל המשפחה, אטרקציות",מגוון סניפים,,,ללא,https://www.behatsdaa.org.il/category/productPage/99191
20231,פארק תמנע,בהצדעה,אטרקציות לכל המשפחה,31.0,300.0,90%,"אטרקציות לכל המשפחה, אטרקציות","פארק תמנע, מועצה אזורית חבל אילות , אילת",,,ללא,https://www.behatsdaa.org.il/category/productPage/20231
70247,ninjacity - נינג'ה סיטי חיפה,ninjacity,אטרקציות לכל המשפחה,47.0,176.0,73%,"אטרקציות לכל המשפחה, אטרקציות","המוסכים 24, חיפה",,,ללא,https://www.behatsdaa.org.il/category/productPage/70247
19707,חלום עולמי - ספורט ימי,חלום עולמי,אטרקציות לכל המשפחה,38.0,396.0,90%,"אטרקציות לכל המשפחה, אטרקציות",".שדרות אליעזר קפלן , טבריה",,,חלום עולמי,https://www.behatsdaa.org.il/category/productPage/19707
756,אקווה ספורט מועדון צלילה,בהצדעה,אטרקציות לכל המשפחה,90.0,1294.0,93%,"אטרקציות לכל המשפחה, אטרקציות","דרך מצרים  107, אילת",,,ללא,https://www.behatsdaa.org.il/category/productPage/756
44228,מצנחי הים האדום - ספורט ימי,מצנחי הים האדום,אטרקציות לכל המשפחה,40.0,339.0,88%,"אטרקציות לכל המשפחה, אטרקציות","חוף רויאל ביץ' נביעות חוף צפוני אילת , אילת",,,מצנחי הים האדום,https://www.behatsdaa.org.il/category/productPage/44228
71729,"רוי בוי פארק - ראשל""צ",רוי בוי פארק,אטרקציות לכל המשפחה,61.0,61.0,0%,"אטרקציות לכל המשפחה, אטרקציות",". , מיקומים שונים",,,ללא,https://www.behatsdaa.org.il/category/productPage/71729
8550,גל במדבר - אילת,גל במדבר,אטרקציות לכל המשפחה,308.0,775.0,60%,"אטרקציות לכל המשפחה, אקסטרים, אטרקציות","עיר המלכים , אילת",,,גל במדבר,https://www.behatsdaa.org.il/category/productPage/8550
141181,FLYBOX מנהרת הרוח,בהצדעה,אטרקציות לכל המשפחה,185.0,216.0,14%,"אטרקציות לכל המשפחה, אטרקציות","יוסף טומי לפיד  8, ראשון לציון",,,ללא,https://www.behatsdaa.org.il/category/productPage/141181
152566,לונה פאן אושילנד - 8 אטרקציות בכרטיס אחד,לונה פאן אושילנד,אטרקציות לכל המשפחה,26.0,62.0,58%,"אטרקציות לכל המשפחה, אטרקציות",מגוון סניפים,,,ללא,https://www.behatsdaa.org.il/category/productPage/152566
155402,פארק תמנע - הרפתקה לתוך הלילה,פארק תמנע,אטרקציות לכל המשפחה,46.0,46.0,0%,"אטרקציות לכל המשפחה, אטרקציות","פארק תמנע, מועצה אזורית חבל אילות , אילת",,,פארק תמנע,https://www.behatsdaa.org.il/category/productPage/155402
158660,סיור עששיות בפארק תמנע,בהצדעה,אטרקציות לכל המשפחה,46.0,46.0,0%,"אטרקציות לכל המשפחה, אטרקציות","פארק תמנע, מועצה אזורית חבל אילות , אילת",,,ללא,https://www.behatsdaa.org.il/category/productPage/158660
2569,קיפצובה,בהצדעה,אטרקציות לכל המשפחה,40.0,196.0,80%,"אטרקציות לכל המשפחה, אטרקציות","ד.נ. הרי יהודה , צובה",,,ללא,https://www.behatsdaa.org.il/category/productPage/2569
171288,מבשלת בירבזאר- BEERBAZAAR- סיורי שישי במבשלה,מבשלת בירבזאר,אטרקציות לכל המשפחה,73.0,136.0,46%,"אטרקציות לכל המשפחה, טעימות ויין",מגוון סניפים,,,ללא,https://www.behatsdaa.org.il/category/productPage/171288
158661,סיור שקיעה בפארק תמנע,בהצדעה,אטרקציות לכל המשפחה,46.0,46.0,0%,"אטרקציות לכל המשפחה, אטרקציות","פארק תמנע, מועצה אזורית חבל אילות , אילת",,,ללא,https://www.behatsdaa.org.il/category/productPage/158661
309,פארק הדיג מעיין צבי,בהצדעה,אטרקציות לכל המשפחה,57.0,220.0,74%,"אטרקציות לכל המשפחה, אטרקציות","פארק הדייג מעין צבי  , מעין צבי",,,ללא,https://www.behatsdaa.org.il/category/productPage/309
57454,מיי בייבי ירכא פארק שעשועים,בהצדעה,אטרקציות לכל המשפחה,64.0,140.0,54%,"אטרקציות לכל המשפחה, אטרקציות","אזור תעשיה , ירכא",,,ללא,https://www.behatsdaa.org.il/category/productPage/57454
25155,מיני גולף הרצליה,בהצדעה,אטרקציות לכל המשפחה,36.0,41.0,12%,"אטרקציות לכל המשפחה, אטרקציות","בן גוריון  84 , הרצליה",,,ללא,https://www.behatsdaa.org.il/category/productPage/25155
72691,מוזיאון האשליות,בהצדעה,אטרקציות לכל המשפחה,58.0,58.0,0%,"אטרקציות לכל המשפחה, תערוכות קרקסים ופסטיבלים",". , מיקומים שונים",,,ללא,https://www.behatsdaa.org.il/category/productPage/72691
137184,"מלון דיוויד ים המלח - 2 לילות בסופ""ש",מלון דיוויד ים המלח,נופש בארץ,2896.0,4493.0,36%,נופש בארץ,"עין בוקק , ים המלח",,,ללא,https://www.behatsdaa.org.il/category/productPage/137184
102075,"מלון אסיינדה ביער - 2 לילות בסופ""ש",מלון אסיינדה ביער,נופש בארץ,2086.0,3254.0,36%,נופש בארץ,"0 , מיקומים שונים",,,ללא,https://www.behatsdaa.org.il/category/productPage/102075
185275,"אמארה צוקים - 2 לילות בסופ""ש גלאמפינג דלקס",אמארה צוקים,נופש בארץ,1206.0,1206.0,0%,נופש בארץ,"צוקים , צוקים",,,ללא,https://www.behatsdaa.org.il/category/productPage/185275
101703,"מלון גרנד ביץ' ת""א - לילה 1 בסופ""ש","מלון גרנד ביץ' ת""א",נופש בארץ,1005.0,2010.0,50%,נופש בארץ,"הירקון  250, תל אביב - יפו",,,ללא,https://www.behatsdaa.org.il/category/productPage/101703
184993,"מלון מגדלה מגדל - לילה 1 בסופ""ש",מלון מגדלה מגדל,נופש בארץ,1335.0,1995.0,33%,נופש בארץ,"צומת מגדל , מגדל",,,ללא,https://www.behatsdaa.org.il/category/productPage/184993
165019,"מלון גרנד קורט י-ם - 2 לילות בסופ""ש",מלון גרנד קורט י,נופש בארץ,1914.0,3613.0,47%,נופש בארץ,"סנט ג'ורג' 15, ירושלים",,,ללא,https://www.behatsdaa.org.il/category/productPage/165019
137823,"מלון איביס סטיילס י-ם - לילה 1 בסופ""ש",מלון איביס סטיילס י,נופש בארץ,565.0,565.0,0%,נופש בארץ,". , מיקומים שונים",,,ללא,https://www.behatsdaa.org.il/category/productPage/137823
101916,"לאונרדו פריווליג' אילת -2 לילות בסופ""ש-אורי ברויר",לאונרדו פריווליג' אילת,נופש בארץ,2515.0,4042.0,38%,נופש בארץ,"מנחם בגין 14, רמת גן",,,ללא,https://www.behatsdaa.org.il/category/productPage/101916
172280,"כפר הנופש קליה - לילה 1 בסופ""ש",כפר הנופש קליה,נופש בארץ,766.0,1053.0,27%,נופש בארץ,"קיבוץ קליה , קליה",,,ללא,https://www.behatsdaa.org.il/category/productPage/172280
137709,"מלון קסיה י-ם - 2 לילות בסופ""ש",מלון קסיה י,נופש בארץ,2635.0,4265.0,38%,נופש בארץ,"דוד המלך 32, ירושלים",,,ללא,https://www.behatsdaa.org.il/category/productPage/137709
141074,"כפר הנופש רמות - 2 לילות בסופ""ש",כפר הנופש רמות,נופש בארץ,2696.0,4193.0,36%,נופש בארץ,"צפון מזרח הכנרת , רמות",,,ללא,https://www.behatsdaa.org.il/category/productPage/141074
185014,מלון ג'ייקוב הרמוני י-ם - לילה 1 בחמישי,מלון ג'ייקוב הרמוני י,נופש בארץ,938.0,1445.0,35%,נופש בארץ,"0 , מיקומים שונים",,,ללא,https://www.behatsdaa.org.il/category/productPage/185014
148999,"מלון אלמונד נווה אילן- 2 לילות בסופ""ש+א.ערב בשישי",מלון אלמונד נווה אילן,נופש בארץ,2852.0,2852.0,0%,נופש בארץ,"0 , מיקומים שונים",,,מלון אלמונד,https://www.behatsdaa.org.il/category/productPage/148999
149813,"מלון ממילא י-ם - 2 לילות בסופ""ש BB/HB",מלון ממילא י,נופש בארץ,4483.0,7917.0,43%,נופש בארץ,"שלמה המלך 11, ירושלים",,,ללא,https://www.behatsdaa.org.il/category/productPage/149813
106274,"מלון כפר גלעדי - 2 לילות בסופ""ש-פסטיבל חורף בצפון",מלון כפר גלעדי,נופש בארץ,3078.0,3078.0,0%,נופש בארץ,"כפר גלעדי , כפר גלעדי",,,ללא,https://www.behatsdaa.org.il/category/productPage/106274
106631,"מלון קיסר פרימייר טבריה - 2 לילות בסופ""ש",מלון קיסר פרימייר טבריה,נופש בארץ,2472.0,3858.0,36%,נופש בארץ,"הטיילת  103, טבריה",,,ללא,https://www.behatsdaa.org.il/category/productPage/106631
178098,"הגושרים מלון בטבע - 2 לילות בסופ""ש",הגושרים מלון בטבע,נופש בארץ,2689.0,5678.0,53%,נופש בארץ,". , הגושרים",,,ללא,https://www.behatsdaa.org.il/category/productPage/178098
100912,"מלון סופיה טבריה - לילה 1 בסופ""ש",מלון סופיה טבריה,נופש בארץ,1435.0,2153.0,33%,נופש בארץ,"הפלמ""ח 12, טבריה",,,ללא,https://www.behatsdaa.org.il/category/productPage/100912
137834,"מלון אמירי הגליל - 2 לילות בסופ""ש",מלון אמירי הגליל,נופש בארץ,1818.0,1818.0,0%,נופש בארץ,"אמירים 00, אמירים",,,ללא,https://www.behatsdaa.org.il/category/productPage/137834
108169,"מלון לאונרדו פלאזה טבריה - 2 לילות בסופ""ש",מלון לאונרדו פלאזה טבריה,נופש בארץ,2522.0,4215.0,40%,נופש בארץ,"יגאל אלון  24, תל אביב - יפו",,,ללא,https://www.behatsdaa.org.il/category/productPage/108169
181533,"מלון לאונרדו קלאב טבריה - 2 לילות בסופ""ש",מלון לאונרדו קלאב טבריה,נופש בארץ,2145.0,3843.0,44%,נופש בארץ,"יגאל אלון  24, תל אביב - יפו",,,לאונרדו קלאב טבריה,https://www.behatsdaa.org.il/category/productPage/181533
176934,"מלון קומפורט אילת - 2 לילות בסופ""ש",מלון קומפורט אילת,נופש בארץ,1340.0,1340.0,0%,נופש בארץ,"חטיבת הנגב 14, אילת",,,מלון קומפורט אילת,https://www.behatsdaa.org.il/category/productPage/176934
102226,"מלון נווה אילן י-ם - 2 לילות בסופ""ש - קלאסיק",מלון נווה אילן י,נופש בארץ,1914.0,2961.0,35%,נופש בארץ,"0 , מיקומים שונים",,,מלון נווה אילן,https://www.behatsdaa.org.il/category/productPage/102226
108633,"מלון איב אילת- רשת אדם - 2 לילות בסופ""ש",מלון איב אילת,נופש בארץ,1244.0,2879.0,57%,נופש בארץ,"שדרות התמרים  2, אילת",,,מלון איב אילת רשת אדם,https://www.behatsdaa.org.il/category/productPage/108633
103869,"מלון נירוונה קלאב אילת - 2 לילות בסופ""ש",מלון נירוונה קלאב אילת,נופש בארץ,1741.0,2963.0,41%,נופש בארץ,"שפיפון 4, אילת",,,ללא,https://www.behatsdaa.org.il/category/productPage/103869
112430,"מלון וויליג' אילת - 3 לילות בסופ""ש",מלון וויליג' אילת,נופש בארץ,2211.0,2839.0,22%,נופש בארץ,"קאמן  4, אילת",,,ללא,https://www.behatsdaa.org.il/category/productPage/112430
107017,"מלון נווה אילת - 2 לילות בסופ""ש",מלון נווה אילת,נופש בארץ,1435.0,2934.0,51%,נופש בארץ,"שדרות חטיבת הנגב  6, אילת",,,ללא,https://www.behatsdaa.org.il/category/productPage/107017
106889,"מלון ג'ייקוב אילת - 2 לילות בסופ""ש",מלון ג'ייקוב אילת,נופש בארץ,1503.0,2103.0,29%,נופש בארץ,"0 , מיקומים שונים",,,ללא,https://www.behatsdaa.org.il/category/productPage/106889
172629,"מלון נבל דוד נתניה - 2 לילות בסופ""ש",מלון נבל דוד נתניה,נופש בארץ,2635.0,4178.0,37%,נופש בארץ,"שד' עובד בן עמי  41, נתניה",,,ללא,https://www.behatsdaa.org.il/category/productPage/172629
112772,"מלון וורט לגון נתניה - 2 לילות בסופ""ש",מלון וורט לגון נתניה,נופש בארץ,2526.0,3939.0,36%,נופש בארץ,". , מיקומים שונים",,,ללא,https://www.behatsdaa.org.il/category/productPage/112772
185282,"מלון ג'ייקוב שנקין ת""א - לילה 1 בחמישי","מלון ג'ייקוב שנקין ת""א",נופש בארץ,914.0,1279.0,29%,נופש בארץ,"0 , מיקומים שונים",,,ללא,https://www.behatsdaa.org.il/category/productPage/185282
176080,"מכונת כביסה 9 ק""ג אינוונטר Samsung WW90FG3M05AW",בהצדעה,חשמל לבית ולמטבח,1590.0,1590.0,0%,חשמל לבית ולמטבח,כולל משלוח עד הבית,,,ללא,https://www.behatsdaa.org.il/category/productPage/176080
177856,תנור בנוי פירוליטי עם ניקוי עצמי AEG OS6PB50A,בהצדעה,חשמל לבית ולמטבח,2439.0,2439.0,0%,חשמל לבית ולמטבח,כולל משלוח עד הבית,,,ללא,https://www.behatsdaa.org.il/category/productPage/177856
182890,מכונת כביסה 8 ק״ג Bosch WAN2806NBY,בהצדעה,חשמל לבית ולמטבח,1879.0,1879.0,0%,חשמל לבית ולמטבח,כולל משלוח עד הבית,,,ללא,https://www.behatsdaa.org.il/category/productPage/182890
161841,שואב-מקרצף DREAME X50 Ultra COMPLETE - יבואן רשמי,שואב,חשמל לבית ולמטבח,2849.0,2849.0,0%,חשמל לבית ולמטבח,כולל משלוח עד הבית,,,ללא,https://www.behatsdaa.org.il/category/productPage/161841
184352,מכונת קפסולות Deluxe מבית JOE,JOE,חשמל לבית ולמטבח,299.0,329.0,9%,חשמל לבית ולמטבח,מגוון סניפים,,,ללא,https://www.behatsdaa.org.il/category/productPage/184352
182551,גריל מנגל חשמלי ומעשנת Ninja Woodfire OG701,בהצדעה,חשמל לבית ולמטבח,1079.0,1079.0,0%,חשמל לבית ולמטבח,כולל משלוח עד הבית,,,ללא,https://www.behatsdaa.org.il/category/productPage/182551
179285,"מאוורר תקרה ""25W GENESIS50 52 עם שלט",בהצדעה,חשמל לבית ולמטבח,269.0,299.0,10%,חשמל לבית ולמטבח,מגוון סניפים,,,ללא,https://www.behatsdaa.org.il/category/productPage/179285
99426,מיקרוגל דיגיטלי 23 ליטר MIDEA דגם EM823A2GU,בהצדעה,חשמל לבית ולמטבח,259.0,279.0,7%,חשמל לבית ולמטבח,כולל משלוח עד הבית,,,ללא,https://www.behatsdaa.org.il/category/productPage/99426
179873,שואב שוטף ECOVACS DEEBOT T80S Omni - יבואן רשמי,שואב שוטף ECOVACS DEEBOT T80S Omni,חשמל לבית ולמטבח,1999.0,1999.0,0%,חשמל לבית ולמטבח,כולל משלוח עד הבית,,,ללא,https://www.behatsdaa.org.il/category/productPage/179873
171447,שואב רובוטי ECOVACS DEEBOT X11 PRO OMNI יבוא רשמי,בהצדעה,חשמל לבית ולמטבח,1999.0,1999.0,0%,חשמל לבית ולמטבח,כולל משלוח עד הבית,,,ללא,https://www.behatsdaa.org.il/category/productPage/171447
164798,מכשיר הסרת שיער Braun PL5243‏ - ייבוא מקביל,מכשיר הסרת שיער Braun PL5243‏,חשמל לבית ולמטבח,1199.0,1199.0,0%,חשמל לבית ולמטבח,כולל משלוח עד הבית,,,ללא,https://www.behatsdaa.org.il/category/productPage/164798
167340,מיקסר KENWOOD דגם KMX751,בהצדעה,חשמל לבית ולמטבח,899.0,939.0,4%,חשמל לבית ולמטבח,כולל משלוח עד הבית,,,ללא,https://www.behatsdaa.org.il/category/productPage/167340
157675,מכונת אספרסו Delonghi RIVELIA,בהצדעה,חשמל לבית ולמטבח,3289.0,3289.0,0%,"חשמל לבית ולמטבח, מכינים את המטבח",כולל משלוח עד הבית,,,ללא,https://www.behatsdaa.org.il/category/productPage/157675
171446,תנור בנוי דגם AEG BEB331010M,בהצדעה,חשמל לבית ולמטבח,1449.0,1449.0,0%,חשמל לבית ולמטבח,כולל משלוח עד הבית,,,ללא,https://www.behatsdaa.org.il/category/productPage/171446
158458,מברשת שיניים חשמלית Series iO4 מבית Oral B,Oral B,חשמל לבית ולמטבח,329.0,329.0,0%,חשמל לבית ולמטבח,כולל משלוח עד הבית,,,ללא,https://www.behatsdaa.org.il/category/productPage/158458
167794,שואב אבק רובוטי שוטף Narwal Freo Z10,בהצדעה,חשמל לבית ולמטבח,1999.0,1999.0,0%,חשמל לבית ולמטבח,כולל משלוח עד הבית,,,ללא,https://www.behatsdaa.org.il/category/productPage/167794
177802,שואב אבק SHARK IZ420EUT Stratos,בהצדעה,חשמל לבית ולמטבח,1299.0,1299.0,0%,חשמל לבית ולמטבח,כולל משלוח עד הבית,,,ללא,https://www.behatsdaa.org.il/category/productPage/177802
163487,שואב שוטף ECOVACS DEEBOT X8 PRO OMNI - יבואן רשמי,שואב שוטף ECOVACS DEEBOT X8 PRO OMNI,חשמל לבית ולמטבח,1899.0,1899.0,0%,חשמל לבית ולמטבח,כולל משלוח עד הבית,,,ללא,https://www.behatsdaa.org.il/category/productPage/163487
179836,מיקסר מקצועי DAVO PRO DSM5740 - יבואן רשמי,מיקסר מקצועי DAVO PRO DSM5740,חשמל לבית ולמטבח,2665.0,2665.0,0%,חשמל לבית ולמטבח,כולל משלוח עד הבית,,,ללא,https://www.behatsdaa.org.il/category/productPage/179836
179837,בלנדר דגם Ninja QB3001,בהצדעה,חשמל לבית ולמטבח,215.0,215.0,0%,חשמל לבית ולמטבח,כולל משלוח עד הבית,,,ללא,https://www.behatsdaa.org.il/category/productPage/179837
179445,מברשת שיניים IOG4K חשמלית Oral-B iO Series 4,מברשת שיניים IOG4K חשמלית Oral,חשמל לבית ולמטבח,329.0,329.0,0%,חשמל לבית ולמטבח,כולל משלוח עד הבית,,,ללא,https://www.behatsdaa.org.il/category/productPage/179445
182602,מכונת גילוח ועיצוב זקן Philips OneBlade QP6542/15,בהצדעה,חשמל לבית ולמטבח,199.0,199.0,0%,חשמל לבית ולמטבח,כולל משלוח עד הבית,,,ללא,https://www.behatsdaa.org.il/category/productPage/182602
183094,מארז 96 סוללות GP AA 48+AAA 48 סופר אלקליין,בהצדעה,חשמל לבית ולמטבח,65.0,95.0,32%,חשמל לבית ולמטבח,מגוון סניפים,,,ללא,https://www.behatsdaa.org.il/category/productPage/183094
173405,מקפיא 6 מגירות לבן Nakasumi DE-FROST NAK-216 DFW,מקפיא 6 מגירות לבן Nakasumi DE,חשמל לבית ולמטבח,719.0,719.0,0%,חשמל לבית ולמטבח,כולל משלוח עד הבית,,,ללא,https://www.behatsdaa.org.il/category/productPage/173405
177144,שואב אבק רובוטי שוטף Roborock Saros 10R,בהצדעה,חשמל לבית ולמטבח,2345.0,2345.0,0%,חשמל לבית ולמטבח,כולל משלוח עד הבית,,,ללא,https://www.behatsdaa.org.il/category/productPage/177144
185389,"רמקול קריוקי ""8 888JR כולל זוג מיקרופונים INNOVA",בהצדעה,חשמל לבית ולמטבח,119.0,119.0,0%,חשמל לבית ולמטבח,כולל משלוח עד הבית,,,ללא,https://www.behatsdaa.org.il/category/productPage/185389
106927,מיקרוגל דיגיטלי 28 ליטר MIDEA EM9P032MX,בהצדעה,חשמל לבית ולמטבח,349.0,349.0,0%,חשמל לבית ולמטבח,כולל משלוח עד הבית,,,ללא,https://www.behatsdaa.org.il/category/productPage/106927
185390,מכונת קפה 3-ב-1 Ninja Luxe Cafe Pro ES701 1650W,מכונת קפה 3,חשמל לבית ולמטבח,1749.0,1749.0,0%,חשמל לבית ולמטבח,כולל משלוח עד הבית,,,ללא,https://www.behatsdaa.org.il/category/productPage/185390
158124,שואב SpotClean HydroSteam Select 3697N BISSELL,בהצדעה,חשמל לבית ולמטבח,999.0,999.0,0%,חשמל לבית ולמטבח,כולל משלוח עד הבית,,,ללא,https://www.behatsdaa.org.il/category/productPage/158124
185207,גריל גז בלאק טייגר 4+1,בהצדעה,חשמל לבית ולמטבח,799.0,898.0,11%,חשמל לבית ולמטבח,מגוון סניפים,,,ללא,https://www.behatsdaa.org.il/category/productPage/185207
177189,מכשיר לניקוי ספות עם קיטור UWANT Y100 STEAM,בהצדעה,חשמל לבית ולמטבח,699.0,699.0,0%,חשמל לבית ולמטבח,כולל משלוח עד הבית,,,ללא,https://www.behatsdaa.org.il/category/productPage/177189
169677,מעצב שיער SHARK HD424,בהצדעה,חשמל לבית ולמטבח,419.0,419.0,0%,חשמל לבית ולמטבח,כולל משלוח עד הבית,,,ללא,https://www.behatsdaa.org.il/category/productPage/169677
168921,"מכונת כביסה 8 ק""ג דגם GRAETZ GR-4105-WM","מכונת כביסה 8 ק""ג דגם GRAETZ GR",חשמל לבית ולמטבח,1329.0,1329.0,0%,חשמל לבית ולמטבח,כולל משלוח עד הבית,,,ללא,https://www.behatsdaa.org.il/category/productPage/168921
185718,מסחטת מיצים + סוטאז' 28 סמ GLORY מבית FOOD APPEAL,FOOD APPEAL,מכינים את המטבח,179.0,218.0,18%,מכינים את המטבח,מגוון סניפים,,,ללא,https://www.behatsdaa.org.il/category/productPage/185718
140385,מיקסר 7 ל' וו לישה כפול LUXOR PREMIUM AHY7,בהצדעה,מכינים את המטבח,449.0,449.0,0%,מכינים את המטבח,כולל משלוח עד הבית,,,ללא,https://www.behatsdaa.org.il/category/productPage/140385
173588,סט 6 סכינים למטבח מבית ARCOSTEEL,ARCOSTEEL,מכינים את המטבח,35.0,61.0,43%,מכינים את המטבח,מגוון סניפים,,,ללא,https://www.behatsdaa.org.il/category/productPage/173588
148842,סט צלחות קורנינג Winter Frost White מבית CORELLE,CORELLE,מכינים את המטבח,279.0,1245.0,78%,מכינים את המטבח,כולל משלוח עד הבית,,,ללא,https://www.behatsdaa.org.il/category/productPage/148842
180807,מארז 3 סכיני ARCOS ומשטח נירוסטה,בהצדעה,מכינים את המטבח,95.0,95.0,0%,מכינים את המטבח,כולל משלוח עד הבית,,,ללא,https://www.behatsdaa.org.il/category/productPage/180807
181697,סט כלי בישול 3 חלקים מסדרת ARCOSTEEL STONE,בהצדעה,מכינים את המטבח,99.0,129.0,23%,מכינים את המטבח,מגוון סניפים,,,ללא,https://www.behatsdaa.org.il/category/productPage/181697
171496,מתקן ייבוש כלים מתקפל X,בהצדעה,מכינים את המטבח,95.0,95.0,0%,מכינים את המטבח,כולל משלוח עד הבית,,,ללא,https://www.behatsdaa.org.il/category/productPage/171496
175579,סט 2 סכיני שף ולוח חיתוך מבית ARCOSTEEL,ARCOSTEEL,מכינים את המטבח,55.0,85.0,35%,מכינים את המטבח,מגוון סניפים,,,ללא,https://www.behatsdaa.org.il/category/productPage/175579
180971,מארז 3 מחבתות מסדרת IDEAL - סולתם,מארז 3 מחבתות מסדרת IDEAL,מכינים את המטבח,145.0,145.0,0%,מכינים את המטבח,כולל משלוח עד הבית,,,ללא,https://www.behatsdaa.org.il/category/productPage/180971
183375,מכונת קפה PURE קפה ג'ו מותאמת לקפסולות NESPRESSO,בהצדעה,מכינים את המטבח,319.0,354.0,10%,מכינים את המטבח,מגוון סניפים,,,ללא,https://www.behatsdaa.org.il/category/productPage/183375
183798,מיקסר פלנטרי KENWOOD HoneBeke KH-830,מיקסר פלנטרי KENWOOD HoneBeke KH,מכינים את המטבח,799.0,799.0,0%,מכינים את המטבח,כולל משלוח עד הבית,,,ללא,https://www.behatsdaa.org.il/category/productPage/183798
175472,מיקסר DSM5750 DAVO DSM5750 PRO - יבואן רשמי,מיקסר DSM5750 DAVO DSM5750 PRO,מכינים את המטבח,2699.0,2749.0,2%,מכינים את המטבח,כולל משלוח עד הבית,,,ללא,https://www.behatsdaa.org.il/category/productPage/175472
169143,מכונת קפה Essence ו-50 קפסולות במתנה,מכונת קפה Essence ו,מכינים את המטבח,249.0,279.0,11%,מכינים את המטבח,מגוון סניפים,,,ללא,https://www.behatsdaa.org.il/category/productPage/169143
183142,מארז כלי בישול 6 חלקים FLEXI מבית Food appeal,Food appeal,מכינים את המטבח,165.0,195.0,15%,מכינים את המטבח,מגוון סניפים,,,ללא,https://www.behatsdaa.org.il/category/productPage/183142
177716,סט כלי בישול 6/7/9 חלקים מבית ARCOSTEEL,ARCOSTEEL,מכינים את המטבח,199.0,229.0,13%,מכינים את המטבח,מגוון סניפים,,,ללא,https://www.behatsdaa.org.il/category/productPage/177716
59609,ברי המים תמי 4 בהטבות מיוחדות לחברי המועדון,בהצדעה,מכינים את המטבח,0.0,0.0,0%,"מכינים את המטבח, הנחות במעמד חיוב -MAX בהצדעה, זירת המותגים, מטבח ואירוח",מגוון סניפים,,,ללא,https://www.tami4.co.il/partners/behatsdaa
171504,סט 3 מחבתות Oxford - צבעים לבחירה,סט 3 מחבתות Oxford,מכינים את המטבח,99.0,129.0,23%,מכינים את המטבח,מגוון סניפים,,,ללא,https://www.behatsdaa.org.il/category/productPage/171504
177325,מארז כלי בישול 3 חלקים מסדרת Trio מבית סולתם,סולתם,מכינים את המטבח,339.0,339.0,0%,מכינים את המטבח,כולל משלוח עד הבית,,,סולתם,https://www.behatsdaa.org.il/category/productPage/177325
184408,מארז כלי בישול 5/8 חלקים מסדרת Nude - סולתם,מארז כלי בישול 5/8 חלקים מסדרת Nude,מכינים את המטבח,199.0,359.0,45%,מכינים את המטבח,כולל משלוח עד הבית,,,ללא,https://www.behatsdaa.org.il/category/productPage/184408
185103,סט כלי בישול 10 חלקים מסדרת FLOW מבית ARCOSTEEL,ARCOSTEEL,מכינים את המטבח,279.0,309.0,10%,מכינים את המטבח,מגוון סניפים,,,ללא,https://www.behatsdaa.org.il/category/productPage/185103
185134,מארז 13 חלקים TEXTURA מבית Food appeal,Food appeal,מכינים את המטבח,349.0,379.0,8%,מכינים את המטבח,מגוון סניפים,,,ללא,https://www.behatsdaa.org.il/category/productPage/185134
184640,מארז כלי בישול 6 חלקים Food appeal GLORY,בהצדעה,מכינים את המטבח,249.0,279.0,11%,מכינים את המטבח,מגוון סניפים,,,ללא,https://www.behatsdaa.org.il/category/productPage/184640
185473,מארז 3 קרשי חיתוך מנירוסטה,בהצדעה,מכינים את המטבח,89.0,89.0,0%,מכינים את המטבח,כולל משלוח עד הבית,,,ללא,https://www.behatsdaa.org.il/category/productPage/185473
174376,פח מעוצב בנפח 53 ליטר Calabria מבית Buona Casa,Buona Casa,מכינים את המטבח,159.0,194.0,18%,מכינים את המטבח,מגוון סניפים,,,ללא,https://www.behatsdaa.org.il/category/productPage/174376
185749,מצעי פלנל זוגי 100% כותנה מבית גולף דגמים לבחירה,גולף דגמים לבחירה,טקסטיל והלבשה,149.0,149.0,0%,טקסטיל והלבשה,כולל משלוח עד הבית,,,ללא,https://www.behatsdaa.org.il/category/productPage/185749
147147,שמיכת פוך יחיד/זוגית דגם 'אוורסט' מבית כיתן,כיתן,טקסטיל והלבשה,109.0,135.0,19%,טקסטיל והלבשה,כולל משלוח עד הבית,,,כיתן,https://www.behatsdaa.org.il/category/productPage/147147
182555,מעיל פליס Columbia Fast Trek Full Zip מגוון צבעים,בהצדעה,טקסטיל והלבשה,199.0,199.0,0%,טקסטיל והלבשה,כולל משלוח עד הבית,,,ללא,https://www.behatsdaa.org.il/category/productPage/182555
125027,מארז 4 מגבות 100% כותנה דגם 'קלאסיקו' - ורדינון,מארז 4 מגבות 100% כותנה דגם 'קלאסיקו',טקסטיל והלבשה,99.0,99.0,0%,טקסטיל והלבשה,מגוון סניפים,,,ללא,https://www.behatsdaa.org.il/category/productPage/125027
178495,מארז 10 מגבות זירו טוויסט מלון סטאי Cotton Club,בהצדעה,טקסטיל והלבשה,115.0,145.0,21%,טקסטיל והלבשה,מגוון סניפים,,,ללא,https://www.behatsdaa.org.il/category/productPage/178495
184151,סט זוגי 100% כותנה פרקל מלון סטאי Cotton Club,בהצדעה,טקסטיל והלבשה,199.0,239.0,17%,טקסטיל והלבשה,מגוון סניפים,,,ללא,https://www.behatsdaa.org.il/category/productPage/184151
155486,מארז 4 מגבות גוף עבות 100% כותנה מבית Swiss Bath,Swiss Bath,טקסטיל והלבשה,17.0,79.0,78%,טקסטיל והלבשה,מגוון סניפים,,,ללא,https://www.behatsdaa.org.il/category/productPage/155486
143863,סדין/מגן מזרן DELISIMO Aero Guard מבית Aeroflex,Aeroflex,טקסטיל והלבשה,85.0,165.0,48%,טקסטיל והלבשה,כולל משלוח עד הבית,,,ללא,https://www.behatsdaa.org.il/category/productPage/143863
143862,כרית לילדים MY FIRST PILLOW מבית Aeroflex,Aeroflex,טקסטיל והלבשה,169.0,169.0,0%,טקסטיל והלבשה,כולל משלוח עד הבית,,,ללא,https://www.behatsdaa.org.il/category/productPage/143862
170730,זוג כריות אורטופדיות CLASSIC VISCO מבית Aeroflex,Aeroflex,טקסטיל והלבשה,269.0,269.0,0%,טקסטיל והלבשה,כולל משלוח עד הבית,,,ללא,https://www.behatsdaa.org.il/category/productPage/170730
67465,כרית סמארט לוונדר - ורדינון,כרית סמארט לוונדר,טקסטיל והלבשה,99.0,99.0,0%,טקסטיל והלבשה,מגוון סניפים,,,ללא,https://www.behatsdaa.org.il/category/productPage/67465
103778,סט מצעי סאטן יוקרתי 100% כותנה - ורדינון,סט מצעי סאטן יוקרתי 100% כותנה,טקסטיל והלבשה,165.0,259.0,36%,טקסטיל והלבשה,מגוון סניפים,,,ללא,https://www.behatsdaa.org.il/category/productPage/103778
26696,זוג כריות דיינסטי - ורדינון,זוג כריות דיינסטי,טקסטיל והלבשה,144.0,144.0,0%,טקסטיל והלבשה,מגוון סניפים,,,ללא,https://www.behatsdaa.org.il/category/productPage/26696
165921,שמיכת מזגן Cool Air - ורדינון,שמיכת מזגן Cool Air,טקסטיל והלבשה,135.0,179.0,25%,טקסטיל והלבשה,מגוון סניפים,,,ללא,https://www.behatsdaa.org.il/category/productPage/165921
159821,זוג כריות שינה פספול מלון סטאי מבית Cotton Club,Cotton Club,טקסטיל והלבשה,79.0,109.0,28%,טקסטיל והלבשה,מגוון סניפים,,,ללא,https://www.behatsdaa.org.il/category/productPage/159821
184340,מארז 3 חולצות מנדפות לגברים מבית Aztec,Aztec,טקסטיל והלבשה,79.0,79.0,0%,טקסטיל והלבשה,כולל משלוח עד הבית,,,ללא,https://www.behatsdaa.org.il/category/productPage/184340
24153,סט מצעים לילדים 100% כותנה - ורדינון,סט מצעים לילדים 100% כותנה,טקסטיל והלבשה,99.0,99.0,0%,טקסטיל והלבשה,מגוון סניפים,,,ללא,https://www.behatsdaa.org.il/category/productPage/24153
163166,כרית פספול ושמיכה הולופייבר מלון סטאי Cotton Club,בהצדעה,טקסטיל והלבשה,99.0,199.0,50%,טקסטיל והלבשה,מגוון סניפים,,,ללא,https://www.behatsdaa.org.il/category/productPage/163166
181254,מארז 2 חולצות Lacoste,בהצדעה,טקסטיל והלבשה,14.0,89.0,84%,טקסטיל והלבשה,מגוון סניפים,,,ללא,https://www.behatsdaa.org.il/category/productPage/181254
185615,מארז 3/4 מגבות ענק מלון סטאי Cotton Club,בהצדעה,טקסטיל והלבשה,99.0,149.0,34%,טקסטיל והלבשה,מגוון סניפים,,,ללא,https://www.behatsdaa.org.il/category/productPage/185615
181338,סט מצעים זוגי/ענק 100% כותנה 'זריחה' מבית Yard&co,בהצדעה,טקסטיל והלבשה,115.0,135.0,15%,טקסטיל והלבשה,כולל משלוח עד הבית,,,ללא,https://www.behatsdaa.org.il/category/productPage/181338
180330,שמיכת קיץ דגם נורי - ורדינון,שמיכת קיץ דגם נורי,טקסטיל והלבשה,95.0,145.0,34%,טקסטיל והלבשה,מגוון סניפים,,,ללא,https://www.behatsdaa.org.il/category/productPage/180330
181698,מצעי 100% כותנה סאטן 300 פארטו סטאי Cotton Club,בהצדעה,טקסטיל והלבשה,249.0,269.0,7%,טקסטיל והלבשה,כולל משלוח עד הבית,,,ללא,https://www.behatsdaa.org.il/category/productPage/181698
177630,סט מצעי כותנה דגם 'היילי' מבית כיתן,כיתן,טקסטיל והלבשה,139.0,179.0,22%,טקסטיל והלבשה,כולל משלוח עד הבית,,,כיתן,https://www.behatsdaa.org.il/category/productPage/177630
183376,מארז 6 תחתוני בוקסר Columbia Col Poly Stretch,בהצדעה,טקסטיל והלבשה,145.0,145.0,0%,טקסטיל והלבשה,כולל משלוח עד הבית,,,ללא,https://www.behatsdaa.org.il/category/productPage/183376
182023,זוג חולצת דרייפיט Under Armour,בהצדעה,טקסטיל והלבשה,17.0,135.0,87%,טקסטיל והלבשה,מגוון סניפים,,,ללא,https://www.behatsdaa.org.il/category/productPage/182023
183491,זוג כריות פספול ושמיכת קיץ זוגית סטאי Cotton Club,בהצדעה,טקסטיל והלבשה,149.0,179.0,17%,טקסטיל והלבשה,מגוון סניפים,,,ללא,https://www.behatsdaa.org.il/category/productPage/183491
169198,סט זוגי 100% כותנה סאטן ריץ קרלטון Cotton Club,בהצדעה,טקסטיל והלבשה,229.0,269.0,15%,טקסטיל והלבשה,מגוון סניפים,,,ללא,https://www.behatsdaa.org.il/category/productPage/169198
185058,סט מצעי כותנה מצרית דגם 'דיליה' - ורדינון,סט מצעי כותנה מצרית דגם 'דיליה',טקסטיל והלבשה,299.0,319.0,6%,טקסטיל והלבשה,מגוון סניפים,,,ללא,https://www.behatsdaa.org.il/category/productPage/185058
160049,מארז 5 חולצות טי Umbro לגברים 100% כותנה,בהצדעה,טקסטיל והלבשה,14.0,69.0,80%,טקסטיל והלבשה,מגוון סניפים,,,ללא,https://www.behatsdaa.org.il/category/productPage/160049
169065,מארז 20 מגבות של מלון סטאי מבית Cotton Club,Cotton Club,טקסטיל והלבשה,149.0,179.0,17%,טקסטיל והלבשה,מגוון סניפים,,,ללא,https://www.behatsdaa.org.il/category/productPage/169065
184149,חלוק מגבת 100% כותנה מלון סטאי Cotton Club,בהצדעה,טקסטיל והלבשה,79.0,109.0,28%,טקסטיל והלבשה,מגוון סניפים,,,ללא,https://www.behatsdaa.org.il/category/productPage/184149
155481,מארז 3 מגבות ענק עבות 100% כותנה מבית Swiss Bath,Swiss Bath,טקסטיל והלבשה,14.0,85.0,84%,טקסטיל והלבשה,מגוון סניפים,,,ללא,https://www.behatsdaa.org.il/category/productPage/155481
184164,כרית קונטור מבית כיתן,כיתן,טקסטיל והלבשה,159.0,159.0,0%,טקסטיל והלבשה,כולל משלוח עד הבית,,,כיתן,https://www.behatsdaa.org.il/category/productPage/184164
151263,"שמיכה 300 גרם למ""ר מלון ריץ קרלטון Cotton Club",בהצדעה,טקסטיל והלבשה,69.0,129.0,47%,טקסטיל והלבשה,מגוון סניפים,,,ללא,https://www.behatsdaa.org.il/category/productPage/151263
184503,מארז 5/6 מגבות קיטה 100% כותנה מבית ערד טקסטיל,ערד טקסטיל,טקסטיל והלבשה,27.0,149.0,82%,טקסטיל והלבשה,מגוון סניפים,,,ערד טקסטיל,https://www.behatsdaa.org.il/category/productPage/184503
182319,מארז 3 חולצות Columbia COTTON STR CRW T,בהצדעה,טקסטיל והלבשה,149.0,149.0,0%,טקסטיל והלבשה,כולל משלוח עד הבית,,,ללא,https://www.behatsdaa.org.il/category/productPage/182319
184690,סט מצעי 100% כותנה במגוון דגמים לחג מבית כיתן,כיתן,טקסטיל והלבשה,159.0,329.0,52%,טקסטיל והלבשה,כולל משלוח עד הבית,,,כיתן,https://www.behatsdaa.org.il/category/productPage/184690
184302,מארז מגבות הידרו בית מלון ריץ קרלטון Cotton Club,בהצדעה,טקסטיל והלבשה,27.0,149.0,82%,טקסטיל והלבשה,מגוון סניפים,,,ללא,https://www.behatsdaa.org.il/category/productPage/184302
142636,חלוק ורדינון 100% כותנה דגם סטייל,בהצדעה,טקסטיל והלבשה,99.0,99.0,0%,טקסטיל והלבשה,מגוון סניפים,,,ללא,https://www.behatsdaa.org.il/category/productPage/142636
151372,מערכת ישיבה לגינה 'פאפוס' PLAYA,בהצדעה,ריהוט ואביזרים לגן ולמרפסת,329.0,329.0,0%,ריהוט ואביזרים לגן ולמרפסת,כולל משלוח עד הבית,,,ללא,https://www.behatsdaa.org.il/category/productPage/151372
166896,פינת ישיבה דגם הוואי PLAYA,בהצדעה,ריהוט ואביזרים לגן ולמרפסת,555.0,555.0,0%,ריהוט ואביזרים לגן ולמרפסת,כולל משלוח עד הבית,,,ללא,https://www.behatsdaa.org.il/category/productPage/166896
155647,פינת ישיבה דגם הוואי WOOD,בהצדעה,ריהוט ואביזרים לגן ולמרפסת,729.0,729.0,0%,ריהוט ואביזרים לגן ולמרפסת,כולל משלוח עד הבית,,,ללא,https://www.behatsdaa.org.il/category/productPage/155647
108800,פינת ישיבה 'סיישל',בהצדעה,ריהוט ואביזרים לגן ולמרפסת,449.0,449.0,0%,ריהוט ואביזרים לגן ולמרפסת,כולל משלוח עד הבית,,,ללא,https://www.behatsdaa.org.il/category/productPage/108800
106681,ערסל מקרמה תלוי פלאיה,בהצדעה,ריהוט ואביזרים לגן ולמרפסת,105.0,109.0,4%,ריהוט ואביזרים לגן ולמרפסת,כולל משלוח עד הבית,,,ללא,https://www.behatsdaa.org.il/category/productPage/106681
168452,"בריכה מתנפחת מלבנית 50*150*200 ס""מ מבית PooliT",PooliT,ריהוט ואביזרים לגן ולמרפסת,105.0,145.0,28%,ריהוט ואביזרים לגן ולמרפסת,מגוון סניפים,,,ללא,https://www.behatsdaa.org.il/category/productPage/168452
160167,פינת ישיבה דגם 'בלאנקו' PLAYA,בהצדעה,ריהוט ואביזרים לגן ולמרפסת,499.0,499.0,0%,ריהוט ואביזרים לגן ולמרפסת,כולל משלוח עד הבית,,,ללא,https://www.behatsdaa.org.il/category/productPage/160167
166208,"דשא סינטטי פרו עמיד במיוחד 40-38 מ""מ 'דיאמונט'",דשא סינטטי פרו עמיד במיוחד 40,ריהוט ואביזרים לגן ולמרפסת,249.0,479.0,48%,ריהוט ואביזרים לגן ולמרפסת,כולל משלוח עד הבית,,,ללא,https://www.behatsdaa.org.il/category/productPage/166208
152629,ריחופית שכיבה יחיד בצבע שחור,בהצדעה,ריהוט ואביזרים לגן ולמרפסת,659.0,659.0,0%,ריהוט ואביזרים לגן ולמרפסת,כולל משלוח עד הבית,,,ללא,https://www.behatsdaa.org.il/category/productPage/152629
180745,גריל גז 5 מבערים Crown 590 מבית Broil King,Broil King,ריהוט ואביזרים לגן ולמרפסת,62.0,5688.0,99%,ריהוט ואביזרים לגן ולמרפסת,מגוון סניפים,,,ללא,https://www.behatsdaa.org.il/category/productPage/180745
175129,טאבון פיצה גז חיצוני דגם SMARTER R16G,בהצדעה,ריהוט ואביזרים לגן ולמרפסת,699.0,699.0,0%,ריהוט ואביזרים לגן ולמרפסת,כולל משלוח עד הבית,,,ללא,https://www.behatsdaa.org.il/category/productPage/175129
84512,מערכת גן Bondi 2700 מבית SCAB,SCAB,ריהוט ואביזרים לגן ולמרפסת,180.0,2698.0,93%,ריהוט ואביזרים לגן ולמרפסת,מגוון סניפים,,,ללא,https://www.behatsdaa.org.il/category/productPage/84512
176698,נדנדה משולבת 3 תחנות מבית CANADA ATHLETICS,CANADA ATHLETICS,ריהוט ואביזרים לגן ולמרפסת,409.0,469.0,13%,ריהוט ואביזרים לגן ולמרפסת,מגוון סניפים,,,ללא,https://www.behatsdaa.org.il/category/productPage/176698
179006,בריכה 260X160X65 דגם 28271 INTEX,בהצדעה,ריהוט ואביזרים לגן ולמרפסת,219.0,334.0,34%,ריהוט ואביזרים לגן ולמרפסת,מגוון סניפים,,,ללא,https://www.behatsdaa.org.il/category/productPage/179006
180383,בריכת 366X99 דגם 26716 מבית INTEX,INTEX,ריהוט ואביזרים לגן ולמרפסת,859.0,859.0,0%,ריהוט ואביזרים לגן ולמרפסת,כולל משלוח עד הבית,,,ללא,https://www.behatsdaa.org.il/category/productPage/180383
61716,ערסל ראטן יחיד דגם 'מקסיקו' פלאיה,בהצדעה,ריהוט ואביזרים לגן ולמרפסת,579.0,579.0,0%,"ריהוט ואביזרים לגן ולמרפסת, מרהטים את הבית",כולל משלוח עד הבית,,,ללא,https://www.behatsdaa.org.il/category/productPage/61716
179012,בריכת 400X200X122 דגם 26790 INTEX,בהצדעה,ריהוט ואביזרים לגן ולמרפסת,1599.0,1599.0,0%,ריהוט ואביזרים לגן ולמרפסת,כולל משלוח עד הבית,,,ללא,https://www.behatsdaa.org.il/category/productPage/179012
149342,שולחן עגלה לטאבון VIKING משטח עליון 77x61 אמגזית,בהצדעה,ריהוט ואביזרים לגן ולמרפסת,699.0,748.0,7%,ריהוט ואביזרים לגן ולמרפסת,מגוון סניפים,,,ללא,https://www.behatsdaa.org.il/category/productPage/149342
150835,גריל גז 2 מבערים Red heat מבית אמגזית,אמגזית,ריהוט ואביזרים לגן ולמרפסת,115.0,999.0,88%,ריהוט ואביזרים לגן ולמרפסת,מגוון סניפים,,,ללא,https://www.behatsdaa.org.il/category/productPage/150835
185383,מערכת ישיבה 'רומא',בהצדעה,ריהוט ואביזרים לגן ולמרפסת,719.0,818.0,12%,ריהוט ואביזרים לגן ולמרפסת,מגוון סניפים,,,ללא,https://www.behatsdaa.org.il/category/productPage/185383
159393,פינת ישיבה דגם 'סנטוריני' מבית PLAYA,PLAYA,ריהוט ואביזרים לגן ולמרפסת,479.0,509.0,6%,ריהוט ואביזרים לגן ולמרפסת,כולל משלוח עד הבית,,,ללא,https://www.behatsdaa.org.il/category/productPage/159393
185228,פינת ישיבה דגם רום PLAYA,בהצדעה,ריהוט ואביזרים לגן ולמרפסת,1499.0,1499.0,0%,ריהוט ואביזרים לגן ולמרפסת,כולל משלוח עד הבית,,,ללא,https://www.behatsdaa.org.il/category/productPage/185228
178143,פינת ישיבה מאלומיניום דגם מלודי ARAVA,בהצדעה,ריהוט ואביזרים לגן ולמרפסת,1799.0,1799.0,0%,ריהוט ואביזרים לגן ולמרפסת,כולל משלוח עד הבית,,,ללא,https://www.behatsdaa.org.il/category/productPage/178143
168182,פינת אוכל דגם רוז עם שישה כיסאות מבית KETER,KETER,ריהוט ואביזרים לגן ולמרפסת,2250.0,2550.0,12%,ריהוט ואביזרים לגן ולמרפסת,מגוון סניפים,,,ללא,https://www.behatsdaa.org.il/category/productPage/168182
156280,גריל 3 מבערים Signet 320 Black מבית Broil King,Broil King,ריהוט ואביזרים לגן ולמרפסת,200.0,3684.0,95%,ריהוט ואביזרים לגן ולמרפסת,מגוון סניפים,,,ללא,https://www.behatsdaa.org.il/category/productPage/156280
29231,מערכת ישיבה 'קורפו' סטורג' מבית KETER,KETER,ריהוט ואביזרים לגן ולמרפסת,1139.0,1439.0,21%,ריהוט ואביזרים לגן ולמרפסת,מגוון סניפים,,,ללא,https://www.behatsdaa.org.il/category/productPage/29231
176560,מערכת ישיבה לגינה/מרפסת Bali מבית HomeTown,HomeTown,ריהוט ואביזרים לגן ולמרפסת,485.0,485.0,0%,ריהוט ואביזרים לגן ולמרפסת,כולל משלוח עד הבית,,,ללא,https://www.behatsdaa.org.il/category/productPage/176560
184182,בריכה מלבנית מתנפחת לחצר דוגמת Pool,בהצדעה,ריהוט ואביזרים לגן ולמרפסת,99.0,225.0,56%,ריהוט ואביזרים לגן ולמרפסת,כולל משלוח עד הבית,,,ללא,https://www.behatsdaa.org.il/category/productPage/184182
182189,מערכת ישיבה יוקרתית מאלומיניום דגם נאיה ARAVA,בהצדעה,ריהוט ואביזרים לגן ולמרפסת,1789.0,1789.0,0%,ריהוט ואביזרים לגן ולמרפסת,כולל משלוח עד הבית,,,ללא,https://www.behatsdaa.org.il/category/productPage/182189
153633,סט שולחן ו-4 כיסאות לגינה ולמרפסת דגם 'מאווי',סט שולחן ו,ריהוט ואביזרים לגן ולמרפסת,229.0,278.0,18%,ריהוט ואביזרים לגן ולמרפסת,מגוון סניפים,,,ללא,https://www.behatsdaa.org.il/category/productPage/153633
182014,טרמפולינה 3 מ' 10 פיט Cylivolk צבעים לבחירה,בהצדעה,ריהוט ואביזרים לגן ולמרפסת,629.0,979.0,36%,ריהוט ואביזרים לגן ולמרפסת,מגוון סניפים,,,ללא,https://www.behatsdaa.org.il/category/productPage/182014
72558,מכונת שטיפה 230 בר SPW SONAB,בהצדעה,ריהוט ואביזרים לגן ולמרפסת,599.0,599.0,0%,ריהוט ואביזרים לגן ולמרפסת,כולל משלוח עד הבית,,,ללא,https://www.behatsdaa.org.il/category/productPage/72558
60490,גריל גז 3 מבערים + כירת צד SONAB KYQ-K23ST,גריל גז 3 מבערים + כירת צד SONAB KYQ,ריהוט ואביזרים לגן ולמרפסת,599.0,599.0,0%,ריהוט ואביזרים לגן ולמרפסת,כולל משלוח עד הבית,,,ללא,https://www.behatsdaa.org.il/category/productPage/60490
155646,נדנדה לגינה 3 מושבים דגם מורן PLAYA,בהצדעה,ריהוט ואביזרים לגן ולמרפסת,269.0,269.0,0%,ריהוט ואביזרים לגן ולמרפסת,כולל משלוח עד הבית,,,ללא,https://www.behatsdaa.org.il/category/productPage/155646
138740,סט פינת אוכל 'ברצלונה'/'פורטוגל' PLAYA,בהצדעה,ריהוט ואביזרים לגן ולמרפסת,689.0,719.0,4%,ריהוט ואביזרים לגן ולמרפסת,כולל משלוח עד הבית,,,ללא,https://www.behatsdaa.org.il/category/productPage/138740
155430,פינת ישיבה דגם אוסטין PLAYA,בהצדעה,ריהוט ואביזרים לגן ולמרפסת,899.0,899.0,0%,ריהוט ואביזרים לגן ולמרפסת,כולל משלוח עד הבית,,,ללא,https://www.behatsdaa.org.il/category/productPage/155430
143220,שמשיה עגולה 3 מטר עם תאורת סולרית PLAYA,בהצדעה,ריהוט ואביזרים לגן ולמרפסת,199.0,289.0,31%,ריהוט ואביזרים לגן ולמרפסת,כולל משלוח עד הבית,,,ללא,https://www.behatsdaa.org.il/category/productPage/143220
168522,מערכת ישיבה לגינה דגם 'קליפורניה',בהצדעה,ריהוט ואביזרים לגן ולמרפסת,399.0,399.0,0%,ריהוט ואביזרים לגן ולמרפסת,כולל משלוח עד הבית,,,ללא,https://www.behatsdaa.org.il/category/productPage/168522
183307,נטורפוד - מארז חגים כולל משלוח,נטורפוד,מארזי מתנות,146.0,169.0,14%,מארזי מתנות,"הקטיף  9, עמק חפר",,,ללא,https://www.behatsdaa.org.il/category/productPage/183307
163749,נטורפוד - מארז יינות - כולל משלוח,נטורפוד,מארזי מתנות,141.0,152.0,7%,מארזי מתנות,"הקטיף  9, עמק חפר",,,ללא,https://www.behatsdaa.org.il/category/productPage/163749
108018,יקב גוש עציון - מארזי יין כולל משלוח עד הבית,יקב גוש עציון,מארזי מתנות,222.0,629.0,65%,מארזי מתנות,"תירוש  21, גוש עציון",,,יקב גוש עציון,https://www.behatsdaa.org.il/category/productPage/108018
60325,קפה עלית - שוברי הנחה באתר - למימוש חד פעמי,קפה עלית,מארזי מתנות,109.0,255.0,57%,"מארזי מתנות, תווי קניה והטבות כסף","הסיבים 47, פתח תקווה",,,ללא,https://www.behatsdaa.org.il/category/productPage/60325
171311,"שולחן עבודה מתכוונן וחשמלי LT-430 ד""ר גב",שולחן עבודה מתכוונן וחשמלי LT,מרהטים את הבית,629.0,758.0,17%,מרהטים את הבית,מגוון סניפים,,,ללא,https://www.behatsdaa.org.il/category/productPage/171311
169500,4 כיסאות פינת אוכל דגם 'גנואה' מבית RAZCO,RAZCO,מרהטים את הבית,259.0,259.0,0%,מרהטים את הבית,כולל משלוח עד הבית,,,ללא,https://www.behatsdaa.org.il/category/productPage/169500
185102,מיטה זוגית באריזת ואקום QUICK DREAM מבית Aeroflex,Aeroflex,מרהטים את הבית,2190.0,2389.0,8%,מרהטים את הבית,מגוון סניפים,,,ללא,https://www.behatsdaa.org.il/category/productPage/185102
149556,כיסא משרדי EXTRA COMFORT XL מבית ד״ר גב,בהצדעה,מרהטים את הבית,619.0,619.0,0%,מרהטים את הבית,כולל משלוח עד הבית,,,ללא,https://www.behatsdaa.org.il/category/productPage/149556
169408,"מיטת נוער מתכווננת U LIKE מבית ד""ר גב",בהצדעה,מרהטים את הבית,3390.0,3790.0,11%,מרהטים את הבית,מגוון סניפים,,,ללא,https://www.behatsdaa.org.il/category/productPage/169408
182431,זוג שולחנות סלון עגולים דמוי שיש - צבעים לבחירה,זוג שולחנות סלון עגולים דמוי שיש,מרהטים את הבית,179.0,179.0,0%,מרהטים את הבית,כולל משלוח עד הבית,,,ללא,https://www.behatsdaa.org.il/category/productPage/182431
151370,מערכת ישיבה לגינה 'ג'ולי' PLAYA,בהצדעה,מרהטים את הבית,539.0,539.0,0%,מרהטים את הבית,כולל משלוח עד הבית,,,ללא,https://www.behatsdaa.org.il/category/productPage/151370
176078,מזרן 160/200 TEMPUR PRO מבית Hollandia,Hollandia,מרהטים את הבית,5879.0,5879.0,0%,מרהטים את הבית,כולל משלוח עד הבית,,,ללא,https://www.behatsdaa.org.il/category/productPage/176078
63812,כורסת עיסוי דגם 'סטאר' מעור בונדר לדר KD-7209,כורסת עיסוי דגם 'סטאר' מעור בונדר לדר KD,מרהטים את הבית,799.0,799.0,0%,מרהטים את הבית,כולל משלוח עד הבית,,,ללא,https://www.behatsdaa.org.il/category/productPage/63812
159162,כיסא משרדי SELECT מבית ד״ר גב,בהצדעה,מרהטים את הבית,529.0,529.0,0%,מרהטים את הבית,כולל משלוח עד הבית,,,ללא,https://www.behatsdaa.org.il/category/productPage/159162
158291,"מזנון צף אלונה ALONA רוחב 180 ס""מ",בהצדעה,מרהטים את הבית,269.0,378.0,29%,מרהטים את הבית,מגוון סניפים,,,ללא,https://www.behatsdaa.org.il/category/productPage/158291
174929,מזרן ילדים דגם AERO KIDS מבית Aeroflex,Aeroflex,מרהטים את הבית,94.0,1490.0,94%,מרהטים את הבית,מגוון סניפים,,,ללא,https://www.behatsdaa.org.il/category/productPage/174929
101161,מזנון 'אולימפוס' בשני גדלים מבית RAZCO,RAZCO,מרהטים את הבית,529.0,619.0,15%,מרהטים את הבית,כולל משלוח עד הבית,,,ללא,https://www.behatsdaa.org.il/category/productPage/101161
180359,פוף + הדום Aero Puff מבית Aeroflex,Aeroflex,מרהטים את הבית,499.0,499.0,0%,מרהטים את הבית,כולל משלוח עד הבית,,,ללא,https://www.behatsdaa.org.il/category/productPage/180359
169510,רביעיית כיסאות בר 'פיניקס' מבית RAZCO,RAZCO,מרהטים את הבית,1019.0,1019.0,0%,מרהטים את הבית,כולל משלוח עד הבית,,,ללא,https://www.behatsdaa.org.il/category/productPage/169510
154837,ארון שירות 5 מדפים עם מראה ARTIZAN מבית BRADEX,BRADEX,מרהטים את הבית,329.0,478.0,31%,מרהטים את הבית,מגוון סניפים,,,ללא,https://www.behatsdaa.org.il/category/productPage/154837
172626,שולחן סלון במבוק דגם 'מרטין' מבית ראמוס,ראמוס,מרהטים את הבית,169.0,169.0,0%,מרהטים את הבית,כולל משלוח עד הבית,,,ללא,https://www.behatsdaa.org.il/category/productPage/172626
169869,כיסאות פינת אוכל מעוצבים דגם 'באזל' RAZCO,בהצדעה,מרהטים את הבית,1219.0,1219.0,0%,מרהטים את הבית,כולל משלוח עד הבית,,,ללא,https://www.behatsdaa.org.il/category/productPage/169869
154066,כיסא מנהלים SIHOO M57,בהצדעה,מרהטים את הבית,869.0,869.0,0%,מרהטים את הבית,כולל משלוח עד הבית,,,ללא,https://www.behatsdaa.org.il/category/productPage/154066
154559,כורסת טלוויזיה מבד ATLANTIC מבית ד״ר גב,בהצדעה,מרהטים את הבית,1149.0,1448.0,21%,מרהטים את הבית,מגוון סניפים,,,ללא,https://www.behatsdaa.org.il/category/productPage/154559
63442,מיטת נוער יחיד אורתופדית RAM DESIGN דגם 'הראל',בהצדעה,מרהטים את הבית,1499.0,1499.0,0%,מרהטים את הבית,כולל משלוח עד הבית,,,ללא,https://www.behatsdaa.org.il/category/productPage/63442
182171,מערכת ישיבה פינתית 2.7 מ’ שי-לי RAM DESIGN,מערכת ישיבה פינתית 2.7 מ’ שי,מרהטים את הבית,3869.0,3869.0,0%,מרהטים את הבית,כולל משלוח עד הבית,,,ללא,https://www.behatsdaa.org.il/category/productPage/182171
145205,ארון נעליים 2/3/4 תאים דגם HELEN מבית STAR SHOP,STAR SHOP,מרהטים את הבית,59.0,269.0,78%,מרהטים את הבית,מגוון סניפים,,,ללא,https://www.behatsdaa.org.il/category/productPage/145205
163969,"מיטה מתקפלת SLEEP-IN GUEST מבית ד""ר גב",מיטה מתקפלת SLEEP,מרהטים את הבית,629.0,779.0,19%,מרהטים את הבית,מגוון סניפים,,,ללא,https://www.behatsdaa.org.il/category/productPage/163969
163503,מתלה בגדים במבוק משולב מדפים 'פרננדו',בהצדעה,מרהטים את הבית,89.0,135.0,34%,מרהטים את הבית,כולל משלוח עד הבית,,,ללא,https://www.behatsdaa.org.il/category/productPage/163503
163486,ספה זוגית הנפתחת למיטת אירוח ZEE מבית Fluffies,Fluffies,מרהטים את הבית,1199.0,1498.0,20%,מרהטים את הבית,מגוון סניפים,,,ללא,https://www.behatsdaa.org.il/category/productPage/163486
149874,שידת לילה ראמוס דגם 'יותם',בהצדעה,מרהטים את הבית,109.0,119.0,8%,מרהטים את הבית,כולל משלוח עד הבית,,,ללא,https://www.behatsdaa.org.il/category/productPage/149874
180404,"מיטת נוער חשמלית PIXEL מבית ד""ר גב",בהצדעה,מרהטים את הבית,2890.0,3490.0,17%,מרהטים את הבית,מגוון סניפים,,,ללא,https://www.behatsdaa.org.il/category/productPage/180404
149875,שידת לילה ראמוס דגם ליאל',בהצדעה,מרהטים את הבית,129.0,129.0,0%,מרהטים את הבית,כולל משלוח עד הבית,,,ללא,https://www.behatsdaa.org.il/category/productPage/149875
184884,מושב בטיחות Neo בתקן I-SIZE מבית BabySafe,BabySafe,מרהטים את הבית,279.0,279.0,0%,מרהטים את הבית,כולל משלוח עד הבית,,,ללא,https://www.behatsdaa.org.il/category/productPage/184884
72049,ספת נוער PASHA נפתחת למיטה זוגית מבית BRADEX‏‏,בהצדעה,מרהטים את הבית,1549.0,1549.0,0%,מרהטים את הבית,מגוון סניפים,,,ללא,https://www.behatsdaa.org.il/category/productPage/72049
173810,כורסת מסאג' מקצועית עור בונדד לדר AMORA CF-188,כורסת מסאג' מקצועית עור בונדד לדר AMORA CF,מרהטים את הבית,2999.0,2999.0,0%,מרהטים את הבית,כולל משלוח עד הבית,,,ללא,https://www.behatsdaa.org.il/category/productPage/173810
185194,שולחן כתיבה ענק ונוח 140×70 ס״מ,בהצדעה,מרהטים את הבית,249.0,298.0,16%,מרהטים את הבית,מגוון סניפים,,,ללא,https://www.behatsdaa.org.il/category/productPage/185194
185191,ארון נעליים ענק עשוי עץ במבוק 11 מדפים,בהצדעה,מרהטים את הבית,189.0,238.0,21%,מרהטים את הבית,מגוון סניפים,,,ללא,https://www.behatsdaa.org.il/category/productPage/185191
172099,"כורסת טלוויזיה מבד MONTREAL מבית ד""ר גב",בהצדעה,מרהטים את הבית,1190.0,1489.0,20%,מרהטים את הבית,מגוון סניפים,,,ללא,https://www.behatsdaa.org.il/category/productPage/172099
157927,מזרן ויסקו ג'ל דגם ONIQO מבית Aeroflex,Aeroflex,מרהטים את הבית,1890.0,2389.0,21%,מרהטים את הבית,מגוון סניפים,,,ללא,https://www.behatsdaa.org.il/category/productPage/157927
184694,"ספת אירוח SOCIETY מבית ד""ר גב",בהצדעה,מרהטים את הבית,1890.0,2289.0,17%,מרהטים את הבית,מגוון סניפים,,,ללא,https://www.behatsdaa.org.il/category/productPage/184694
172286,מראת גוף חצי אובלית דגם 9006 מבית Step Up,Step Up,מרהטים את הבית,89.0,128.0,30%,מרהטים את הבית,מגוון סניפים,,,ללא,https://www.behatsdaa.org.il/category/productPage/172286
149868,שידת לילה ראמוס דגם 'צאלה',בהצדעה,מרהטים את הבית,109.0,125.0,13%,מרהטים את הבית,כולל משלוח עד הבית,,,ללא,https://www.behatsdaa.org.il/category/productPage/149868
146300,"כורסת עיסוי חשמלית EPIC מבית ד""ר גב",בהצדעה,מרהטים את הבית,3690.0,4180.0,12%,מרהטים את הבית,מגוון סניפים,,,ללא,https://www.behatsdaa.org.il/category/productPage/146300
177514,כיסא גיימרים אורטופדי במגוון צבעים מותג Swiss Sky,בהצדעה,מרהטים את הבית,189.0,248.0,24%,מרהטים את הבית,מגוון סניפים,,,ללא,https://www.behatsdaa.org.il/category/productPage/177514
59769,מזרן זוגי iDream Comfort מבית ד״ר גב,בהצדעה,מרהטים את הבית,2090.0,3240.0,35%,מרהטים את הבית,מגוון סניפים,,,ללא,https://www.behatsdaa.org.il/category/productPage/59769
176045,מכונת קפה נטענת ניידת מבית BPOWER‏,בהצדעה,"קמפינג, מחנאות וטיולים",109.0,138.0,21%,"קמפינג, מחנאות וטיולים",מגוון סניפים,,,ללא,https://www.behatsdaa.org.il/category/productPage/176045
40909,גריל פחמים ברזילאי ענק מבית Australia Chef,Australia Chef,"קמפינג, מחנאות וטיולים",365.0,484.0,25%,"קמפינג, מחנאות וטיולים",מגוון סניפים,,,ללא,https://www.behatsdaa.org.il/category/productPage/40909
182235,סט צידניות קשיחות Aztec 45L16L5.5L,בהצדעה,"קמפינג, מחנאות וטיולים",355.0,355.0,0%,"קמפינג, מחנאות וטיולים",כולל משלוח עד הבית,,,ללא,https://www.behatsdaa.org.il/category/productPage/182235
166816,"מזרן מתנפח IN&OUT AIR MATTRESS מבית ד""ר גב",בהצדעה,"קמפינג, מחנאות וטיולים",215.0,308.0,30%,"קמפינג, מחנאות וטיולים",מגוון סניפים,,,ללא,https://www.behatsdaa.org.il/category/productPage/166816
137278,מחצלת פיקניק בעיצוב פסים כחול לבן,בהצדעה,"קמפינג, מחנאות וטיולים",75.0,79.0,5%,"קמפינג, מחנאות וטיולים",כולל משלוח עד הבית,,,ללא,https://www.behatsdaa.org.il/category/productPage/137278
171233,אוהל ל-4 אנשים AMIGO ושני שקי שינה מבית GoNature,GoNature,"קמפינג, מחנאות וטיולים",209.0,248.0,16%,"קמפינג, מחנאות וטיולים",מגוון סניפים,,,ללא,https://www.behatsdaa.org.il/category/productPage/171233
160440,כירת קמפינג ניידת מפלדה Flamet מבית InnovaGoods,InnovaGoods,"קמפינג, מחנאות וטיולים",105.0,105.0,0%,"קמפינג, מחנאות וטיולים",כולל משלוח עד הבית,,,ללא,https://www.behatsdaa.org.il/category/productPage/160440
111444,מנשא לתינוק Baby Carrier SY מבית GO NATURE,GO NATURE,"קמפינג, מחנאות וטיולים",451.0,497.0,9%,"קמפינג, מחנאות וטיולים",מגוון סניפים,,,ללא,https://www.behatsdaa.org.il/category/productPage/111444
71095,סט 2 כיסאות מתקפלים ושולחן לקמפינג ולים GO NATURE,בהצדעה,"קמפינג, מחנאות וטיולים",209.0,209.0,0%,"קמפינג, מחנאות וטיולים",כולל משלוח עד הבית,,,ללא,https://www.behatsdaa.org.il/category/productPage/71095
182231,ערכת קפה Aztec Caffeine,בהצדעה,"קמפינג, מחנאות וטיולים",115.0,115.0,0%,"קמפינג, מחנאות וטיולים",כולל משלוח עד הבית,,,ללא,https://www.behatsdaa.org.il/category/productPage/182231
166609,שק שינה מקצועי יחיד לקמפינג,בהצדעה,"קמפינג, מחנאות וטיולים",59.0,88.0,33%,"קמפינג, מחנאות וטיולים",מגוון סניפים,,,ללא,https://www.behatsdaa.org.il/category/productPage/166609
150385,ציליית חוף מקצועית לזוג,בהצדעה,"קמפינג, מחנאות וטיולים",218.0,253.0,14%,"קמפינג, מחנאות וטיולים",מגוון סניפים,,,ללא,https://www.behatsdaa.org.il/category/productPage/150385
154683,עגלת חוף גלגלים רחבים ROCKY,בהצדעה,"קמפינג, מחנאות וטיולים",229.0,264.0,13%,"קמפינג, מחנאות וטיולים",מגוון סניפים,,,ללא,https://www.behatsdaa.org.il/category/productPage/154683
154457,אוהל פתיחה מהירה משושה זוגי PLAYA,בהצדעה,"קמפינג, מחנאות וטיולים",169.0,169.0,0%,"קמפינג, מחנאות וטיולים",כולל משלוח עד הבית,,,ללא,https://www.behatsdaa.org.il/category/productPage/154457
166516,תרמיל 32 ל'Palisade + פאוץ + בקבוק מבית GO NATURE,GO NATURE,"קמפינג, מחנאות וטיולים",219.0,244.0,10%,"קמפינג, מחנאות וטיולים",מגוון סניפים,,,ללא,https://www.behatsdaa.org.il/category/productPage/166516
151111,מחצלת סינתטית איכותית דגם PLAYA,בהצדעה,"קמפינג, מחנאות וטיולים",65.0,199.0,67%,"קמפינג, מחנאות וטיולים",כולל משלוח עד הבית,,,ללא,https://www.behatsdaa.org.il/category/productPage/151111
177524,סט שולחן וארבעה כיסאות בתיק 'באלי' מבית Swiss Sky,Swiss Sky,"קמפינג, מחנאות וטיולים",135.0,164.0,18%,"קמפינג, מחנאות וטיולים",מגוון סניפים,,,ללא,https://www.behatsdaa.org.il/category/productPage/177524
153117,ערכת קפה הברגה,בהצדעה,"קמפינג, מחנאות וטיולים",112.0,147.0,24%,"קמפינג, מחנאות וטיולים",מגוון סניפים,,,ללא,https://www.behatsdaa.org.il/category/productPage/153117
137251,אוהל פתיחה מהירה ירוק ג'ונגל PLAYA,בהצדעה,"קמפינג, מחנאות וטיולים",72.0,72.0,0%,"קמפינג, מחנאות וטיולים",כולל משלוח עד הבית,,,ללא,https://www.behatsdaa.org.il/category/productPage/137251
60488,ערכת קפה איכותית דגם AMIGO מבית GoNature,GoNature,"קמפינג, מחנאות וטיולים",109.0,138.0,21%,"קמפינג, מחנאות וטיולים",מגוון סניפים,,,ללא,https://www.behatsdaa.org.il/category/productPage/60488
60295,ערסל שכיבה זוגי פלאיה,בהצדעה,"קמפינג, מחנאות וטיולים",85.0,85.0,0%,"קמפינג, מחנאות וטיולים",כולל משלוח עד הבית,,,ללא,https://www.behatsdaa.org.il/category/productPage/60295
103613,גזיבו 3X3 פתיחה מהירה PLAYA,בהצדעה,"קמפינג, מחנאות וטיולים",189.0,189.0,0%,"קמפינג, מחנאות וטיולים",כולל משלוח עד הבית,,,ללא,https://www.behatsdaa.org.il/category/productPage/103613
164349,צילייה לים פלאיה,בהצדעה,"קמפינג, מחנאות וטיולים",105.0,149.0,30%,"קמפינג, מחנאות וטיולים",כולל משלוח עד הבית,,,ללא,https://www.behatsdaa.org.il/category/productPage/164349
178661,עגלת קמפינג מתקפלת לנשיאת ציוד BPOWER,בהצדעה,"קמפינג, מחנאות וטיולים",159.0,188.0,15%,"קמפינג, מחנאות וטיולים",מגוון סניפים,,,ללא,https://www.behatsdaa.org.il/category/productPage/178661
169814,גריל נייד SAHARA 2 Go Mini Gas BBQ - אמישראגז,גריל נייד SAHARA 2 Go Mini Gas BBQ,"קמפינג, מחנאות וטיולים",69.0,635.0,89%,"קמפינג, מחנאות וטיולים",כולל משלוח עד הבית,,,ללא,https://www.behatsdaa.org.il/category/productPage/169814
137263,מיטת שיזוף לים PLAYA,בהצדעה,"קמפינג, מחנאות וטיולים",85.0,135.0,37%,"קמפינג, מחנאות וטיולים",כולל משלוח עד הבית,,,ללא,https://www.behatsdaa.org.il/category/productPage/137263
71031,אוהל פתיחה מהירה ל-4 אנשים PLAYA,אוהל פתיחה מהירה ל,"קמפינג, מחנאות וטיולים",139.0,139.0,0%,"קמפינג, מחנאות וטיולים",כולל משלוח עד הבית,,,ללא,https://www.behatsdaa.org.il/category/productPage/71031
182280,אוהל בן רגע Aztec Zeus,בהצדעה,"קמפינג, מחנאות וטיולים",278.0,579.0,52%,"קמפינג, מחנאות וטיולים",כולל משלוח עד הבית,,,ללא,https://www.behatsdaa.org.il/category/productPage/182280
152656,מיטת שיזוף 5 מצבים דגם 'מיורקה',בהצדעה,"קמפינג, מחנאות וטיולים",299.0,299.0,0%,"קמפינג, מחנאות וטיולים",כולל משלוח עד הבית,,,ללא,https://www.behatsdaa.org.il/category/productPage/152656
156233,זוג קטלני יתושים ניידים ונייחים נטענים,בהצדעה,"קמפינג, מחנאות וטיולים",40.0,69.0,42%,"קמפינג, מחנאות וטיולים",מגוון סניפים,,,ללא,https://www.behatsdaa.org.il/category/productPage/156233
171262,צידנית גלגלים יוקרתית 50 ליטר מתקפלת POLO SWISS,בהצדעה,"קמפינג, מחנאות וטיולים",75.0,104.0,28%,"קמפינג, מחנאות וטיולים",מגוון סניפים,,,ללא,https://www.behatsdaa.org.il/category/productPage/171262
165839,מקרר/צידנית משפחתית פלסטיק חשמלית דופן כפולה לרכב,בהצדעה,"קמפינג, מחנאות וטיולים",144.0,173.0,17%,"קמפינג, מחנאות וטיולים",מגוון סניפים,,,ללא,https://www.behatsdaa.org.il/category/productPage/165839
183298,שולחן מתקפל Mini Table + כירת גז מבית GoNature,GoNature,"קמפינג, מחנאות וטיולים",119.0,158.0,25%,"קמפינג, מחנאות וטיולים",מגוון סניפים,,,ללא,https://www.behatsdaa.org.il/category/productPage/183298
183285,צילייה 2X2 + זוג כיסאות Ocean chair מבית GoNature,GoNature,"קמפינג, מחנאות וטיולים",319.0,358.0,11%,"קמפינג, מחנאות וטיולים",מגוון סניפים,,,ללא,https://www.behatsdaa.org.il/category/productPage/183285
184715,איירפודס Apple AirPods 4 אוזניות אלחוטיות,בהצדעה,מחשבים ואלקטרוניקה,399.0,399.0,0%,מחשבים ואלקטרוניקה,כולל משלוח עד הבית,,,ללא,https://www.behatsdaa.org.il/category/productPage/184715
185197,מחשב Dell Latitude 5320 מעבד I7 דיסק 256 מחודש,בהצדעה,מחשבים ואלקטרוניקה,2399.0,2399.0,0%,מחשבים ואלקטרוניקה,כולל משלוח עד הבית,,,ללא,https://www.behatsdaa.org.il/category/productPage/185197
184107,טלוויזיה “43 SAMSUNG SMART LED UE43F6000 FHD,בהצדעה,מחשבים ואלקטרוניקה,719.0,719.0,0%,מחשבים ואלקטרוניקה,כולל משלוח עד הבית,,,ללא,https://www.behatsdaa.org.il/category/productPage/184107
184747,טלוויזיה חכמה “50 SONAB LED FHD 50S3000F14,בהצדעה,מחשבים ואלקטרוניקה,699.0,699.0,0%,מחשבים ואלקטרוניקה,כולל משלוח עד הבית,,,ללא,https://www.behatsdaa.org.il/category/productPage/184747
184732,טלוויזיה חכמה SAMSUNG MINI LED “65 UE65M70HAUXIL,בהצדעה,מחשבים ואלקטרוניקה,2399.0,2399.0,0%,מחשבים ואלקטרוניקה,כולל משלוח עד הבית,,,ללא,https://www.behatsdaa.org.il/category/productPage/184732
183889,מחשב נייד HP 840G7 I5 16/512 דור 10 - מחודש‬,מחשב נייד HP 840G7 I5 16/512 דור 10,מחשבים ואלקטרוניקה,179.0,1599.0,89%,מחשבים ואלקטרוניקה,כולל משלוח עד הבית,,,ללא,https://www.behatsdaa.org.il/category/productPage/183889
183241,"טלוויזיה ""85 TCL 85C7L QLED MINI LED 4K",בהצדעה,מחשבים ואלקטרוניקה,8729.0,8729.0,0%,מחשבים ואלקטרוניקה,כולל משלוח עד הבית,,,ללא,https://www.behatsdaa.org.il/category/productPage/183241
183664,"טלוויזיה חכמה ""75 Samsung QE75Q8F QLED 4K Q8F",בהצדעה,מחשבים ואלקטרוניקה,2890.0,2890.0,0%,מחשבים ואלקטרוניקה,כולל משלוח עד הבית,,,ללא,https://www.behatsdaa.org.il/category/productPage/183664
181979,מחשב נייד HP AI ULTRA 7 16/512GB עודפים,בהצדעה,מחשבים ואלקטרוניקה,179.0,3499.0,95%,מחשבים ואלקטרוניקה,כולל משלוח עד הבית,,,ללא,https://www.behatsdaa.org.il/category/productPage/181979
182310,טלוויזיה חכמה Samsung 75UH8000H סמסונג 75 אינץ',בהצדעה,מחשבים ואלקטרוניקה,2490.0,2490.0,0%,מחשבים ואלקטרוניקה,כולל משלוח עד הבית,,,ללא,https://www.behatsdaa.org.il/category/productPage/182310
173779,"‏טאבלט ""11 Lenovo Idea Tab ZAFR0412IL 4GB/128GB",בהצדעה,מחשבים ואלקטרוניקה,885.0,885.0,0%,מחשבים ואלקטרוניקה,כולל משלוח עד הבית,,,ללא,https://www.behatsdaa.org.il/category/productPage/173779
183513,מחשב נייד Lenovo Ideapad 5 16IAL10 Ultra 7 עודפים,בהצדעה,מחשבים ואלקטרוניקה,3390.0,3429.0,1%,מחשבים ואלקטרוניקה,מגוון סניפים,,,ללא,https://www.behatsdaa.org.il/category/productPage/183513
183964,"מחשב נייד Lenovo 15"" 83K100L6IV מעבד i5",בהצדעה,מחשבים ואלקטרוניקה,2869.0,2869.0,0%,מחשבים ואלקטרוניקה,כולל משלוח עד הבית,,,ללא,https://www.behatsdaa.org.il/category/productPage/183964
183974,"מחשב נייד Lenovo 15"" 83K100KMIV מעבד i7",בהצדעה,מחשבים ואלקטרוניקה,3199.0,3199.0,0%,מחשבים ואלקטרוניקה,כולל משלוח עד הבית,,,ללא,https://www.behatsdaa.org.il/category/productPage/183974
180366,מחשב I5 LENOVO מסך 24 כולל מקלדת ועכבר,בהצדעה,מחשבים ואלקטרוניקה,179.0,1199.0,85%,מחשבים ואלקטרוניקה,כולל משלוח עד הבית,,,ללא,https://www.behatsdaa.org.il/category/productPage/180366
183669,מחשב נייד Lenovo IdeaPad Slim 3i I5 16/256GB,בהצדעה,מחשבים ואלקטרוניקה,179.0,2849.0,94%,מחשבים ואלקטרוניקה,כולל משלוח עד הבית,,,ללא,https://www.behatsdaa.org.il/category/productPage/183669
182311,טלוויזיה חכמה SAMSUNG דגם 75M70H מסך 75 אינץ',בהצדעה,מחשבים ואלקטרוניקה,3090.0,3090.0,0%,מחשבים ואלקטרוניקה,כולל משלוח עד הבית,,,ללא,https://www.behatsdaa.org.il/category/productPage/182311
183888,מחשב נייד HP 840G8 I5 דור 11 זיכרון 16/512 מחודש,בהצדעה,מחשבים ואלקטרוניקה,179.0,1799.0,90%,מחשבים ואלקטרוניקה,כולל משלוח עד הבית,,,ללא,https://www.behatsdaa.org.il/category/productPage/183888
181526,טלוויזיה “85 SONAB S85Q4000A15 4K QLED SMART,בהצדעה,מחשבים ואלקטרוניקה,1999.0,1999.0,0%,מחשבים ואלקטרוניקה,כולל משלוח עד הבית,,,ללא,https://www.behatsdaa.org.il/category/productPage/181526
183794,טלוויזיה “43 Hisense QLED SMART 43E79Q,בהצדעה,מחשבים ואלקטרוניקה,719.0,719.0,0%,מחשבים ואלקטרוניקה,כולל משלוח עד הבית,,,ללא,https://www.behatsdaa.org.il/category/productPage/183794
182313,טלוויזיה חכמה SAMSUNG דגם 85M70H מסך 85 אינץ',בהצדעה,מחשבים ואלקטרוניקה,4890.0,4890.0,0%,מחשבים ואלקטרוניקה,כולל משלוח עד הבית,,,ללא,https://www.behatsdaa.org.il/category/productPage/182313
182315,טלוויזיה חכמה QLED 75″ 75E79Q הייסנס Hisense,בהצדעה,מחשבים ואלקטרוניקה,2299.0,2299.0,0%,מחשבים ואלקטרוניקה,כולל משלוח עד הבית,,,ללא,https://www.behatsdaa.org.il/category/productPage/182315
173560,טלוויזיה 75″ QLED TV 4K UHD P75QOS3 PROSONIC,בהצדעה,מחשבים ואלקטרוניקה,2379.0,2379.0,0%,מחשבים ואלקטרוניקה,כולל משלוח עד הבית,,,ללא,https://www.behatsdaa.org.il/category/productPage/173560
181418,סמארטפון Xiaomi 17T 5G 12+256GB EU,בהצדעה,מחשבים ואלקטרוניקה,2029.0,2029.0,0%,מחשבים ואלקטרוניקה,כולל משלוח עד הבית,,,ללא,https://www.behatsdaa.org.il/category/productPage/181418
184345,מחשב נייד Dell מסך 14 מעבד I7 זיכרון 16 מחודש,בהצדעה,מחשבים ואלקטרוניקה,179.0,1699.0,89%,מחשבים ואלקטרוניקה,כולל משלוח עד הבית,,,ללא,https://www.behatsdaa.org.il/category/productPage/184345
177387,‏אורגנית Yamaha PSR-E383,‏אורגנית Yamaha PSR,מחשבים ואלקטרוניקה,829.0,829.0,0%,מחשבים ואלקטרוניקה,כולל משלוח עד הבית,,,ללא,https://www.behatsdaa.org.il/category/productPage/177387
153320,בידורית PARTYBOX CLUB 120 JBL,בהצדעה,מחשבים ואלקטרוניקה,859.0,859.0,0%,מחשבים ואלקטרוניקה,כולל משלוח עד הבית,,,ללא,https://www.behatsdaa.org.il/category/productPage/153320
176472,טלוויזיה חכמה DLED 40″ 40A49Q הייסנס Hisense,בהצדעה,מחשבים ואלקטרוניקה,499.0,499.0,0%,מחשבים ואלקטרוניקה,כולל משלוח עד הבית,,,ללא,https://www.behatsdaa.org.il/category/productPage/176472
182336,"מחשב נייד ""14 Lenovo ThinkPad T480 8/256GB מחודש",בהצדעה,מחשבים ואלקטרוניקה,179.0,1229.0,85%,מחשבים ואלקטרוניקה,כולל משלוח עד הבית,,,ללא,https://www.behatsdaa.org.il/category/productPage/182336
178034,"רמקול קריוקי עוצמתי בגודל ""12",בהצדעה,מחשבים ואלקטרוניקה,265.0,265.0,0%,מחשבים ואלקטרוניקה,כולל משלוח עד הבית,,,ללא,https://www.behatsdaa.org.il/category/productPage/178034
183878,מחשב נייד Dell Latitude 7440 מעבד I7 דור 13 מחודש,בהצדעה,מחשבים ואלקטרוניקה,179.0,3999.0,96%,מחשבים ואלקטרוניקה,כולל משלוח עד הבית,,,ללא,https://www.behatsdaa.org.il/category/productPage/183878
181874,מחשב ThinkPad T490 מעבד I5 דור 10 LENOVO מחודש,בהצדעה,מחשבים ואלקטרוניקה,179.0,1499.0,88%,מחשבים ואלקטרוניקה,כולל משלוח עד הבית,,,ללא,https://www.behatsdaa.org.il/category/productPage/181874
173713,מחשב נייד X1 YOGA LENOVO I7 במבחר צבעים - מחודש,מחשב נייד X1 YOGA LENOVO I7 במבחר צבעים,מחשבים ואלקטרוניקה,179.0,1699.0,89%,מחשבים ואלקטרוניקה,כולל משלוח עד הבית,,,ללא,https://www.behatsdaa.org.il/category/productPage/173713
183239,"טלוויזיה ""75 TCL 75P8L QLED MINI LED 4K",בהצדעה,מחשבים ואלקטרוניקה,4099.0,4099.0,0%,מחשבים ואלקטרוניקה,כולל משלוח עד הבית,,,ללא,https://www.behatsdaa.org.il/category/productPage/183239
185198,מחשב נייד Lenovo ThinkPad T14s Gen 1 (מחודש כחדש),בהצדעה,מחשבים ואלקטרוניקה,2149.0,2149.0,0%,מחשבים ואלקטרוניקה,כולל משלוח עד הבית,,,ללא,https://www.behatsdaa.org.il/category/productPage/185198
185071,טאבלט Lenovo Tab One  דגם ZAF00270IL,בהצדעה,מחשבים ואלקטרוניקה,579.0,579.0,0%,מחשבים ואלקטרוניקה,כולל משלוח עד הבית,,,ללא,https://www.behatsdaa.org.il/category/productPage/185071
183254,Dell Pro 14 PV14250 1TB 150U - יבואן רשמי,Dell Pro 14 PV14250 1TB 150U,מחשבים ואלקטרוניקה,0.0,0.0,0%,מחשבים ואלקטרוניקה,מגוון סניפים,,,ללא,https://vip-laptop.bizpro.co.il/product/dell-pro-14-essential-pv14250-3/
184731,טלוויזיה חכמה SAMSUNG MINI LED “75 UE75M70HAUXIL,בהצדעה,מחשבים ואלקטרוניקה,2999.0,2999.0,0%,מחשבים ואלקטרוניקה,כולל משלוח עד הבית,,,ללא,https://www.behatsdaa.org.il/category/productPage/184731
184807,"מחשב ""14 DELL Latitude 7420 I5 16/256GB מחודש",בהצדעה,מחשבים ואלקטרוניקה,1399.0,1399.0,0%,מחשבים ואלקטרוניקה,כולל משלוח עד הבית,,,ללא,https://www.behatsdaa.org.il/category/productPage/184807
185454,מצלמה דיגיטלית קומפקטית Canon PowerShot SX740 HS,בהצדעה,מחשבים ואלקטרוניקה,2289.0,2289.0,0%,מחשבים ואלקטרוניקה,כולל משלוח עד הבית,,,ללא,https://www.behatsdaa.org.il/category/productPage/185454
185456,מצלמה דיג' עברית Canon PowerShot G7 X Mark III IS,בהצדעה,מחשבים ואלקטרוניקה,4299.0,4299.0,0%,מחשבים ואלקטרוניקה,כולל משלוח עד הבית,,,ללא,https://www.behatsdaa.org.il/category/productPage/185456
184808,מחשב Lenovo ThinkPad L13 Yoga G2 16/256GB מחודש,בהצדעה,מחשבים ואלקטרוניקה,1729.0,1729.0,0%,מחשבים ואלקטרוניקה,כולל משלוח עד הבית,,,ללא,https://www.behatsdaa.org.il/category/productPage/184808
173206,"טאבלט מיוחד לילדים 10"" עם כיסוי קשיח",בהצדעה,מחשבים ואלקטרוניקה,499.0,499.0,0%,מחשבים ואלקטרוניקה,כולל משלוח עד הבית,,,ללא,https://www.behatsdaa.org.il/category/productPage/173206
154576,Dell Pro 15 PV15250 i7 Win11H - יבואן רשמי,Dell Pro 15 PV15250 i7 Win11H,מחשבים ואלקטרוניקה,0.0,0.0,0%,מחשבים ואלקטרוניקה,מגוון סניפים,,,ללא,https://vip-laptop.bizpro.co.il/product/dell-vostro-3530/
183799,Dell Pro 15 Essential PV15250 i5 512GB יבואן רשמי,בהצדעה,מחשבים ואלקטרוניקה,0.0,0.0,0%,מחשבים ואלקטרוניקה,מגוון סניפים,,,ללא,https://vip-laptop.bizpro.co.il/product/dell-pro-15-essential-pv15250-2/
142416,קרליין Careline -שובר 200 ₪ לאתר במימוש חד פעמי,קרליין Careline,תווי קניה והטבות כסף,130.0,130.0,0%,תווי קניה והטבות כסף,"החרש 10, הוד השרון",,,ללא,https://www.behatsdaa.org.il/category/productPage/142416
110697,ZER4U - שובר קנייה 200 ₪ למימוש חד פעמי,ZER4U,תווי קניה והטבות כסף,125.0,125.0,0%,תווי קניה והטבות כסף,מגוון סניפים,,,zer4u,https://www.behatsdaa.org.il/category/productPage/110697
68490,מיננה- שובר קנייה 250 ₪ לאתר למימוש חד פעמי,מיננה,תווי קניה והטבות כסף,170.0,170.0,0%,תווי קניה והטבות כסף,מגוון סניפים,,,מיננה אונליין,https://www.behatsdaa.org.il/category/productPage/68490
71205,לבידו - שובר 100 ₪ למימוש חד פעמי באתר,לבידו,תווי קניה והטבות כסף,69.0,69.0,0%,"תווי קניה והטבות כסף, יופי וטיפוח","הנפח 2, מגדל העמק",,,לבידו,https://www.behatsdaa.org.il/category/productPage/71205
65694,אליסיום- elysium- שובר כספי בשווי 200 ₪,אליסיום,תווי קניה והטבות כסף,127.0,127.0,0%,תווי קניה והטבות כסף,מגוון סניפים,,,אליסיום,https://www.behatsdaa.org.il/category/productPage/65694
110418,שובר קנייה לרשת FOOD APPEAL בשווי 200 ₪,בהצדעה,תווי קניה והטבות כסף,132.0,132.0,0%,תווי קניה והטבות כסף,"שלום מנצור 1, ראש העין",,,ללא,https://www.behatsdaa.org.il/category/productPage/110418
145744,דומינו'ס פיצה- שובר קנייה 100 ₪,דומינו'ס פיצה,תווי קניה והטבות כסף,65.0,88.0,26%,"תווי קניה והטבות כסף, טעים, מהיר, משתלם",מגוון סניפים,,,דומינוס פיצה אונליין,https://www.behatsdaa.org.il/category/productPage/145744
143751,מקדונלד'ס - שובר 100 ₪ - למימוש חד פעמי,מקדונלד'ס,תווי קניה והטבות כסף,70.0,70.0,0%,תווי קניה והטבות כסף,מגוון סניפים,,,מקדונלדס אונליין,https://www.behatsdaa.org.il/category/productPage/143751
98091,תבליני אביבי-שובר 200 ₪ לקנייה באתר-מימוש חד פעמי,תבליני אביבי,תווי קניה והטבות כסף,129.0,300.0,57%,"תווי קניה והטבות כסף, טעים, מהיר, משתלם","האדום 23, גדרה",,,ללא,https://www.behatsdaa.org.il/category/productPage/98091
108585,Shookit- שובר בשווי 50 ₪/80 ₪ לאתר למימוש חד פעמי,Shookit,תווי קניה והטבות כסף,35.0,55.0,36%,"תווי קניה והטבות כסף, טעים, מהיר, משתלם","משק  38, אביטל",,,שוקיט- shookit,https://www.behatsdaa.org.il/category/productPage/108585
58144,2 חב' עדשות מגע חודשיות HORIZONGEL - אופטיקנה,2 חב' עדשות מגע חודשיות HORIZONGEL,תווי קניה והטבות כסף,319.0,319.0,0%,"תווי קניה והטבות כסף, אופטיקנה","אודם 12, פתח תקווה",,,ללא,https://www.behatsdaa.org.il/category/productPage/58144
99624,שובר 90 ₪ הנחה לספרי תמונות בלופה,בהצדעה,תווי קניה והטבות כסף,2.0,2.0,0%,"תווי קניה והטבות כסף, מוצרים בעיצוב אישי","תוצרת הארץ 3, פתח תקווה",,,ללא,https://www.behatsdaa.org.il/category/productPage/99624
147475,פיתוח והדפסת תמונות - אתר זומה מבית דפוס בארי,דפוס בארי,תווי קניה והטבות כסף,48.0,84.0,43%,"תווי קניה והטבות כסף, מוצרים בעיצוב אישי","ההגנה  23, בארי",,,ללא,https://www.behatsdaa.org.il/category/productPage/147475
148798,שובר קנייה בשווי 300 ₪ למימוש ברשת דינמיקה,בהצדעה,תווי קניה והטבות כסף,222.0,222.0,0%,תווי קניה והטבות כסף,"מיקומים שונים , מיקומים שונים",,,ללא,https://www.behatsdaa.org.il/category/productPage/148798
182628,מכון נועם - איתך בדרך להצלחה,מכון נועם,הנחות במעמד חיוב -MAX בהצדעה,0.0,0.0,0%,"הנחות במעמד חיוב -MAX בהצדעה, הטבות MAX",מגוון סניפים,,,ללא,https://be-plus.co.il/product/18138:%D7%9E%D7%9B%D7%95%D7%9F%20%D7%A0%D7%95%D7%A2%D7%9D-%20%D7%90%D7%99%D7%AA%D7%9A%20%D7%91%D7%93%D7%A8%D7%9A%20%D7%9C%D7%94%D7%A6%D7%9C%D7%97%D7%94
182632,בידוד פלוס - מזגנים וציוד למיזוג אוויר,בידוד פלוס,הנחות במעמד חיוב -MAX בהצדעה,0.0,0.0,0%,"הנחות במעמד חיוב -MAX בהצדעה, הטבות MAX",מגוון סניפים,,,ללא,https://be-plus.co.il/product/18244:%D7%91%D7%99%D7%93%D7%95%D7%93%20%D7%A4%D7%9C%D7%95%D7%A1
182633,שקם אלקטריק,בהצדעה,הנחות במעמד חיוב -MAX בהצדעה,0.0,0.0,0%,"הנחות במעמד חיוב -MAX בהצדעה, הטבות MAX",מגוון סניפים,,,ללא,https://be-plus.co.il/product/14509:%D7%A9%D7%A7%D7%9D%20%D7%90%D7%9C%D7%A7%D7%98%D7%A8%D7%99%D7%A7
182634,רהיטי אולימפיה,בהצדעה,הנחות במעמד חיוב -MAX בהצדעה,0.0,0.0,0%,"הנחות במעמד חיוב -MAX בהצדעה, הטבות MAX",מגוון סניפים,,,ללא,https://be-plus.co.il/product/17443:%D7%A8%D7%94%D7%99%D7%98%D7%99%20%D7%90%D7%95%D7%9C%D7%99%D7%9E%D7%99%D7%A4%D7%99%D7%94-%20olympia
182636,חיש חי-ציוד ומזון לחיות מחמד,חיש חי,הנחות במעמד חיוב -MAX בהצדעה,0.0,0.0,0%,"הנחות במעמד חיוב -MAX בהצדעה, הטבות MAX",מגוון סניפים,,,ללא,https://be-plus.co.il/product/15402:%D7%97%D7%99%D7%A9%20%D7%97%D7%99
182637,e.BATH- מוצרי אמבטיה בשיווק ישיר,e.BATH,הנחות במעמד חיוב -MAX בהצדעה,0.0,0.0,0%,"הנחות במעמד חיוב -MAX בהצדעה, הטבות MAX",מגוון סניפים,,,ללא,https://be-plus.co.il/product/16062:E.bath
182638,אווזי הזהב - מסעדת בשרים ישראלית,אווזי הזהב,הנחות במעמד חיוב -MAX בהצדעה,0.0,0.0,0%,"הנחות במעמד חיוב -MAX בהצדעה, הטבות MAX",מגוון סניפים,,,אווזי,https://be-plus.co.il/product/6984:%D7%90%D7%95%D7%95%D7%96%20%D7%94%D7%96%D7%94%D7%91
182641,תות בשדה - פירות וירקות ישירות מהשדה,תות בשדה,הנחות במעמד חיוב -MAX בהצדעה,0.0,0.0,0%,"הנחות במעמד חיוב -MAX בהצדעה, הטבות MAX",מגוון סניפים,,,ללא,https://be-plus.co.il/product/10695:%D7%AA%D7%95%D7%AA%20%D7%91%D7%A9%D7%93%D7%94
26270,share spa  - שר ספא מלון הרודס הרצליה,share spa,מבצעי ספא מפנקים,310.0,756.0,59%,מבצעי ספא מפנקים,"העוגן  11, הרצליה",,,share spa דן כרמל חיפה,https://www.behatsdaa.org.il/category/productPage/26270
27534,Share Spa - שר ספא הרודס תל אביב,Share Spa,מבצעי ספא מפנקים,267.0,668.0,60%,מבצעי ספא מפנקים,"הירקון 155, תל אביב - יפו",,,share spa דן כרמל חיפה,https://www.behatsdaa.org.il/category/productPage/27534
42725,Share Spa - שר ספא ניקס הרצליה,Share Spa,מבצעי ספא מפנקים,344.0,823.0,58%,מבצעי ספא מפנקים,"אבא אבן 9, הרצליה",,,share spa דן כרמל חיפה,https://www.behatsdaa.org.il/category/productPage/42725
138147,Share Spa - שר ספא - מלון סיטי טאוור רמת גן,Share Spa,מבצעי ספא מפנקים,344.0,823.0,58%,מבצעי ספא מפנקים,"זיסמן שלום  14, רמת גן",,,share spa דן כרמל חיפה,https://www.behatsdaa.org.il/category/productPage/138147
167564,Share Spa - שר ספא מלון דן ירושלים,Share Spa,מבצעי ספא מפנקים,310.0,756.0,59%,מבצעי ספא מפנקים,"לח""י  32, ירושלים",,,share spa דן כרמל חיפה,https://www.behatsdaa.org.il/category/productPage/167564
23654,Share Spa - שר ספא מלון יו קורל ביץ' אילת,Share Spa,מבצעי ספא מפנקים,267.0,668.0,60%,מבצעי ספא מפנקים,"איזמרגד , אילת",,,share spa דן כרמל חיפה,https://www.behatsdaa.org.il/category/productPage/23654
170194,Share Spa - שר ספא מלון רוקסון אילת,Share Spa,מבצעי ספא מפנקים,267.0,668.0,60%,מבצעי ספא מפנקים,"אריקה  4, אילת",,,share spa דן כרמל חיפה,https://www.behatsdaa.org.il/category/productPage/170194
95529,JAH SPA - ספא דן פנורמה אילת,JAH SPA,מבצעי ספא מפנקים,286.0,572.0,50%,מבצעי ספא מפנקים,"תרשיש 18, אילת",,,JAH SPA דן אילת,https://www.behatsdaa.org.il/category/productPage/95529
57631,ספא דן אכדיה - הרצליה,ספא דן אכדיה,מבצעי ספא מפנקים,451.0,1152.0,61%,מבצעי ספא מפנקים,"רמת ים  122, הרצליה",,,ללא,https://www.behatsdaa.org.il/category/productPage/57631
146233,אלמונד ספא- מלון בוטיק אלמונד,אלמונד ספא,מבצעי ספא מפנקים,426.0,1104.0,61%,מבצעי ספא מפנקים,"השיירה 1, ירושלים",,,אלמונד ספא- מלון אלמונד,https://www.behatsdaa.org.il/category/productPage/146233
149060,דריה ספא- מלון נבל דוד רמדה נתניה,דריה ספא,מבצעי ספא מפנקים,349.0,860.0,59%,מבצעי ספא מפנקים,"בן עמי 41, נתניה",,,ללא,https://www.behatsdaa.org.il/category/productPage/149060
153602,דריה ספא- מלון נבל דוד גליל ריזורט,דריה ספא,מבצעי ספא מפנקים,426.0,1046.0,59%,מבצעי ספא מפנקים,"מלון נבל דוד גליל – כנרת  , כפר נחום",,,ללא,https://www.behatsdaa.org.il/category/productPage/153602
57624,JAH SPA - דן קיסריה ריזורט,JAH SPA,מבצעי ספא מפנקים,451.0,1152.0,61%,מבצעי ספא מפנקים,"רוטשילד 1, קיסריה",,,JAH SPA דן אילת,https://www.behatsdaa.org.il/category/productPage/57624
135614,ספא מלון בוטיק מאייר האוס תל אביב- mayer-house,ספא מלון בוטיק מאייר האוס תל אביב,מבצעי ספא מפנקים,298.0,717.0,58%,מבצעי ספא מפנקים,"דיזינגוף 98, תל אביב - יפו",,,ללא,https://www.behatsdaa.org.il/category/productPage/135614
100438,ספא מלון ורט לגון נתניה,בהצדעה,מבצעי ספא מפנקים,315.0,804.0,61%,מבצעי ספא מפנקים,"קהילת צפת 1, נתניה",,,ללא,https://www.behatsdaa.org.il/category/productPage/100438
58008,ספא מלון לאונרדו קלאב טבריה,בהצדעה,מבצעי ספא מפנקים,204.0,601.0,66%,מבצעי ספא מפנקים,"הבנים 1, טבריה",,,ללא,https://www.behatsdaa.org.il/category/productPage/58008
57627,THE spa - דיוויד אינטרקונטיננטל,THE spa,מבצעי ספא מפנקים,451.0,1152.0,61%,מבצעי ספא מפנקים,"פרופ' יחזקאל קויפמן 12, תל אביב - יפו",,,ללא,https://www.behatsdaa.org.il/category/productPage/57627
66141,דומינו'ס- 2 משפחתיות+ נלווה/קינוח+ שתייה,דומינו'ס,"טעים, מהיר, משתלם",97.0,137.0,29%,"טעים, מהיר, משתלם",מגוון סניפים,,,ללא,https://www.behatsdaa.org.il/category/productPage/66141
153946,בורגראנץ'- ארוחת קומבינה משפחתית,בורגראנץ',"טעים, מהיר, משתלם",99.0,107.0,7%,"טעים, מהיר, משתלם",מגוון סניפים,,,ללא,https://www.behatsdaa.org.il/category/productPage/153946
151499,רשת אצה - שובר 150 ₪ - למימוש חד פעמי,רשת אצה,"טעים, מהיר, משתלם",95.0,123.0,23%,"טעים, מהיר, משתלם",מגוון סניפים,,,ללא,https://www.behatsdaa.org.il/category/productPage/151499
61198,rebar - משקה M,rebar,"טעים, מהיר, משתלם",21.0,21.0,0%,"טעים, מהיר, משתלם",מגוון סניפים,,,ללא,https://www.behatsdaa.org.il/category/productPage/61198
167264,פיצה האט- פיצה GIANT- איסוף בלבד,פיצה האט,"טעים, מהיר, משתלם",125.0,125.0,0%,"טעים, מהיר, משתלם",מגוון סניפים,,,ללא,https://www.behatsdaa.org.il/category/productPage/167264
141102,פיצה סטורי,בהצדעה,"טעים, מהיר, משתלם",22.0,217.0,90%,"טעים, מהיר, משתלם",מגוון סניפים,,,ללא,https://www.behatsdaa.org.il/category/productPage/141102
138662,רשת אצה - קומבינציה מיקס,רשת אצה,"טעים, מהיר, משתלם",80.0,80.0,0%,"טעים, מהיר, משתלם",מגוון סניפים,,,ללא,https://www.behatsdaa.org.il/category/productPage/138662
112806,שובר כסף בשווי 150 ₪ לרכישה באתר YUMMI,בהצדעה,"טעים, מהיר, משתלם",120.0,120.0,0%,"טעים, מהיר, משתלם",". , מיקומים שונים",,,ללא,https://www.behatsdaa.org.il/category/productPage/112806
137378,פרשוק - שובר 200 ₪ לאתר למימוש חד פעמי,פרשוק,"טעים, מהיר, משתלם",129.0,155.0,17%,"טעים, מהיר, משתלם","משמר איילון 1, משמר איילון",,,ללא,https://www.behatsdaa.org.il/category/productPage/137378
66294,פיצה האט-פיצה אישית+תוספת+פחית - איסוף עצמי,פיצה האט,"טעים, מהיר, משתלם",29.0,34.0,15%,"טעים, מהיר, משתלם",מגוון סניפים,,,ללא,https://www.behatsdaa.org.il/category/productPage/66294
152844,דומינו'ס פיצה- משפחתית באיסוף,דומינו'ס פיצה,"טעים, מהיר, משתלם",39.0,47.0,17%,"טעים, מהיר, משתלם",מגוון סניפים,,,דומינוס פיצה אונליין,https://www.behatsdaa.org.il/category/productPage/152844
4244,כסף מסעדות,בהצדעה,"טעים, מהיר, משתלם",82.0,244.0,66%,"טעים, מהיר, משתלם",". , מיקומים שונים",,,ללא,https://www.behatsdaa.org.il/category/productPage/4244
40894,אנרג'וסר - מגשי פירות מעוצבים+משלוח,אנרג'וסר,"טעים, מהיר, משתלם",183.0,261.0,30%,"טעים, מהיר, משתלם","בן יהודה 43, תל אביב - יפו",,,אנרג'וסר,https://www.behatsdaa.org.il/category/productPage/40894
904,שובר זוגי לארוחת בוקר,בהצדעה,"טעים, מהיר, משתלם",105.0,105.0,0%,"טעים, מהיר, משתלם",". , מיקומים שונים",,,ללא,https://www.behatsdaa.org.il/category/productPage/904
45690,פיצה עגבניה,בהצדעה,"טעים, מהיר, משתלם",27.0,115.0,77%,"טעים, מהיר, משתלם",מגוון סניפים,,,ללא,https://www.behatsdaa.org.il/category/productPage/45690
59361,שובר כסף בשווי 150 ₪ לרכישה בטרי על הבוקר,בהצדעה,"טעים, מהיר, משתלם",90.0,90.0,0%,"טעים, מהיר, משתלם","לזרוב 25, ראשון לציון",,,ללא,https://www.behatsdaa.org.il/category/productPage/59361
154367,שייקשוק - פירות קפואים,שייקשוק,"טעים, מהיר, משתלם",136.0,231.0,41%,"טעים, מהיר, משתלם",". , מיקומים שונים",,,שייקשוק אונליין,https://www.behatsdaa.org.il/category/productPage/154367
153956,רשת פאפא ג'ונס - מגשי פיצה,רשת פאפא ג'ונס,"טעים, מהיר, משתלם",38.0,157.0,76%,"טעים, מהיר, משתלם",". , מיקומים שונים",,,ללא,https://www.behatsdaa.org.il/category/productPage/153956
145116,רשת ג'אסט מיט - Just Meat - למימוש חד פעמי,רשת ג'אסט מיט,"טעים, מהיר, משתלם",67.0,67.0,0%,"טעים, מהיר, משתלם",מגוון סניפים,,,ללא,https://www.behatsdaa.org.il/category/productPage/145116
62933,מיקסטה קוקטיילס - מארזי קוקטיילים להכנה עצמית,מיקסטה קוקטיילס,"טעים, מהיר, משתלם",195.0,251.0,22%,"טעים, מהיר, משתלם","היצירה 4, רעננה",,,ללא,https://www.behatsdaa.org.il/category/productPage/62933
67288,משק משפחת ג'השאן - שמן זית סדרת הפרימיום + משלוח,משק משפחת ג'השאן,"טעים, מהיר, משתלם",171.0,241.0,29%,"טעים, מהיר, משתלם","קדמת גליל , פארק תעשיות הגליל הת",,,ללא,https://www.behatsdaa.org.il/category/productPage/67288
183496,שמן הבית 5 ל' וצנצנת דבש מבית 'משק אחיה',משק אחיה,"טעים, מהיר, משתלם",199.0,234.0,15%,"טעים, מהיר, משתלם",מגוון סניפים,,,ללא,https://www.behatsdaa.org.il/category/productPage/183496
40399,משחקיות רשת פעלטון,בהצדעה,אטרקציות לכל המשפחה,26.0,660.0,96%,"אטרקציות לכל המשפחה, אטרקציות",מגוון סניפים,,,ללא,https://www.behatsdaa.org.il/category/productPage/40399
142768,D.N.A – מיומנה לכל המשפחה במופע חדש,בהצדעה,אטרקציות לכל המשפחה,83.0,94.0,12%,"אטרקציות לכל המשפחה, הצגות ילדים",מיקומים שונים,,,ללא,https://www.behatsdaa.org.il/category/productPage/142768
44236,מפצח האגוזים - הבלט הישראלי,מפצח האגוזים,אטרקציות לכל המשפחה,65.0,94.0,31%,"אטרקציות לכל המשפחה, הצגות ילדים",מיקומים שונים,,,ללא,https://www.behatsdaa.org.il/category/productPage/44236
174019,אטרקציות הים האדום - טיולי שטח באגי/רייזרים,אטרקציות הים האדום,אטרקציות לכל המשפחה,330.0,498.0,34%,"אטרקציות לכל המשפחה, אטרקציות","מרינה צפונית , אילת",,,ללא,https://www.behatsdaa.org.il/category/productPage/174019
152436,Magic Kass – מג'יק קאס-פארק השעשועים,Magic Kass,אטרקציות לכל המשפחה,89.0,89.0,0%,"אטרקציות לכל המשפחה, אטרקציות",". , מעלה אדומים",,,ללא,https://www.behatsdaa.org.il/category/productPage/152436
27092,אנו - מוזיאון העם היהודי,בהצדעה,אטרקציות לכל המשפחה,36.0,36.0,0%,"אטרקציות לכל המשפחה, אטרקציות","קלאוזנר , תל אביב - יפו",,,ללא,https://www.behatsdaa.org.il/category/productPage/27092
3700,החווה של חווה,בהצדעה,אטרקציות לכל המשפחה,20.0,111.0,82%,"אטרקציות לכל המשפחה, אטרקציות","חפץ חיים , חפץ חיים",,,ללא,https://www.behatsdaa.org.il/category/productPage/3700
162537,לייזר סיטי פתח תקווה,בהצדעה,אטרקציות לכל המשפחה,93.0,231.0,60%,"אטרקציות לכל המשפחה, אטרקציות","עמל 37, פתח תקווה",,,ללא,https://www.behatsdaa.org.il/category/productPage/162537
44902,מנהרות הכותל- סיורים במנהרות הכותל ועוד,מנהרות הכותל,אטרקציות לכל המשפחה,11.0,984.0,99%,"אטרקציות לכל המשפחה, טיולים וסיורים","העומר 2, ירושלים",,,ללא,https://www.behatsdaa.org.il/category/productPage/44902
98430,מוזיאון המדע ירושלים,בהצדעה,אטרקציות לכל המשפחה,44.0,44.0,0%,"אטרקציות לכל המשפחה, אטרקציות","שדרות המוזיאונים 3, ירושלים",,,ללא,https://www.behatsdaa.org.il/category/productPage/98430
161749,גיא הוכמן,בהצדעה,בידור וסטנד אפ,93.0,105.0,11%,בידור וסטנד אפ,מיקומים שונים,,,ללא,https://www.behatsdaa.org.il/category/productPage/161749
69389,מה קשור,בהצדעה,בידור וסטנד אפ,97.0,97.0,0%,"בידור וסטנד אפ, COMY","קויפמן 2, תל אביב - יפו",,,ללא,https://www.behatsdaa.org.il/category/productPage/69389
84516,תום יער,בהצדעה,בידור וסטנד אפ,90.0,90.0,0%,"בידור וסטנד אפ, COMY","קויפמן 2, תל אביב - יפו",,,ללא,https://www.behatsdaa.org.il/category/productPage/84516
43900,אלי יצפאן,בהצדעה,בידור וסטנד אפ,105.0,119.0,12%,בידור וסטנד אפ,מיקומים שונים,,,ללא,https://www.behatsdaa.org.il/category/productPage/43900
72124,עידן ניידיץ,בהצדעה,בידור וסטנד אפ,71.0,80.0,11%,בידור וסטנד אפ,מיקומים שונים,,,ללא,https://www.behatsdaa.org.il/category/productPage/72124
177335,אורנה בנאי וצביקה הדר,בהצדעה,בידור וסטנד אפ,105.0,105.0,0%,"בידור וסטנד אפ, COMY","קויפמן 2, תל אביב - יפו",,,ללא,https://www.behatsdaa.org.il/category/productPage/177335
43857,מיקי גבע סטנדאפ,בהצדעה,בידור וסטנד אפ,83.0,94.0,12%,בידור וסטנד אפ,מיקומים שונים,,,ללא,https://www.behatsdaa.org.il/category/productPage/43857
124673,מתן פרץ,בהצדעה,בידור וסטנד אפ,95.0,95.0,0%,"בידור וסטנד אפ, COMY","קויפמן 2, תל אביב - יפו",,,ללא,https://www.behatsdaa.org.il/category/productPage/124673
158969,הליכון מתקפל Walkingpad K12,בהצדעה,כושר וספורט,1699.0,1699.0,0%,כושר וספורט,כולל משלוח עד הבית,,,ללא,https://www.behatsdaa.org.il/category/productPage/158969
163660,אופני כושר מגנטיים Zoom 95,בהצדעה,כושר וספורט,1049.0,1329.0,21%,כושר וספורט,כולל משלוח עד הבית,,,ללא,https://www.behatsdaa.org.il/category/productPage/163660
149686,מסלול ריצה Zoom1 מבית המותג Vo2,המותג Vo2,כושר וספורט,1539.0,1819.0,15%,כושר וספורט,כולל משלוח עד הבית,,,ללא,https://www.behatsdaa.org.il/category/productPage/149686
149688,מסלול ריצה מתקפל Alfa7 מבית Vo2,Vo2,כושר וספורט,1869.0,2149.0,13%,כושר וספורט,כולל משלוח עד הבית,,,ללא,https://www.behatsdaa.org.il/category/productPage/149688
185145,מסלול ריצה SILVER PRO מבית YORK,YORK,כושר וספורט,2349.0,2599.0,10%,כושר וספורט,כולל משלוח עד הבית,,,ללא,https://www.behatsdaa.org.il/category/productPage/185145
163147,מוט מתח מתכוונן בגדלים שונים,בהצדעה,כושר וספורט,125.0,174.0,28%,כושר וספורט,מגוון סניפים,,,ללא,https://www.behatsdaa.org.il/category/productPage/163147
149165,מסלול ריצה מתקפל Leader4500 מבית VO2,VO2,כושר וספורט,1739.0,2019.0,14%,כושר וספורט,כולל משלוח עד הבית,,,ללא,https://www.behatsdaa.org.il/category/productPage/149165
158955,שעון ספורט vívoactive® 5 GARMIN,בהצדעה,כושר וספורט,999.0,1019.0,2%,כושר וספורט,כולל משלוח עד הבית,,,ללא,https://www.behatsdaa.org.il/category/productPage/158955
177038,הליכון מתקפל כולל שיפוע ידני RUNVO FLEX,בהצדעה,כושר וספורט,679.0,828.0,18%,כושר וספורט,מגוון סניפים,,,ללא,https://www.behatsdaa.org.il/category/productPage/177038
174903,הליכון מתקפל WALKINGPAD Z1F,בהצדעה,כושר וספורט,1389.0,1389.0,0%,כושר וספורט,כולל משלוח עד הבית,,,ללא,https://www.behatsdaa.org.il/category/productPage/174903
163663,אופני כושר ישיבה מגנטיים Zoom120,בהצדעה,כושר וספורט,1079.0,1359.0,21%,כושר וספורט,כולל משלוח עד הבית,,,ללא,https://www.behatsdaa.org.il/category/productPage/163663
185146,מסלול ריצה APOLLO מבית YORK,YORK,כושר וספורט,3129.0,3379.0,7%,כושר וספורט,כולל משלוח עד הבית,,,ללא,https://www.behatsdaa.org.il/category/productPage/185146
147892,הליכון כושר מתקפל Run4300,בהצדעה,כושר וספורט,1645.0,1925.0,15%,כושר וספורט,כולל משלוח עד הבית,,,ללא,https://www.behatsdaa.org.il/category/productPage/147892
149687,מסלול ריצה מתקפל Alfa6 מבית Vo2,Vo2,כושר וספורט,1749.0,2029.0,14%,כושר וספורט,כולל משלוח עד הבית,,,ללא,https://www.behatsdaa.org.il/category/productPage/149687
161503,אליפטיקל VO2 שקוף כסוף ORBITRAC ULTIMATE,בהצדעה,כושר וספורט,579.0,859.0,33%,כושר וספורט,כולל משלוח עד הבית,,,ללא,https://www.behatsdaa.org.il/category/productPage/161503
158949,שעון ספורט חכם Venu® 3 | 45mm GARMIN,בהצדעה,כושר וספורט,1559.0,1559.0,0%,כושר וספורט,כולל משלוח עד הבית,,,ללא,https://www.behatsdaa.org.il/category/productPage/158949
167237,שעון ספורט GARMIN vívoactive® 6,בהצדעה,כושר וספורט,1239.0,1239.0,0%,כושר וספורט,כולל משלוח עד הבית,,,ללא,https://www.behatsdaa.org.il/category/productPage/167237
72414,מוט מתח איכותי למשקוף דגם 203,בהצדעה,כושר וספורט,89.0,124.0,28%,כושר וספורט,מגוון סניפים,,,ללא,https://www.behatsdaa.org.il/category/productPage/72414
149690,מסלול ריצה מתקפל Zoom49 מבית Vo2,Vo2,כושר וספורט,2479.0,2759.0,10%,כושר וספורט,כולל משלוח עד הבית,,,ללא,https://www.behatsdaa.org.il/category/productPage/149690
162804,הליכון WalkingPad X218,בהצדעה,כושר וספורט,3989.0,3989.0,0%,כושר וספורט,כולל משלוח עד הבית,,,ללא,https://www.behatsdaa.org.il/category/productPage/162804
184104,הליכון עם שיפוע אוטומטי MERACH NovaWalk W50,בהצדעה,כושר וספורט,1299.0,1299.0,0%,כושר וספורט,כולל משלוח עד הבית,,,ללא,https://www.behatsdaa.org.il/category/productPage/184104
71469,אליפטיקל חשמלי מגנטי Royal330 מבית VO2,VO2,כושר וספורט,2619.0,2899.0,10%,כושר וספורט,מגוון סניפים,,,ללא,https://www.behatsdaa.org.il/category/productPage/71469
163658,הליכון מתקפל Zoom52,בהצדעה,כושר וספורט,3479.0,3759.0,7%,כושר וספורט,כולל משלוח עד הבית,,,ללא,https://www.behatsdaa.org.il/category/productPage/163658
167293,"מזרן יוגה 10 מ""מ FITNESS MAT",בהצדעה,כושר וספורט,129.0,164.0,21%,כושר וספורט,מגוון סניפים,,,ללא,https://www.behatsdaa.org.il/category/productPage/167293
182047,ספת כושר מתקפל CANADA ATHLETICS E8,בהצדעה,כושר וספורט,249.0,289.0,14%,כושר וספורט,מגוון סניפים,,,ללא,https://www.behatsdaa.org.il/category/productPage/182047
171660,מיני סטפר עם עמוד אחיזה EUROLEAP,בהצדעה,כושר וספורט,189.0,189.0,0%,כושר וספורט,כולל משלוח עד הבית,,,ללא,https://www.behatsdaa.org.il/category/productPage/171660
170279,אליפטיקל Vo2 Wave 707,בהצדעה,כושר וספורט,1239.0,1519.0,18%,כושר וספורט,כולל משלוח עד הבית,,,ללא,https://www.behatsdaa.org.il/category/productPage/170279
154311,סט משקולות משושה EUROLEAP,בהצדעה,כושר וספורט,99.0,379.0,74%,כושר וספורט,כולל משלוח עד הבית,,,ללא,https://www.behatsdaa.org.il/category/productPage/154311
158965,הליכון SNAILCLE TM2202,בהצדעה,כושר וספורט,1699.0,1699.0,0%,כושר וספורט,כולל משלוח עד הבית,,,ללא,https://www.behatsdaa.org.il/category/productPage/158965
173024,אופני כושר חכמים Snailcle R1,בהצדעה,כושר וספורט,1789.0,1789.0,0%,כושר וספורט,כולל משלוח עד הבית,,,ללא,https://www.behatsdaa.org.il/category/productPage/173024
170292,ערכת אימון מקבילים אקולייזר,בהצדעה,כושר וספורט,159.0,194.0,18%,כושר וספורט,מגוון סניפים,,,ללא,https://www.behatsdaa.org.il/category/productPage/170292
170335,מוט פילאטיס Performance Pilates Bar,בהצדעה,כושר וספורט,115.0,150.0,23%,כושר וספורט,מגוון סניפים,,,ללא,https://www.behatsdaa.org.il/category/productPage/170335
182707,טרמפולינה 1.8 מ' 6 אמיגו AMIGO,בהצדעה,כושר וספורט,309.0,609.0,49%,כושר וספורט,מגוון סניפים,,,ללא,https://www.behatsdaa.org.il/category/productPage/182707
174441,הליכון מתקפל WALKINGPAD MX16,בהצדעה,כושר וספורט,3119.0,3119.0,0%,כושר וספורט,כולל משלוח עד הבית,,,ללא,https://www.behatsdaa.org.il/category/productPage/174441
176926,ספסל מתכוונן דגם 329 מבית VO2,VO2,כושר וספורט,669.0,949.0,30%,כושר וספורט,כולל משלוח עד הבית,,,ללא,https://www.behatsdaa.org.il/category/productPage/176926
154456,מולטי טריינר מקצועי מורחב EUROLEAP,בהצדעה,כושר וספורט,1679.0,1679.0,0%,כושר וספורט,כולל משלוח עד הבית,,,ללא,https://www.behatsdaa.org.il/category/productPage/154456
173504,"אופניי ספינינג מקצועיים - גלגל תנופה 6 ק""ג",אופניי ספינינג מקצועיים,כושר וספורט,399.0,498.0,20%,כושר וספורט,מגוון סניפים,,,ללא,https://www.behatsdaa.org.il/category/productPage/173504
175236,הליכון מתקפל קומפקטי ושקט UREVO Spacewalk E1L,בהצדעה,כושר וספורט,899.0,899.0,0%,כושר וספורט,מגוון סניפים,,,ללא,https://www.behatsdaa.org.il/category/productPage/175236
144708,טרמפולינה לחצר 2.44 מטר Jump8,בהצדעה,כושר וספורט,979.0,1259.0,22%,כושר וספורט,כולל משלוח עד הבית,,,ללא,https://www.behatsdaa.org.il/category/productPage/144708
176971,"סט מולטי נט 3 ב-1 כדורעף, בדמינגטון, טניס",סט מולטי נט 3 ב,כושר וספורט,269.0,304.0,12%,כושר וספורט,מגוון סניפים,,,ללא,https://www.behatsdaa.org.il/category/productPage/176971
180704,שער כדורגל מתקפל נייד - מגוון מידות,שער כדורגל מתקפל נייד,כושר וספורט,219.0,259.0,15%,כושר וספורט,מגוון סניפים,,,ללא,https://www.behatsdaa.org.il/category/productPage/180704
170071,"מזרן יוגה 8 מ""מ TPE דו שכבתי מבית MOMENTUM",MOMENTUM,כושר וספורט,75.0,105.0,29%,כושר וספורט,מגוון סניפים,,,ללא,https://www.behatsdaa.org.il/category/productPage/170071
183485,סאפ מתנפח Aqua Marina MAGMA 11'2,בהצדעה,כושר וספורט,1399.0,1399.0,0%,כושר וספורט,כולל משלוח עד הבית,,,ללא,https://www.behatsdaa.org.il/category/productPage/183485
181236,זוג שערי כדורגל מתקפלים FORZA,בהצדעה,כושר וספורט,155.0,340.0,54%,כושר וספורט,מגוון סניפים,,,ללא,https://www.behatsdaa.org.il/category/productPage/181236
145703,שולחן פינג פונג פנים דגם t5100g,בהצדעה,כושר וספורט,679.0,959.0,29%,כושר וספורט,כולל משלוח עד הבית,,,ללא,https://www.behatsdaa.org.il/category/productPage/145703
71662,שולחן ביליארד מתקפל 6 פיט,בהצדעה,כושר וספורט,1199.0,1479.0,19%,כושר וספורט,כולל משלוח עד הבית,,,ללא,https://www.behatsdaa.org.il/category/productPage/71662
175876,הכל כלול לשולחן טניס Roberto Ferre Outdoor 5150,בהצדעה,כושר וספורט,1299.0,1609.0,19%,כושר וספורט,מגוון סניפים,,,ללא,https://www.behatsdaa.org.il/category/productPage/175876
20750,תיאטרון בית ליסין,בהצדעה,מנויים והצגות,272.0,678.0,60%,מנויים והצגות,"דיזינגוף 101, תל אביב - יפו",,,ללא,https://www.behatsdaa.org.il/category/productPage/20750
181553,היכל התרבות כפר יונה,בהצדעה,מנויים והצגות,176.0,493.0,64%,מנויים והצגות,"שד מנחם בגין 6 , כפר יונה",,,ללא,https://www.behatsdaa.org.il/category/productPage/181553
151917,מרכז אמנויות הבמה פרדס חנה כרכור,בהצדעה,מנויים והצגות,190.0,456.0,58%,מנויים והצגות,"הבוטנים 54, פרדס חנה-כרכור",,,ללא,https://www.behatsdaa.org.il/category/productPage/151917
25294,היכל התרבות כרמיאל,בהצדעה,מנויים והצגות,273.0,568.0,52%,מנויים והצגות,"שד' נשיאי ישראל 33, כרמיאל",,,ללא,https://www.behatsdaa.org.il/category/productPage/25294
23257,היכל התרבות יבנה,בהצדעה,מנויים והצגות,172.0,524.0,67%,מנויים והצגות,"עולש 2, יבנה",,,ללא,https://www.behatsdaa.org.il/category/productPage/23257
20793,תיאטרון יקנעם,בהצדעה,מנויים והצגות,304.0,521.0,42%,מנויים והצגות,"האלונים 11, יקנעם עילית",,,ללא,https://www.behatsdaa.org.il/category/productPage/20793
23250,תיאטרון באר שבע,בהצדעה,מנויים והצגות,194.0,546.0,64%,מנויים והצגות,"רגר 41, באר שבע",,,ללא,https://www.behatsdaa.org.il/category/productPage/23250
20794,המשכן לאומנויות הבמה אשדוד,בהצדעה,מנויים והצגות,180.0,567.0,68%,מנויים והצגות,"דרך ארץ 1, אשדוד",,,ללא,https://www.behatsdaa.org.il/category/productPage/20794
20778,מרכז הבמה גני תקווה,בהצדעה,מנויים והצגות,132.0,572.0,77%,מנויים והצגות,"הכרמל  20, גני תקווה",,,ללא,https://www.behatsdaa.org.il/category/productPage/20778
27940,תיאטרון אורנה פורת לילדים ולנוער,בהצדעה,מנויים והצגות,106.0,436.0,76%,מנויים והצגות,"המסגר 68, תל אביב - יפו",,,ללא,https://www.behatsdaa.org.il/category/productPage/27940
27305,היכל התרבות פתח תקווה,בהצדעה,מנויים והצגות,216.0,484.0,55%,מנויים והצגות,"המכבים 5, פתח תקווה",,,ללא,https://www.behatsdaa.org.il/category/productPage/27305
20737,תיאטרון חיפה,בהצדעה,מנויים והצגות,295.0,594.0,50%,מנויים והצגות,"פבזנר 50, חיפה",,,ללא,https://www.behatsdaa.org.il/category/productPage/20737
20779,תיאטרון גשר,בהצדעה,מנויים והצגות,352.0,612.0,42%,מנויים והצגות,"שד' ירושלים 9, תל אביב - יפו",,,ללא,https://www.behatsdaa.org.il/category/productPage/20779
20746,היכל התרבות נהריה,בהצדעה,מנויים והצגות,150.0,555.0,73%,מנויים והצגות,"דרך העצמאות  1, נהריה",,,ללא,https://www.behatsdaa.org.il/category/productPage/20746
73337,היכל התרבות עכו,בהצדעה,מנויים והצגות,119.0,493.0,76%,מנויים והצגות,"גיבורי סיני 24, עכו",,,ללא,https://www.behatsdaa.org.il/category/productPage/73337
95193,תיאטרון חולון,בהצדעה,מנויים והצגות,88.0,286.0,69%,"מנויים והצגות, תרבות והעשרה","שדרות קוגל 11, חולון",,,ללא,https://www.behatsdaa.org.il/category/productPage/95193
23670,היכל התרבות חוף הכרמל,בהצדעה,מנויים והצגות,257.0,528.0,51%,מנויים והצגות,"מרכז מיר""ב , מ.א. חוף הכרמל",,,ללא,https://www.behatsdaa.org.il/category/productPage/23670
20751,היכל התרבות אשקלון,בהצדעה,מנויים והצגות,154.0,572.0,73%,מנויים והצגות,"הנשיא 82, אשקלון",,,ללא,https://www.behatsdaa.org.il/category/productPage/20751
20752,היכל התרבות מעלה אדומים,בהצדעה,מנויים והצגות,176.0,792.0,78%,מנויים והצגות,"דרך מדבר יהודה  8, מעלה אדומים",,,ללא,https://www.behatsdaa.org.il/category/productPage/20752
20747,היכל התרבות מודיעין מכבים רעות,בהצדעה,מנויים והצגות,185.0,513.0,64%,מנויים והצגות,"עמק דותן  49, מודיעין-מכבים-רעות",,,ללא,https://www.behatsdaa.org.il/category/productPage/20747
20748,היכל התרבות איירפורט סיטי,בהצדעה,מנויים והצגות,220.0,498.0,56%,מנויים והצגות,"הגלבוע 4, קריית שדה התעופה",,,ללא,https://www.behatsdaa.org.il/category/productPage/20748
20795,תיאטרון הבימה,בהצדעה,מנויים והצגות,149.0,787.0,81%,מנויים והצגות,"שדרות תרס""ט  2, תל אביב - יפו",,,ללא,https://www.behatsdaa.org.il/category/productPage/20795
152309,מארז 5 חבילות חיתולים BabySitter סטנדרט,בהצדעה,מזמינים הביתה וחוסכים,119.0,147.0,19%,מזמינים הביתה וחוסכים,מגוון סניפים,,,ללא,https://www.behatsdaa.org.il/category/productPage/152309
95012,"מארז כביסה הכולל מגוון מוצרי וניש, קולון וולייט",בהצדעה,מזמינים הביתה וחוסכים,81.0,116.0,30%,מזמינים הביתה וחוסכים,מגוון סניפים,,,ללא,https://www.behatsdaa.org.il/category/productPage/95012
155115,5 חב' חיתולים בייביסיטר סטנדרט + 16 חב' מגבונים,בהצדעה,מזמינים הביתה וחוסכים,155.0,185.0,16%,מזמינים הביתה וחוסכים,מגוון סניפים,,,ללא,https://www.behatsdaa.org.il/category/productPage/155115
112028,מארז 150 קפסולות פיניש אולטימייט,בהצדעה,מזמינים הביתה וחוסכים,119.0,154.0,23%,מזמינים הביתה וחוסכים,מגוון סניפים,,,ללא,https://www.behatsdaa.org.il/category/productPage/112028
108297,מארז 156 טבליות למדיח כלים FINISH,בהצדעה,מזמינים הביתה וחוסכים,75.0,110.0,32%,מזמינים הביתה וחוסכים,מגוון סניפים,,,ללא,https://www.behatsdaa.org.il/category/productPage/108297
135623,מארז 8 סכיני גילוח ג'ילט פיוזן בשווי 119 ₪,בהצדעה,מזמינים הביתה וחוסכים,68.0,97.0,30%,מזמינים הביתה וחוסכים,מגוון סניפים,,,ללא,https://www.behatsdaa.org.il/category/productPage/135623
145994,מארז מוצרי כביסה של וניש קליה וקולון בשווי 200 ₪,בהצדעה,מזמינים הביתה וחוסכים,119.0,149.0,20%,מזמינים הביתה וחוסכים,מגוון סניפים,,,ללא,https://www.behatsdaa.org.il/category/productPage/145994
144750,מארז אקטיב פרש לבישום אוטומטי Airwick בשווי 114 ₪,בהצדעה,מזמינים הביתה וחוסכים,71.0,100.0,29%,מזמינים הביתה וחוסכים,מגוון סניפים,,,ללא,https://www.behatsdaa.org.il/category/productPage/144750
100661,מארז ניקיון סנו‬,בהצדעה,מזמינים הביתה וחוסכים,64.0,99.0,35%,מזמינים הביתה וחוסכים,מגוון סניפים,,,ללא,https://www.behatsdaa.org.il/category/productPage/100661
99586,זוג ג'ל כביסה קולון קלאסי 2.5 ליטר,בהצדעה,מזמינים הביתה וחוסכים,38.0,73.0,48%,מזמינים הביתה וחוסכים,מגוון סניפים,,,ללא,https://www.behatsdaa.org.il/category/productPage/99586
149050,מארז ניקיון חגיגי בשווי 179 ₪,בהצדעה,מזמינים הביתה וחוסכים,95.0,125.0,24%,מזמינים הביתה וחוסכים,מגוון סניפים,,,ללא,https://www.behatsdaa.org.il/category/productPage/149050
148364,מארז 120 קפסולות ג'ל כביסה קולון,בהצדעה,מזמינים הביתה וחוסכים,80.0,112.0,29%,מזמינים הביתה וחוסכים,מגוון סניפים,,,ללא,https://www.behatsdaa.org.il/category/productPage/148364
149029,מארז ניקיון לאמבטיה ושירותים של יעקובי,בהצדעה,מזמינים הביתה וחוסכים,79.0,114.0,31%,מזמינים הביתה וחוסכים,מגוון סניפים,,,ללא,https://www.behatsdaa.org.il/category/productPage/149029
143921,"מארז 8 יח' ליסטרין 500 מ""ל +4 יח' ליסטרין 250 מ""ל",בהצדעה,מזמינים הביתה וחוסכים,98.0,137.0,28%,מזמינים הביתה וחוסכים,מגוון סניפים,,,ללא,https://www.behatsdaa.org.il/category/productPage/143921
64866,מארז 24 חב' מגבונים BabySitter לתינוק ללא בישום,בהצדעה,מזמינים הביתה וחוסכים,67.0,95.0,29%,מזמינים הביתה וחוסכים,מגוון סניפים,,,ללא,https://www.behatsdaa.org.il/category/productPage/64866
107430,"דאודורנט רול און 70 מ""ל DEO OR",בהצדעה,מזמינים הביתה וחוסכים,30.0,57.0,47%,מזמינים הביתה וחוסכים,מגוון סניפים,,,ללא,https://www.behatsdaa.org.il/category/productPage/107430
146479,מארז 6 יח' משחת שיניים הימלאיה להגנה מושלמת,בהצדעה,מזמינים הביתה וחוסכים,72.0,100.0,28%,מזמינים הביתה וחוסכים,מגוון סניפים,,,ללא,https://www.behatsdaa.org.il/category/productPage/146479
160465,שמן הבית 5 ל' + טחינה מבית 'משק אחיה',משק אחיה,מזמינים הביתה וחוסכים,219.0,254.0,14%,מזמינים הביתה וחוסכים,מגוון סניפים,,,ללא,https://www.behatsdaa.org.il/category/productPage/160465
177505,מארזי קפסולות קפה JOE במבחר טעמים לבחירה,בהצדעה,מזמינים הביתה וחוסכים,16.0,237.0,93%,מזמינים הביתה וחוסכים,מגוון סניפים,,,ללא,https://www.behatsdaa.org.il/category/productPage/177505
172107,IBI SMART אפליקציית המסחר המתקדמת בישראל,בהצדעה,ביטוחים ושירותים פיננסים,0.0,0.0,0%,"ביטוחים ושירותים פיננסים, פיננסים",מגוון סניפים,,,ללא,https://ibiinvestments.co.il/lp/behatsdaa/
101339,פוליסת פיצוי לסרטן,בהצדעה,ביטוחים ושירותים פיננסים,0.0,0.0,0%,"ביטוחים ושירותים פיננסים, ביטוח חיים",מגוון סניפים,,,ללא,https://www.clalbit.co.il/behatsdaabriut/
70466,"טסים לחו""ל עם כלל",בהצדעה,ביטוחים ושירותים פיננסים,0.0,0.0,0%,"ביטוחים ושירותים פיננסים, ביטוח נסיעות",מגוון סניפים,,,ללא,https://www.clalbit.co.il/behatsdaanahal/?txtRef=behatsdaa&utm_source=behatsdaa&utm_medium=affiliate&utm_campaign=nahal
62768,כלל - ביטוח דירה במחיר אטרקטיבי לחברי המועדון,בהצדעה,ביטוחים ושירותים פיננסים,0.0,0.0,0%,"ביטוחים ושירותים פיננסים, ביטוח דירה",מגוון סניפים,,,ללא,https://www.clalbit.co.il/homeownersins/apartmentonline/?g=5e8395ed-ce55-3319-9a43-d2728ddd41bf&txtRef=behatsdaa&utm_source=behatsdaa&utm_medium=affiliate&utm_campaign=digital_apartment#/
18355,ביטוח החיים של הראל-בהטבה מיוחדת לחברי המועדון,ביטוח החיים של הראל,ביטוחים ושירותים פיננסים,0.0,0.0,0%,"ביטוחים ושירותים פיננסים, ביטוח חיים",מגוון סניפים,,,ללא,https://yhd.co.il/benefits/
65116,מבנים - חבילת בדק בית מקיפה לדירה,מבנים,ביטוחים ושירותים פיננסים,938.0,1429.0,34%,"ביטוחים ושירותים פיננסים, ביטוח דירה",מגוון סניפים,,,ללא,https://www.behatsdaa.org.il/category/productPage/65116
162541,"ביטוח נסיעות לחו""ל AIG",בהצדעה,ביטוחים ושירותים פיננסים,0.0,0.0,0%,"ביטוחים ושירותים פיננסים, ביטוח נסיעות",מגוון סניפים,,,ללא,https://urldefense.com/v3/__https:/sales.aig.co.il/travel/start/E39A987B-523C-4B7C-B92B-FFBE382246A4__;!!NT3rrZz_VG2e!OI4joMkMAX8-YVe-mlNFziTaAnS3MSjFEqhKsNEEZ5iTWmdBvSxzlb4AkGt1TNRoyKR_6i2QbZM$
22051,פגישת ייעוץ משכנתא,בהצדעה,ביטוחים ושירותים פיננסים,0.0,0.0,0%,"ביטוחים ושירותים פיננסים, ביטוח וייעוץ משכנתא",מגוון סניפים,,,ללא,https://www.sechel.biz/%d7%91%d7%94%d7%a6%d7%93%d7%a2%d7%94-%d7%9e%d7%a9%d7%9b%d7%a0%d7%aa%d7%90%d7%95%d7%aa/?utm_source=behatzdaa&utm_medium=referral&utm_campaign=behatzdaa_big_hp_banner
25485,HOLMES PLACE כרטיסיית פילאטיס מכשירים,בהצדעה,נכנסים לכושר,423.0,2015.0,79%,"נכנסים לכושר, Holmes Place",מגוון סניפים,,,ללא,https://www.behatsdaa.org.il/category/productPage/25485
97977,מנוי שנתי ברשת icon,בהצדעה,נכנסים לכושר,1174.0,1480.0,21%,"נכנסים לכושר, חדרי כושר וקאנטרי נוספים",מגוון סניפים,,,ללא,https://www.behatsdaa.org.il/category/productPage/97977
25164,freefit פריפיט- כרטיס נטען לפילאטיס,freefit פריפיט,נכנסים לכושר,289.0,289.0,0%,"נכנסים לכושר, freefit","היוצרים 3 3, לוד",,,freefit,https://www.behatsdaa.org.il/category/productPage/25164
158013,DREAM PILATES- דרים פילאטיס,DREAM PILATES,נכנסים לכושר,229.0,1254.0,82%,"נכנסים לכושר, חדרי כושר וקאנטרי נוספים","ההגנה 39 כרמיאל , כרמיאל",,,DREAM PILATES- דרים פילאטיס לא פעיל,https://www.behatsdaa.org.il/category/productPage/158013
43757,ליאור נרקיס - CELEBRATION,ליאור נרקיס,ההופעות הכי חמות,137.0,236.0,42%,"ההופעות הכי חמות, מופעים",מיקומים שונים,,,ללא,https://www.behatsdaa.org.il/category/productPage/43757
44224,שלמה ארצי,בהצדעה,ההופעות הכי חמות,165.0,236.0,30%,"ההופעות הכי חמות, מופעים",מיקומים שונים,,,ללא,https://www.behatsdaa.org.il/category/productPage/44224
176253,שירי מימון,בהצדעה,ההופעות הכי חמות,143.0,180.0,21%,"ההופעות הכי חמות, מופעים",מיקומים שונים,,,ללא,https://www.behatsdaa.org.il/category/productPage/176253
106174,ברי סחרוף,בהצדעה,ההופעות הכי חמות,193.0,277.0,30%,"ההופעות הכי חמות, מופעים",מיקומים שונים,,,ללא,https://www.behatsdaa.org.il/category/productPage/106174
44611,דודו טסה,בהצדעה,ההופעות הכי חמות,119.0,135.0,12%,"ההופעות הכי חמות, מופעים",מיקומים שונים,,,ללא,https://www.behatsdaa.org.il/category/productPage/44611
164512,אביתר בנאי,בהצדעה,ההופעות הכי חמות,149.0,169.0,12%,"ההופעות הכי חמות, מופעים",מיקומים שונים,,,ללא,https://www.behatsdaa.org.il/category/productPage/164512
176345,קובי פרץ,בהצדעה,ההופעות הכי חמות,143.0,201.0,29%,"ההופעות הכי חמות, מופעים",מיקומים שונים,,,ללא,https://www.behatsdaa.org.il/category/productPage/176345
184363,פול טראנק,בהצדעה,ההופעות הכי חמות,97.0,110.0,12%,"ההופעות הכי חמות, מופעים",מיקומים שונים,,,ללא,https://www.behatsdaa.org.il/category/productPage/184363
184870,בר צברי,בהצדעה,ההופעות הכי חמות,143.0,180.0,21%,"ההופעות הכי חמות, מופעים",מיקומים שונים,,,ללא,https://www.behatsdaa.org.il/category/productPage/184870
185815,קובי אפללו,בהצדעה,ההופעות הכי חמות,97.0,197.0,51%,"ההופעות הכי חמות, מופעים",מיקומים שונים,,,ללא,https://www.behatsdaa.org.il/category/productPage/185815
43085,באולינג 7 באר שבע,באולינג 7,אטרקציות,27.0,27.0,0%,באולינג,"חיל הנדסה 1, באר שבע",,,ללא,https://www.behatsdaa.org.il/category/productPage/43085
43109,באולינג פארק אשדוד,באולינג פארק,אטרקציות,27.0,29.0,7%,באולינג,"האורגים 2, אשדוד",,,ללא,https://www.behatsdaa.org.il/category/productPage/43109
61657,בולה באולינג חולון,בולה באולינג,אטרקציות,27.0,30.0,10%,באולינג,"הבנאי  19, חולון",,,ללא,https://www.behatsdaa.org.il/category/productPage/61657
29026,באולינג קריון,באולינג קריון,אטרקציות,26.0,28.0,7%,באולינג,"דרך עכו  192, קרית ביאליק",,,ללא,https://www.behatsdaa.org.il/category/productPage/29026
161797,באולינג סנטר,באולינג סנטר,אטרקציות,27.0,30.0,10%,באולינג,"בזל  3, פתח תקווה",,,באולינג סנטר,https://www.behatsdaa.org.il/category/productPage/161797
70041,צניחה חופשית פרדייב - חוף הבונים,פרדייב השמורה האווירית,אטרקציות,1012.0,1338.0,24%,אקסטרים,חוף הבונים,,,ללא,https://www.behatsdaa.org.il/category/productPage/70041
182473,OPA! SkyField  - סקייפילד בלומפילד,סקאי פילד בלומפילד,אטרקציות,80.0,370.0,78%,"אקסטרים, אטרקציות","התקומה 5, תל אביב - יפו",,,סקאי פילד בלומפילד,https://www.behatsdaa.org.il/category/productPage/182473
27988,fly away כדור פורח,כדורים פורחים-flyaway,אטרקציות,335.0,550.0,39%,"אקסטרים, אטרקציות",מוש יכיני 36,,,ללא,https://www.behatsdaa.org.il/category/productPage/27988
73739,סימולטור Asim - הטסת סימולטור בואינג מקצועי,סימולטור Asim,אטרקציות,352.0,352.0,0%,אקסטרים,"שדה תעופה 0, הרצליה",,,סימולטור Asim,https://www.behatsdaa.org.il/category/productPage/73739
98795,אבו קייק - שיט קייקים בנהר הירדן,אבוקייק שייט ותיירות,אטרקציות,58.0,58.0,0%,"אקסטרים, אטרקציות","ת.ד  3, קצרין",,,ללא,https://www.behatsdaa.org.il/category/productPage/98795
135619,שייט בקייקים - רפטינג נהר הירדן,רפטינג נהר הירדן,אטרקציות,55.0,212.0,74%,"אקסטרים, אטרקציות","ת.ד  3, ראש פינה",,,רפטינג נהר הירדן,https://www.behatsdaa.org.il/category/productPage/135619
4850,טרקטורוני דישון,טרקטורוני דישון,אטרקציות,440.0,528.0,17%,אקסטרים,מושב דישון,,,טרקטורוני דישון,https://www.behatsdaa.org.il/category/productPage/4850
63147,מונאייר moonair - חווית טייס ליום אחד,מונאייר - טייס ליום אחד,אטרקציות,423.0,784.0,46%,אקסטרים,שדה תעופה הרצליה,,,ללא,https://www.behatsdaa.org.il/category/productPage/63147
73400,ישראפלייט - טיסות חוויה וסימולטורים,ישראפלייט,אטרקציות,726.0,1320.0,45%,אקסטרים,"מנחם בגין 1, הרצליה",,,ללא,https://www.behatsdaa.org.il/category/productPage/73400
1646,דביר טרקטורון מעופף,דביר מצנחי רחיפה,אטרקציות,352.0,352.0,0%,אקסטרים,"מנחת רונית , געש",,,דביר מצנחי רחיפה,https://www.behatsdaa.org.il/category/productPage/1646
63317,imracing - נהג מירוצים ליום אחד במסלול מקצועי,imracing,אטרקציות,1100.0,1320.0,17%,אקסטרים,". , מיקומים שונים",,,imracing,https://www.behatsdaa.org.il/category/productPage/63317
63318,imracing - חווית אקסטרים בהרי יהודה,imracing,אטרקציות,660.0,863.0,24%,אקסטרים,". , מיקומים שונים",,,imracing,https://www.behatsdaa.org.il/category/productPage/63318
167986,imracing - סימולטור מרוצים או נהיגת דריפט מקצועית,imracing,אטרקציות,220.0,1320.0,83%,אקסטרים,". , מיקומים שונים",,,imracing,https://www.behatsdaa.org.il/category/productPage/167986
6973,יאללה באסטה כרטיסי טעימות בשווקים של ישראל,יאללה באסטה,אטרקציות,88.0,88.0,0%,טיולים וסיורים,"00 , ירושלים",,,ללא,https://www.behatsdaa.org.il/category/productPage/6973
62757,יאללה באסטה - סיור טעימות פתוח בשווקי ישראל,יאללה באסטה,אטרקציות,141.0,141.0,0%,טיולים וסיורים,"00 , ירושלים",,,ללא,https://www.behatsdaa.org.il/category/productPage/62757
113085,יאללה באסטה - יאללה דיסקו!,יאללה באסטה,אטרקציות,88.0,88.0,0%,טיולים וסיורים,"00 , ירושלים",,,ללא,https://www.behatsdaa.org.il/category/productPage/113085
142332,בטן מלאה- סיורים קולינריים בתל אביב,בטן מלאה,אטרקציות,231.0,253.0,9%,טיולים וסיורים,"מיקומים שונים , תל אביב - יפו",,,בטן מלאה,https://www.behatsdaa.org.il/category/productPage/142332
148028,שוקה - סיורים קולינריים TLV,שוקה סיורים קולינריים,אטרקציות,176.0,351.0,50%,טיולים וסיורים,". , תל אביב - יפו",,,שוקה סיורים קולינריים,https://www.behatsdaa.org.il/category/productPage/148028
154217,"בטן מלאה- סיור קולינרי עצמאי בחו""ל",בטן מלאה,אטרקציות,105.0,105.0,0%,טיולים וסיורים,"מיקומים שונים , תל אביב - יפו",,,בטן מלאה,https://www.behatsdaa.org.il/category/productPage/154217
182615,בטן מלאה - סיור קולינרי עולמי בפרדס חנה,בטן מלאה,אטרקציות,253.0,253.0,0%,טיולים וסיורים,"מיקומים שונים , תל אביב - יפו",,,בטן מלאה,https://www.behatsdaa.org.il/category/productPage/182615
44660,Israel 2go - סיור טעימות בשוק מחנה יהודה,ישראל 2 גו,אטרקציות,163.0,322.0,49%,טיולים וסיורים,"יורדי הסירה  21, ירושלים",,,ישראל 2 גו,https://www.behatsdaa.org.il/category/productPage/44660
60669,Israel 2go - הלו יודה - חיי הלילה בשוק מחנה יהודה,ישראל 2 גו,אטרקציות,163.0,322.0,49%,טיולים וסיורים,"יורדי הסירה  21, ירושלים",,,ישראל 2 גו,https://www.behatsdaa.org.il/category/productPage/60669
114356,Israel 2go - סיור מאפיות במאה שערים/ בני ברק,ישראל 2 גו,אטרקציות,92.0,176.0,48%,טיולים וסיורים,"יורדי הסירה  21, ירושלים",,,ישראל 2 גו,https://www.behatsdaa.org.il/category/productPage/114356
148024,Israel 2 Go -  סיור טעימות קולינרי בשכונת התקווה,ישראל 2 גו,אטרקציות,163.0,322.0,49%,טיולים וסיורים,"יורדי הסירה  21, ירושלים",,,ישראל 2 גו,https://www.behatsdaa.org.il/category/productPage/148024
154269,סבב ברים בתל אביב עם D-TLV,די תל אביב- D-TLV,אטרקציות,46.0,92.0,50%,טיולים וסיורים,"רוטשילד 39, תל אביב - יפו",,,די תל אביב- D-TLV,https://www.behatsdaa.org.il/category/productPage/154269
160132,Israel 2 Go-סיור טעימות בלווינסקי ושכונת פלורנטין,ישראל 2 גו,אטרקציות,163.0,322.0,49%,טיולים וסיורים,"יורדי הסירה  21, ירושלים",,,ישראל 2 גו,https://www.behatsdaa.org.il/category/productPage/160132
184212,Israel-2go - סיור קולינרי בשוק תלפיות חיפה,ישראל 2 גו,אטרקציות,163.0,322.0,49%,טיולים וסיורים,"יורדי הסירה  21, ירושלים",,,ישראל 2 גו,https://www.behatsdaa.org.il/category/productPage/184212
44659,"סיור מאפיות, צ'ולנטיות וחיי לילה בשכונות החרדיות",ישראל 2 גו,אטרקציות,92.0,176.0,48%,טיולים וסיורים,"יורדי הסירה  21, ירושלים",,,ישראל 2 גו,https://www.behatsdaa.org.il/category/productPage/44659
70372,תיירות הרובע היהודי בירושלים,תיירות הרובע היהודי,אטרקציות,16.0,37.0,57%,טיולים וסיורים,"בית רוטשילד, כיכר בתי מחסה 0, ירושלים",,,תיירות הרובע היהודי,https://www.behatsdaa.org.il/category/productPage/70372
105890,Be Tel Aviv tours - סיורי גרפיטי ואמנות רחוב,בי תל אביב טורס Be Tel Aviv tours,אטרקציות,64.0,203.0,68%,טיולים וסיורים,"יהודה הלוי  43, תל אביב - יפו",,,בי תל אביב טורס Be Tel Aviv tours,https://www.behatsdaa.org.il/category/productPage/105890
105898,Be Tel Aviv tours -סיור שווקים וסיורים קולינריים,בי תל אביב טורס Be Tel Aviv tours,אטרקציות,149.0,191.0,22%,טיולים וסיורים,"יהודה הלוי  43, תל אביב - יפו",,,בי תל אביב טורס Be Tel Aviv tours,https://www.behatsdaa.org.il/category/productPage/105898
137886,מרכז דווידסון- תיירות הרובע היהודי בירושלים,תיירות הרובע היהודי,אטרקציות,30.0,37.0,19%,טיולים וסיורים,"בית רוטשילד, כיכר בתי מחסה 0, ירושלים",,,תיירות הרובע היהודי,https://www.behatsdaa.org.il/category/productPage/137886
157688,סיור חדש בבתי הכהנים - תיירות הרובע היהודי,תיירות הרובע היהודי,אטרקציות,15.0,30.0,50%,טיולים וסיורים,"בית רוטשילד, כיכר בתי מחסה 0, ירושלים",,,תיירות הרובע היהודי,https://www.behatsdaa.org.il/category/productPage/157688
11797,המזוודה סיורי חוויה תיאטרליים,המזוודה,אטרקציות,53.0,194.0,73%,טיולים וסיורים,"נוף הרים  115, הר אדר",,,ללא,https://www.behatsdaa.org.il/category/productPage/11797
66840,חצר כנרת,מועצה לשימור אתרי מורשת בישראל,אטרקציות,16.0,16.0,0%,טיולים וסיורים,". , מקווה ישראל",,,ללא,https://www.behatsdaa.org.il/category/productPage/66840
66842,מוזיאון הרעות,מועצה לשימור אתרי מורשת בישראל,אטרקציות,16.0,16.0,0%,טיולים וסיורים,". , מקווה ישראל",,,ללא,https://www.behatsdaa.org.il/category/productPage/66842
66844,מרכז המבקרים מקוה ישראל,מועצה לשימור אתרי מורשת בישראל,אטרקציות,23.0,23.0,0%,טיולים וסיורים,". , מקווה ישראל",,,ללא,https://www.behatsdaa.org.il/category/productPage/66844
66845,מחנה המעפילים עתלית,מועצה לשימור אתרי מורשת בישראל,אטרקציות,21.0,21.0,0%,טיולים וסיורים,". , מקווה ישראל",,,ללא,https://www.behatsdaa.org.il/category/productPage/66845
66846,"אתר הפרדסנות ע""ש מינקוב",מועצה לשימור אתרי מורשת בישראל,אטרקציות,9.0,9.0,0%,טיולים וסיורים,". , מקווה ישראל",,,ללא,https://www.behatsdaa.org.il/category/productPage/66846
137239,מטיילים עם עדן - סיור קולינרי,מטיילים עם עדן,אטרקציות,171.0,171.0,0%,טיולים וסיורים,"בלינסון 16, חיפה",,,ללא,https://www.behatsdaa.org.il/category/productPage/137239
11747,טיולי לב,טיולי לב,אטרקציות,106.0,207.0,49%,טיולים וסיורים,". , מיקומים שונים",,,ללא,https://www.behatsdaa.org.il/category/productPage/11747
29292,הבני ברקית - סיור וסיפור עם שלומית רוטנברג,הבני ברקית  פרשת דרכים,אטרקציות,119.0,132.0,10%,טיולים וסיורים,"דוד המלך  6, בני ברק",,,ללא,https://www.behatsdaa.org.il/category/productPage/29292
167980,צחי כהן - סיורים מודרכים בתל אביב,צחי כהן- סיורים וטיולים מודרכים,אטרקציות,75.0,75.0,0%,טיולים וסיורים,"הספיר  2, תל מונד",,,צחי כהן- סיורים וטיולים מודרכים,https://www.behatsdaa.org.il/category/productPage/167980
164200,חבילת חשמל של אמישראגז Energy,צרכנות,צרכנות,0.0,0.0,0%,חשמל לבית ולמטבח,מגוון סניפים,,,ללא,https://clubdeal.co.il/amisragaz-electricity/?lm_supplier=46953
177549,חדש - tami4 Shabat במחיר מיוחד למועדון,צרכנות,צרכנות,0.0,0.0,0%,מטבח ואירוח,מגוון סניפים,,,ללא,https://www.tami4.co.il/bar-store/tami4shabbat?partner=behatsdaa
44965,הצופן הישראלי המוזיאון הישראלי במרכז יצחק רבין,מרכז יצחק רבין,אטרקציות,31.0,31.0,0%,חדרי בריחה,"חיים לבנון 8, תל אביב - יפו",,,ללא,https://www.behatsdaa.org.il/category/productPage/44965
43401,אסקייפלנד - אוצר לאומי,אסקייפלנד,אטרקציות,297.0,634.0,53%,חדרי בריחה,"המוסכים 22, חיפה",,,אסקייפלנד,https://www.behatsdaa.org.il/category/productPage/43401
43700,שרלוקד- חדר בריחה הפרופסור המפוזר,שרלוקד,אטרקציות,278.0,555.0,50%,חדרי בריחה,". , ראשון לציון",,,ללא,https://www.behatsdaa.org.il/category/productPage/43700
43711,שרלוקד- חדר בריחה שרלוק הולמס,שרלוקד,אטרקציות,278.0,555.0,50%,חדרי בריחה,". , ראשון לציון",,,ללא,https://www.behatsdaa.org.il/category/productPage/43711
43714,שרלוקד- חדר בריחה אנתרקס,שרלוקד,אטרקציות,278.0,555.0,50%,חדרי בריחה,". , ראשון לציון",,,ללא,https://www.behatsdaa.org.il/category/productPage/43714
43715,שרלוקד- חדר בריחה מסעות גוליבר,שרלוקד,אטרקציות,344.0,792.0,57%,חדרי בריחה,". , ראשון לציון",,,ללא,https://www.behatsdaa.org.il/category/productPage/43715
43733,חדר בריחה חיפה קווסט רום - סוכן 007,קווסט רום,אטרקציות,326.0,893.0,63%,חדרי בריחה,"ליאון שטיין  9, חיפה",,,ללא,https://www.behatsdaa.org.il/category/productPage/43733
43734,חדר בריחה חיפה קווסט רום - בלש אמיתי,קווסט רום,אטרקציות,326.0,893.0,63%,חדרי בריחה,"ליאון שטיין  9, חיפה",,,ללא,https://www.behatsdaa.org.il/category/productPage/43734
43735,חדר בריחה חיפה קווסט רום - שר הטבעות,קווסט רום,אטרקציות,326.0,893.0,63%,חדרי בריחה,"ליאון שטיין  9, חיפה",,,ללא,https://www.behatsdaa.org.il/category/productPage/43735
43736,חדר בריחה חיפה קווסט רום - המסור,קווסט רום,אטרקציות,326.0,893.0,63%,חדרי בריחה,"ליאון שטיין  9, חיפה",,,ללא,https://www.behatsdaa.org.il/category/productPage/43736
44252,אסקייפלנד - התקליט האבוד,אסקייפלנד,אטרקציות,297.0,634.0,53%,חדרי בריחה,"המוסכים 22, חיפה",,,אסקייפלנד,https://www.behatsdaa.org.il/category/productPage/44252
44256,אסקייפלנד - המתכון הסודי של בובספוג,אסקייפלנד,אטרקציות,297.0,634.0,53%,חדרי בריחה,"המוסכים 22, חיפה",,,אסקייפלנד,https://www.behatsdaa.org.il/category/productPage/44256
44258,אסקייפלנד - מבוך אסטרטגיה,אסקייפלנד,אטרקציות,297.0,634.0,53%,חדרי בריחה,"המוסכים 22, חיפה",,,אסקייפלנד,https://www.behatsdaa.org.il/category/productPage/44258
45239,שרלוקד- חדר בריחה הקוסם מארץ עוץ,שרלוקד,אטרקציות,344.0,792.0,57%,חדרי בריחה,". , ראשון לציון",,,ללא,https://www.behatsdaa.org.il/category/productPage/45239
45240,שרלוקד- חדר בריחה אוז,שרלוקד,אטרקציות,278.0,792.0,65%,חדרי בריחה,". , ראשון לציון",,,ללא,https://www.behatsdaa.org.il/category/productPage/45240
56443,שרלוקד- חבילת יום הולדת,שרלוקד,אטרקציות,1307.0,1307.0,0%,חדרי בריחה,". , ראשון לציון",,,ללא,https://www.behatsdaa.org.il/category/productPage/56443
57197,קווסטים חדרי בריחה - חבילת יום הולדת,קווסטים חדרי בריחה,אטרקציות,1056.0,1408.0,25%,חדרי בריחה,"הרצל  32, באר שבע",,,קווסטים חדרי בריחה,https://www.behatsdaa.org.il/category/productPage/57197
69822,קווסט רום חיפה - חדר בריחה כור גרעיני,קווסט רום,אטרקציות,326.0,893.0,63%,חדרי בריחה,"ליאון שטיין  9, חיפה",,,ללא,https://www.behatsdaa.org.il/category/productPage/69822
69843,קווסט רום חיפה - חדר בריחה משחקי הגורל,קווסט רום,אטרקציות,326.0,893.0,63%,חדרי בריחה,"ליאון שטיין  9, חיפה",,,ללא,https://www.behatsdaa.org.il/category/productPage/69843
69844,קווסט רום חיפה - חדר בריחה עיר החטאים,קווסט רום,אטרקציות,326.0,893.0,63%,חדרי בריחה,"ליאון שטיין  9, חיפה",,,ללא,https://www.behatsdaa.org.il/category/productPage/69844
104676,קווסטר חדרי בריחה - החללית הסודית - ילדים,קווסטר חדרי בריחה,אטרקציות,86.0,436.0,80%,חדרי בריחה,"שפע טל 6, תל אביב - יפו",,,ללא,https://www.behatsdaa.org.il/category/productPage/104676
104677,קווסטר חדרי בריחה -  טיסה 301,קווסטר חדרי בריחה,אטרקציות,89.0,476.0,81%,חדרי בריחה,"שפע טל 6, תל אביב - יפו",,,ללא,https://www.behatsdaa.org.il/category/productPage/104677
104697,קווסטר חדרי בריחה -  מרסר 112,קווסטר חדרי בריחה,אטרקציות,89.0,455.0,80%,חדרי בריחה,"שפע טל 6, תל אביב - יפו",,,ללא,https://www.behatsdaa.org.il/category/productPage/104697
104700,קווסטר חדרי בריחה -  סודו של המדען -ילדים,קווסטר חדרי בריחה,אטרקציות,89.0,455.0,80%,חדרי בריחה,"שפע טל 6, תל אביב - יפו",,,ללא,https://www.behatsdaa.org.il/category/productPage/104700
104702,קווסטר חדרי בריחה -  פרויקט X,קווסטר חדרי בריחה,אטרקציות,86.0,436.0,80%,חדרי בריחה,"שפע טל 6, תל אביב - יפו",,,ללא,https://www.behatsdaa.org.il/category/productPage/104702
153804,שרלוקד- חדר בריחה השוקולד של טדי,שרלוקד,אטרקציות,278.0,634.0,56%,חדרי בריחה,". , ראשון לציון",,,ללא,https://www.behatsdaa.org.il/category/productPage/153804
153833,שרלוקד- חדר בריחה הקלף של ג'ק,שרלוקד,אטרקציות,278.0,634.0,56%,חדרי בריחה,". , ראשון לציון",,,ללא,https://www.behatsdaa.org.il/category/productPage/153833
153840,שרלוקד- חדר בריחה השאגה האפלה,שרלוקד,אטרקציות,278.0,634.0,56%,חדרי בריחה,". , ראשון לציון",,,ללא,https://www.behatsdaa.org.il/category/productPage/153840
153842,שרלוקד- חדר בריחה מיתוס,שרלוקד,אטרקציות,430.0,858.0,50%,חדרי בריחה,". , ראשון לציון",,,ללא,https://www.behatsdaa.org.il/category/productPage/153842
161150,קווסט רום חיפה - חדר בריחה הטיהור,קווסט רום,אטרקציות,326.0,893.0,63%,חדרי בריחה,"ליאון שטיין  9, חיפה",,,ללא,https://www.behatsdaa.org.il/category/productPage/161150
165442,ויקינגים- משחקי חץ וקשת,ויקינגים,אטרקציות,88.0,858.0,90%,חדרי בריחה,"אלטלנה 14, ראשון לציון",,,ללא,https://www.behatsdaa.org.il/category/productPage/165442
175504,Quest-World חדרי בריחה- מריו בממלכת הממתקים,Quest-World חדרי בריחה,אטרקציות,396.0,634.0,38%,חדרי בריחה,"שד ההסתדרות 208, חיפה",,,Quest-World חדרי בריחה,https://www.behatsdaa.org.il/category/productPage/175504
175505,Quest-World חדרי בריחה- סודות במפעל השוקולד,Quest-World חדרי בריחה,אטרקציות,396.0,634.0,38%,חדרי בריחה,"שד ההסתדרות 208, חיפה",,,Quest-World חדרי בריחה,https://www.behatsdaa.org.il/category/productPage/175505
182651,Quest-World חדרי בריחה- בית הפנקייק,Quest-World חדרי בריחה,אטרקציות,396.0,476.0,17%,חדרי בריחה,"שד ההסתדרות 208, חיפה",,,Quest-World חדרי בריחה,https://www.behatsdaa.org.il/category/productPage/182651
185542,אסקייפ פלייס - חדר בריחה - חופשי על הבר,אסקייפ פלייס,אטרקציות,297.0,528.0,44%,חדרי בריחה,"נחלת בנימין 68, תל אביב - יפו",,,אסקייפ פלייס,https://www.behatsdaa.org.il/category/productPage/185542
185543,אסקייפ פלייס - חדר בריחה - הולי פיצה,אסקייפ פלייס,אטרקציות,297.0,528.0,44%,חדרי בריחה,"נחלת בנימין 68, תל אביב - יפו",,,אסקייפ פלייס,https://www.behatsdaa.org.il/category/productPage/185543
185544,אסקייפ פלייס - חדר בריחה - קינוח קטלני,אסקייפ פלייס,אטרקציות,297.0,528.0,44%,חדרי בריחה,"נחלת בנימין 68, תל אביב - יפו",,,אסקייפ פלייס,https://www.behatsdaa.org.il/category/productPage/185544
185545,אסקייפ פלייס - חדר בריחה - מגה בורגר,אסקייפ פלייס,אטרקציות,297.0,528.0,44%,חדרי בריחה,"נחלת בנימין 68, תל אביב - יפו",,,אסקייפ פלייס,https://www.behatsdaa.org.il/category/productPage/185545
69515,sky-vr - חדרי בריחה במציאות מדומה,sky-vr- משחקי בריחה וירטואלים + טאוור טאג,אטרקציות,80.0,634.0,87%,חדרי בריחה,"אפעל 23, פתח תקווה",,,ללא,https://www.behatsdaa.org.il/category/productPage/69515
146148,חדרי בריחה- ESCAPE GAME EILAT - אסקייפ גיים אילת,ESCAPE GAME EILAT- אסקייפ גיים אילת,אטרקציות,185.0,396.0,53%,חדרי בריחה,"המים, טיילת המלך שלמה , אילת",,,ללא,https://www.behatsdaa.org.il/category/productPage/146148
43742,Brainit - נתניה חדר המאה,brainit,אטרקציות,370.0,550.0,33%,חדרי בריחה,"המלאכה 2, נתניה",,,ללא,https://www.behatsdaa.org.il/category/productPage/43742
43749,Brainit - נתניה חדר המטרו,brainit,אטרקציות,370.0,550.0,33%,חדרי בריחה,"המלאכה 2, נתניה",,,ללא,https://www.behatsdaa.org.il/category/productPage/43749
57203,קווסטים חדרי בריחה סניף באר שבע,קווסטים חדרי בריחה,אטרקציות,231.0,508.0,55%,חדרי בריחה,"הרצל  32, באר שבע",,,קווסטים חדרי בריחה,https://www.behatsdaa.org.il/category/productPage/57203
107236,Brainit - משאלה של פיצה - חדר בריחה קולינרי,brainit,אטרקציות,396.0,601.0,34%,חדרי בריחה,"המלאכה 2, נתניה",,,ללא,https://www.behatsdaa.org.il/category/productPage/107236
150993,אסקייפ פלאנט - חדרי בריחה - הארי פוטר,אסקייפ פלאנט,אטרקציות,296.0,444.0,33%,חדרי בריחה,"דרך בר יהודה 195, נשר",,,אסקייפ פלאנט,https://www.behatsdaa.org.il/category/productPage/150993
169097,My Real Quest- חדר בריחה הנבואה,MY REAL QUEST חדרי בריחה,אטרקציות,297.0,555.0,46%,חדרי בריחה,"התעשייה 37, נשר",,,MY REAL QUEST חדרי בריחה,https://www.behatsdaa.org.il/category/productPage/169097
169103,My Real Quest- חדר בריחה המסע אל העבר,MY REAL QUEST חדרי בריחה,אטרקציות,297.0,555.0,46%,חדרי בריחה,"התעשייה 37, נשר",,,MY REAL QUEST חדרי בריחה,https://www.behatsdaa.org.il/category/productPage/169103
169114,My Real Quest- חדר בריחה צומת העולמות,MY REAL QUEST חדרי בריחה,אטרקציות,297.0,555.0,46%,חדרי בריחה,"התעשייה 37, נשר",,,MY REAL QUEST חדרי בריחה,https://www.behatsdaa.org.il/category/productPage/169114
29101,TLV2048,מחוץ לקופסא tlv 2048,אטרקציות,396.0,515.0,23%,"חדרי בריחה, אטרקציות","דרך בן-צבי  88, תל אביב - יפו",,,ללא,https://www.behatsdaa.org.il/category/productPage/29101
73670,mysticroom מיסטיק רום - NYC במהירות גבוהה,מיסטיק רום,אטרקציות,87.0,475.0,82%,חדרי בריחה,"יוסף קארו 19, תל אביב - יפו",,,מיסטיק רום,https://www.behatsdaa.org.il/category/productPage/73670
73672,mysticroom מיסטיק רום - הצד האחר (the other side),מיסטיק רום,אטרקציות,87.0,475.0,82%,חדרי בריחה,"יוסף קארו 19, תל אביב - יפו",,,מיסטיק רום,https://www.behatsdaa.org.il/category/productPage/73672
73673,mysticroom מיסטיק רום-להציל את הממלכה (משחקי קרב),מיסטיק רום,אטרקציות,555.0,1035.0,46%,חדרי בריחה,"יוסף קארו 19, תל אביב - יפו",,,מיסטיק רום,https://www.behatsdaa.org.il/category/productPage/73673
73674,mysticroom מיסטיק רום - משימה קטלנית,מיסטיק רום,אטרקציות,87.0,475.0,82%,חדרי בריחה,"יוסף קארו 19, תל אביב - יפו",,,מיסטיק רום,https://www.behatsdaa.org.il/category/productPage/73674
73675,mysticroom מיסטיק רום - ספר סודות היקום,מיסטיק רום,אטרקציות,87.0,475.0,82%,חדרי בריחה,"יוסף קארו 19, תל אביב - יפו",,,מיסטיק רום,https://www.behatsdaa.org.il/category/productPage/73675
73676,mysticroom מיסטיק רום - פעולת טרור (משחקי קרב),מיסטיק רום,אטרקציות,555.0,1035.0,46%,חדרי בריחה,"יוסף קארו 19, תל אביב - יפו",,,מיסטיק רום,https://www.behatsdaa.org.il/category/productPage/73676
73677,mysticroom מיסטיק רום - קללת הפרעונים,מיסטיק רום,אטרקציות,87.0,475.0,82%,חדרי בריחה,"יוסף קארו 19, תל אביב - יפו",,,מיסטיק רום,https://www.behatsdaa.org.il/category/productPage/73677
110839,אסקייפ רום - 50 משחקי חדר בריחה בפריסה ארצית,אסקייפ רום,אטרקציות,304.0,537.0,43%,חדרי בריחה,"בית הלל 7, תל אביב - יפו",,,ללא,https://www.behatsdaa.org.il/category/productPage/110839
176425,mysticroom מיסטיק רום - ספר הקסמים,מיסטיק רום,אטרקציות,87.0,475.0,82%,חדרי בריחה,"יוסף קארו 19, תל אביב - יפו",,,מיסטיק רום,https://www.behatsdaa.org.il/category/productPage/176425
153388,איגודן  - סיור במרכז המבקרים,איגודן,אטרקציות,9.0,36.0,75%,אטרקציות,"שדרות מרילנד , ראשון לציון",,,ללא,https://www.behatsdaa.org.il/category/productPage/153388
158074,הנדיב על גלגלים - זכרון יעקב,הנדיב על גלגלים,אטרקציות,462.0,555.0,17%,אטרקציות,"הנדיב על גלגלים , זכרון יעקב",,,ללא,https://www.behatsdaa.org.il/category/productPage/158074
158292,חוות לב הטבע - טיול רכיבה סוסים,חוות לב הטבע,אטרקציות,132.0,455.0,71%,אטרקציות,"הברכות  10, עין ורד",,,חוות לב הטבע,https://www.behatsdaa.org.il/category/productPage/158292
170427,לייזר טאג זון- LASER TAG ZONE,לייזר טאג זון - laser tag zone,אטרקציות,66.0,396.0,83%,אטרקציות,"יהודה הלוי   7 , טבריה",,,לייזר טאג זון - laser tag zone,https://www.behatsdaa.org.il/category/productPage/170427
172445,jumpix - ג'מפיקס- משחקי רצפה אינטראקטיביים,jumpix - ג'מפיקס,אטרקציות,65.0,493.0,87%,אטרקציות,"פינסקר 70, פתח תקווה",,,jumpix - ג'מפיקס,https://www.behatsdaa.org.il/category/productPage/172445
174049,משחקיית ג'ומאנקי,משחקיית ג'ומאנקי,אטרקציות,36.0,137.0,74%,אטרקציות,"מעלה כמון 9, כרמיאל",,,משחקיית ג'ומאנקי,https://www.behatsdaa.org.il/category/productPage/174049
174529,דאדיז- מועדון גלישה,מועדון גלישה דאדיז,אטרקציות,33.0,264.0,88%,אטרקציות,"שכ הים , קיסריה",,,מועדון גלישה דאדיז,https://www.behatsdaa.org.il/category/productPage/174529
174731,גל שוקרון - סיורי אופנה ועיצוב,סיורי אופנה ועיצוב - גל שוקרון,אטרקציות,146.0,291.0,50%,אטרקציות,"חיות פרץ 2, תל אביב - יפו",,,סיורי אופנה ועיצוב - גל שוקרון,https://www.behatsdaa.org.il/category/productPage/174731
176703,Venga Petah Tikva- קיר טיפוס,מועדון טיפוס ונגה פת בעמ,אטרקציות,56.0,56.0,0%,אטרקציות,"שוולב משה 7, פתח תקווה",,,ללא,https://www.behatsdaa.org.il/category/productPage/176703
179246,מצא את המטמון,די תל אביב- D-TLV,אטרקציות,97.0,924.0,90%,אטרקציות,"רוטשילד 39, תל אביב - יפו",,,די תל אביב- D-TLV,https://www.behatsdaa.org.il/category/productPage/179246
184923,משחקיית SIXPLAY - סיקס פליי,משחקיית SIXPLAY,אטרקציות,66.0,616.0,89%,אטרקציות,"גנרל קניג פייר 26, ירושלים",,,משחקיית SIXPLAY,https://www.behatsdaa.org.il/category/productPage/184923
8973,sky trek - כדור פורח,סקיי טרק כדורים פורחים,אטרקציות,330.0,423.0,22%,אטרקציות,". , בית השיטה",,,סקיי טרק כדורים פורחים,https://www.behatsdaa.org.il/category/productPage/8973
44209,אקו דרייב קווסט טריפי,טריפי,אטרקציות,19.0,451.0,96%,אטרקציות,ת.ד 2010 קניון שערי העיר צפת,,,ללא,https://www.behatsdaa.org.il/category/productPage/44209
44361,הכוורת - מרכז מבקרים,הכוורת מרכז מבקרים,אטרקציות,30.0,30.0,0%,אטרקציות,"הכוורת , בית חורון",,,הכוורת מרכז מבקרים,https://www.behatsdaa.org.il/category/productPage/44361
45262,2JUMP פארק טרמפולינות סניף חוצות המפרץ,2jump,אטרקציות,37.0,37.0,0%,אטרקציות,המחקר – אצטדיון נתניה החדש שער 24A,,,2jump,https://www.behatsdaa.org.il/category/productPage/45262
58348,נינג'ה פארק,נינג'ה פארק רחובות,אטרקציות,40.0,616.0,94%,אטרקציות,"מוטי קינד 10, רחובות",,,נינג'ה פארק רחובות,https://www.behatsdaa.org.il/category/productPage/58348
68105,בר בהר- משחק ניווט בהרי ירושלים,איקא מטיילים קצת אחרת,אטרקציות,220.0,396.0,44%,אטרקציות,"חניון נחל קטלב , בר גיורא",,,איקא מטיילים קצת אחרת,https://www.behatsdaa.org.il/category/productPage/68105
68165,סדנת שוקולד כשרה בדה קרינה שוקולד,דה קרינה  מרכז השוקולד,אטרקציות,57.0,57.0,0%,אטרקציות,קיבוץ עין זיוון,,,ללא,https://www.behatsdaa.org.il/category/productPage/68165
97868,מוזיאון חיפה לאמנות,מוזיאון חיפה לאומנות,אטרקציות,17.0,24.0,29%,אטרקציות,"שבתאי לוי , חיפה",,,ללא,https://www.behatsdaa.org.il/category/productPage/97868
98379,מוזיאון העיר חיפה,מוזאון העיר חיפה,אטרקציות,20.0,20.0,0%,אטרקציות,"שדרות הנשיא 89, חיפה",,,ללא,https://www.behatsdaa.org.il/category/productPage/98379
98621,חמישי ירושלמי - סיור בירושלים,איקא מטיילים קצת אחרת,אטרקציות,97.0,185.0,48%,אטרקציות,"חניון נחל קטלב , בר גיורא",,,איקא מטיילים קצת אחרת,https://www.behatsdaa.org.il/category/productPage/98621
21702,טרק ים אכזיב,טרק ים אכזיב,אטרקציות,80.0,104.0,23%,אטרקציות,אכזיב,,,טרק ים אכזיב,https://www.behatsdaa.org.il/category/productPage/21702
25152,מתחם בלום ויליג'- אוהלי אירוח ממוזגים,קמפינג אוהלים ממוזגים כפר בלום,אטרקציות,1840.0,1840.0,0%,"אטרקציות, קמפינג",קיבוץ כפר בלום,,,ללא,https://www.behatsdaa.org.il/category/productPage/25152
2540,קייקי כפר בלום,קייקי כפר בלום,אטרקציות,55.0,219.0,75%,אטרקציות,קיבוץ כפר בלום,,,קייקי כפר בלום,https://www.behatsdaa.org.il/category/productPage/2540
102214,איזי ריידר- סיורים ממונעים בירושלים ( סגווי בעיר),סגווי בעיר,אטרקציות,176.0,348.0,49%,אטרקציות,"דרך חברון 57, ירושלים",,,ללא,https://www.behatsdaa.org.il/category/productPage/102214
23791,מחבואים בחשיכה,מחבואים בחשיכה,אטרקציות,66.0,396.0,83%,אטרקציות,"אלנבי  132, תל אביב - יפו",,,מחבואים בחשיכה,https://www.behatsdaa.org.il/category/productPage/23791
108909,מרכז ארכיאולוגי- פסיפס לוד,מרכז ארכיאולוגי פסיפס לוד,אטרקציות,16.0,33.0,52%,אטרקציות,"החלוץ 19, לוד",,,ללא,https://www.behatsdaa.org.il/category/productPage/108909
108308,אקסטרים שטח עולמי - טיולי איזי ריידר בצפון,אקסטרים שטח עולמי,אטרקציות,40.0,167.0,76%,אטרקציות,". , מגדל",,,ללא,https://www.behatsdaa.org.il/category/productPage/108308
136430,רענן באופן- טיולי אופניים וקלאב קאר,רענן באופן,אטרקציות,66.0,295.0,78%,אטרקציות,". , להבות הבשן",,,ללא,https://www.behatsdaa.org.il/category/productPage/136430
141080,מוזיאון גבעת התחמושת,מוזיאון גבעת התחמושת,אטרקציות,10.0,23.0,57%,אטרקציות,"זלמן שרגאי 5, ירושלים",,,ללא,https://www.behatsdaa.org.il/category/productPage/141080
141512,עולם המים טבריה,עולם המים,אטרקציות,31.0,330.0,91%,אטרקציות,"גדוד ברק 15, טבריה",,,ללא,https://www.behatsdaa.org.il/category/productPage/141512
142298,נוגילולה - משחקיית עץ לילדים - רמת ישי,נוגילולה - משחקיית עץ לילדים,אטרקציות,33.0,616.0,95%,אטרקציות,"אקליפטוס  3, רמת ישי",,,נוגילולה - משחקיית עץ לילדים,https://www.behatsdaa.org.il/category/productPage/142298
159349,"מרכז המבקרים ים המלח ע""ש משה נובומייסקי",מרכז המבקרים ים המלח,אטרקציות,16.0,20.0,20%,אטרקציות,". , ים המלח",,,ללא,https://www.behatsdaa.org.il/category/productPage/159349
159759,גן החיות הלימודי בחיפה,גן החיות הלימודי חיפה,אטרקציות,29.0,29.0,0%,אטרקציות,"התשבי 124, חיפה",,,גן החיות הלימודי חיפה,https://www.behatsdaa.org.il/category/productPage/159759
172725,משחקיית ג'ונגל סיטי - קריית מוצקין,משחקיית ג'ונגל סיטי,אטרקציות,33.0,154.0,79%,אטרקציות,"ירושלים  3 , קרית מוצקין",,,משחקיית ג'ונגל סיטי,https://www.behatsdaa.org.il/category/productPage/172725
172861,קאנטרי בילו - כרטיסיות ומנויים,קאנטרי בילו,אטרקציות,264.0,594.0,56%,אטרקציות,"הבילויים  1, כפר ביל""ו",,,קאנטרי בילו,https://www.behatsdaa.org.il/category/productPage/172861
176149,סירות פדלים בטריפי באר שבע,טריפי באר שבע,אטרקציות,22.0,451.0,95%,אטרקציות,"פארק נחל , באר שבע",,,ללא,https://www.behatsdaa.org.il/category/productPage/176149
176428,מוזיאון ארצות המקרא ירושלים,מוזיאון ארצות המקרא,אטרקציות,15.0,28.0,46%,אטרקציות,"שמואל סטפן וייז 21, ירושלים",,,ללא,https://www.behatsdaa.org.il/category/productPage/176428
178330,משחק ניווט ביער שוהם,איקא מטיילים קצת אחרת,אטרקציות,251.0,410.0,39%,אטרקציות,"חניון נחל קטלב , בר גיורא",,,איקא מטיילים קצת אחרת,https://www.behatsdaa.org.il/category/productPage/178330
183435,"Aqua Boom אקווה בום - ראשל""צ",אקווה בום,אטרקציות,59.0,59.0,0%,אטרקציות,"אחי דקר 13, ראשון לציון",,,אקווה בום,https://www.behatsdaa.org.il/category/productPage/183435
184594,מרוץ התקווה 16.10.2026 בעוטף עזה,טומיקס איוונטים,אטרקציות,50.0,106.0,53%,אטרקציות,". , מיקומים שונים",,,ללא,https://www.behatsdaa.org.il/category/productPage/184594
184595,מרוץ הבוז'ולה 23.10.2026,טומיקס איוונטים,אטרקציות,80.0,126.0,37%,אטרקציות,". , מיקומים שונים",,,ללא,https://www.behatsdaa.org.il/category/productPage/184595
184596,מרוץ העגור 30.10.2026,טומיקס איוונטים,אטרקציות,33.0,126.0,74%,אטרקציות,". , מיקומים שונים",,,ללא,https://www.behatsdaa.org.il/category/productPage/184596
184597,המרתון המדברי 27.11.2026 באילת,טומיקס איוונטים,אטרקציות,24.0,146.0,84%,אטרקציות,". , מיקומים שונים",,,ללא,https://www.behatsdaa.org.il/category/productPage/184597
185163,גלישה בחוף הצוק- ווי סרף  we surf,ווי סרף,אטרקציות,163.0,1030.0,84%,אטרקציות,"חוף הצוק תל אביב , תל אביב - יפו",,,ווי סרף,https://www.behatsdaa.org.il/category/productPage/185163
44352,נינג'ה סטאר - אשדוד,נינג'ה סטאר,אטרקציות,38.0,44.0,14%,אטרקציות,"צומת עד הלום, קניון פאור סנטר ONE  , אשדוד",,,נינג'ה סטאר הוד השרון,https://www.behatsdaa.org.il/category/productPage/44352
69783,נינג'ה סטאר - רחובות,נינג'ה סטאר רחובות,אטרקציות,38.0,44.0,14%,אטרקציות,"דרך הים 1 , רחובות",,,ללא,https://www.behatsdaa.org.il/category/productPage/69783
109425,ארכיאולוג ליום אחד בגן הלאומי בבית גוברין,ארכיאולוג ליום אחד,אטרקציות,48.0,62.0,23%,אטרקציות,"ד.נ. האלה , נתיב הל""ה",,,ללא,https://www.behatsdaa.org.il/category/productPage/109425
111424,מועדון שייט אשדוד - חבילות שייט,מועדון שייט אשדוד,אטרקציות,23.0,46.0,50%,אטרקציות,"אוניון 1, אשדוד",,,ללא,https://www.behatsdaa.org.il/category/productPage/111424
702,חי פארק,חי פארק,אטרקציות,36.0,75.0,52%,אטרקציות,"החשמונאים 79, קרית מוצקין",,,חי פארק,https://www.behatsdaa.org.il/category/productPage/702
22500,רוב רוי,רוב רוי,אטרקציות,44.0,58.0,24%,אטרקציות,"מתחם הירדנית – קיבוץ כנרת , כנרת (מושבה)",,,ללא,https://www.behatsdaa.org.il/category/productPage/22500
2246,מעלית הזמן בירושלים,מעלית הזמן,אטרקציות,32.0,32.0,0%,אטרקציות,"יצחק קריב 6, ירושלים",,,ללא,https://www.behatsdaa.org.il/category/productPage/2246
67102,לינו מוטורס - השכרת טרקטורונים חשמליים,לינומוטורס,אטרקציות,79.0,198.0,60%,אטרקציות,"האלון 1, בית דגן",,,ללא,https://www.behatsdaa.org.il/category/productPage/67102
70998,נוף פארק גליל - גן חי וגן בוטני,פארק נוף הגליל,אטרקציות,13.0,49.0,73%,אטרקציות,"שדרות מעלה יצחק  4, נוף הגליל",,,ללא,https://www.behatsdaa.org.il/category/productPage/70998
71001,נוף פארק פלנטריום – vplanet,פארק נוף הגליל,אטרקציות,33.0,33.0,0%,אטרקציות,"שדרות מעלה יצחק  4, נוף הגליל",,,ללא,https://www.behatsdaa.org.il/category/productPage/71001
98380,מוזיאון טיקוטין לאמנות יפנית,מוזיאון טיקוטין לאומנות יפנית,אטרקציות,17.0,24.0,29%,אטרקציות,"שדרות הנשיא 89, חיפה",,,ללא,https://www.behatsdaa.org.il/category/productPage/98380
177333,טרקטורונים ורייזרים - עמק חפר,טרקטורוני עמק חפר,אטרקציות,429.0,495.0,13%,אטרקציות,"דרך הכפר 108, כפר ויתקין",,,טרקטורוני עמק חפר,https://www.behatsdaa.org.il/category/productPage/177333
726,מוזיאון הילדים חולון,מוזיאון הילדים - חולון,אטרקציות,46.0,46.0,0%,אטרקציות,"מפרץ שלמה, פארק פרס 66, חולון",,,ללא,https://www.behatsdaa.org.il/category/productPage/726
24393,מאנקיז קיר טיפוס נתניה,מאנקיז קיר טיפוס,אטרקציות,36.0,55.0,35%,אטרקציות,"מתחם נצבא פולג קומהא , נתניה",,,ללא,https://www.behatsdaa.org.il/category/productPage/24393
40360,גרביטי פארק - כרמיאל,גרביטי פארק,אטרקציות,39.0,643.0,94%,אטרקציות,"היוצרים 6, כפר סבא",,,ללא,https://www.behatsdaa.org.il/category/productPage/40360
44760,לייזר סטריט רעננה,לייזר טאג - לייזר סטריט רעננה,אטרקציות,31.0,204.0,85%,אטרקציות,"הסדנה  2, רעננה",,,לייזר טאג - לייזר סטריט רעננה,https://www.behatsdaa.org.il/category/productPage/44760
73722,גרביטי פארק - ירושלים,גרביטי פארק,אטרקציות,39.0,643.0,94%,אטרקציות,"היוצרים 6, כפר סבא",,,ללא,https://www.behatsdaa.org.il/category/productPage/73722
96800,קיר יואב - XPARK - אקס פארק חיפה,קיר יואב אקספארק חיפה,אטרקציות,50.0,50.0,0%,אטרקציות,"קדושי יאסי 2, חיפה",,,קיר יואב אקספארק חיפה,https://www.behatsdaa.org.il/category/productPage/96800
110420,גרביטי פארק - נתניה,גרביטי פארק,אטרקציות,39.0,643.0,94%,אטרקציות,"היוצרים 6, כפר סבא",,,ללא,https://www.behatsdaa.org.il/category/productPage/110420
114123,גרביטי פארק כפר סבא,גרביטי פארק,אטרקציות,39.0,643.0,94%,אטרקציות,"היוצרים 6, כפר סבא",,,ללא,https://www.behatsdaa.org.il/category/productPage/114123
137238,מטיילים עם עדן- סיורים מודרכים,מטיילים עם עדן,אטרקציות,93.0,93.0,0%,אטרקציות,"בלינסון 16, חיפה",,,ללא,https://www.behatsdaa.org.il/category/productPage/137238
137528,חווית ג'יפים ורייזרים בגולן טרקטורוני נחום,חווית ג'יפים ורייזרים בגולן טרקטורוני נחום,אטרקציות,440.0,1100.0,60%,אטרקציות,"חד נס , רמת הגולן",,,ללא,https://www.behatsdaa.org.il/category/productPage/137528
137888,גרביטי פארק יס פלאנט ראשון לציון,גרביטי פארק,אטרקציות,39.0,643.0,94%,אטרקציות,"היוצרים 6, כפר סבא",,,ללא,https://www.behatsdaa.org.il/category/productPage/137888
140694,FULL GAMES- ג'ימבורי לייזר טאג ועוד,פול גיימס,אטרקציות,32.0,145.0,78%,אטרקציות,"המרכבה  40, חולון",,,פול גיימס,https://www.behatsdaa.org.il/category/productPage/140694
141978,אתגר בהר	- סאסא,אתגר בהר,אטרקציות,14.0,80.0,82%,אטרקציות,". , סאסא",,,אתגר בהר,https://www.behatsdaa.org.il/category/productPage/141978
142223,גרביטי פארק יהוד,גרביטי פארק,אטרקציות,39.0,643.0,94%,אטרקציות,"היוצרים 6, כפר סבא",,,ללא,https://www.behatsdaa.org.il/category/productPage/142223
145127,גרביטי פארק עכו,גרביטי פארק,אטרקציות,39.0,643.0,94%,אטרקציות,"היוצרים 6, כפר סבא",,,ללא,https://www.behatsdaa.org.il/category/productPage/145127
152376,מטאור תצפית כוכבים,מטאור תצפיות כוכבים,אטרקציות,44.0,75.0,41%,אטרקציות,"שעל , רמת הגולן",,,מטאור תצפיות כוכבים,https://www.behatsdaa.org.il/category/productPage/152376
154519,נינג'ה אקסטרים חדרה,נינג'ה אקסטרים,אטרקציות,108.0,146.0,26%,אטרקציות,"צה""ל 35, חדרה",,,נינג'ה אקסטרים,https://www.behatsdaa.org.il/category/productPage/154519
155598,רשת טיפוס אורבני,רשת טיפוס אורבני,אטרקציות,58.0,58.0,0%,אטרקציות,מיקומים שונים,,,ללא,https://www.behatsdaa.org.il/category/productPage/155598
165279,גרביטי פארק - בת ים,גרביטי פארק,אטרקציות,39.0,643.0,94%,אטרקציות,"היוצרים 6, כפר סבא",,,ללא,https://www.behatsdaa.org.il/category/productPage/165279
172383,מאנקיז קיר טיפוס אשדוד,מאנקיז אשדוד,אטרקציות,55.0,55.0,0%,אטרקציות,"מתחם עד הלום , אשדוד",,,מאנקיז אשדוד,https://www.behatsdaa.org.il/category/productPage/172383
177174,גרביטי פארק חולון,גרביטי פארק,אטרקציות,39.0,643.0,94%,אטרקציות,"היוצרים 6, כפר סבא",,,ללא,https://www.behatsdaa.org.il/category/productPage/177174
178822,גרביטי פארק מול ויליג' חדרה,גרביטי פארק,אטרקציות,39.0,643.0,94%,אטרקציות,"היוצרים 6, כפר סבא",,,ללא,https://www.behatsdaa.org.il/category/productPage/178822
181071,ספייס ראן VR,ספייס ראן VR,אטרקציות,91.0,361.0,75%,אטרקציות,"לישנסקי יוסף 20, ראשון לציון",,,ספייס ראן VR,https://www.behatsdaa.org.il/category/productPage/181071
181780,קרייזי רומס,קרייזי רומס,אטרקציות,66.0,176.0,62%,אטרקציות,"גשר עד הלום , אשדוד",,,קרייזי רומס,https://www.behatsdaa.org.il/category/productPage/181780
184725,גרביטי פארק שבעת הכוכבים הרצליה,גרביטי פארק,אטרקציות,71.0,352.0,80%,אטרקציות,"היוצרים 6, כפר סבא",,,ללא,https://www.behatsdaa.org.il/category/productPage/184725
185640,אייס פלאנט - אשדוד - החלקה על הקרח,"אייס פלאנט בע""מ",אטרקציות,50.0,97.0,48%,אטרקציות,"נורדאו 11, אשדוד",,,"אייס פלאנט בע""מ",https://www.behatsdaa.org.il/category/productPage/185640
274,חמת גדר,חמת גדר,אטרקציות,79.0,87.0,9%,אטרקציות,"חמת גדר , טבריה",,,חמת גדר,https://www.behatsdaa.org.il/category/productPage/274
19715,מוזיאון המוזיקה העברי,מוזיאון המוזיקה העברי,אטרקציות,26.0,32.0,19%,אטרקציות,"יואל משה סלומון  10 , ירושלים",,,ללא,https://www.behatsdaa.org.il/category/productPage/19715
160601,Speed גלאקסיה - שייט בחללית האילתית,גלאקסיה,אטרקציות,68.0,103.0,34%,אטרקציות,מרינה אילת,,,גלאקסיה,https://www.behatsdaa.org.il/category/productPage/160601
175914,הפלגה ביאכטה מונטה קרלו - אילת,יאכטה מונטה קרלו אילת,אטרקציות,748.0,880.0,15%,אטרקציות,"קאמן 10, אילת",,,יאכטה מונטה קרלו אילת,https://www.behatsdaa.org.il/category/productPage/175914
179892,חמת גדר - גלמפינג כולל כניסה לחמת גדר,חמת גדר,אטרקציות,990.0,1100.0,10%,"אטרקציות, קמפינג","חמת גדר , טבריה",,,חמת גדר,https://www.behatsdaa.org.il/category/productPage/179892
11487,קולנוע 7 מימדים - ים המלח,פנטזי ים המלח,אטרקציות,47.0,80.0,41%,אטרקציות,עין בוקק ים המלח-מלון לאונרדו קלאב,,,ללא,https://www.behatsdaa.org.il/category/productPage/11487
11520,עיר דוד,עיר דוד,אטרקציות,34.0,88.0,61%,אטרקציות,"דרך חברון  183, ירושלים",,,ללא,https://www.behatsdaa.org.il/category/productPage/11520
14033,בבילון פארק - כרטיסים נטענים לבחירה - אילת,בבילון אילת,אטרקציות,75.0,499.0,85%,אטרקציות,"קאמפן 10, אילת",,,ללא,https://www.behatsdaa.org.il/category/productPage/14033
84424,לייזר טאג - tower - tag,sky-vr- משחקי בריחה וירטואלים + טאוור טאג,אטרקציות,73.0,433.0,83%,אטרקציות,"אפעל 23, פתח תקווה",,,ללא,https://www.behatsdaa.org.il/category/productPage/84424
96059,טכנודע- מוזיאון הרפואה,טכנודע,אטרקציות,49.0,49.0,0%,אטרקציות,"הרב ניסים 2, חדרה",,,ללא,https://www.behatsdaa.org.il/category/productPage/96059
149683,מערת צדקיהו וטיילת החומות - ירושלים,מערת צדקיהו וטיילת החומות,אטרקציות,10.0,43.0,77%,אטרקציות,"סולטן סולימן ., ירושלים",,,ללא,https://www.behatsdaa.org.il/category/productPage/149683
2365,רשת דן קרטינג נהיגה בקארטינג,דן קארטינג,אטרקציות,92.0,143.0,36%,אטרקציות,"משה פלימן 4, חיפה",,,דן קארטינג,https://www.behatsdaa.org.il/category/productPage/2365
6301,דרך העץ,דרך העץ,אטרקציות,22.0,47.0,53%,אטרקציות,שדמות דבורה,,,דרך העץ,https://www.behatsdaa.org.il/category/productPage/6301
760,טייפון הרחפת,טייפון הרחפת,אטרקציות,44.0,396.0,89%,אטרקציות,"התורן 2, אילת",,,טייפון הרחפת,https://www.behatsdaa.org.il/category/productPage/760
71450,רוג'ום - קיר טיפוס,רוג'ום מועדון טיפוס וטבע,אטרקציות,37.0,352.0,89%,אטרקציות,"כיכר ההסתדרות 4, קרית שמונה",,,רוג'ום מועדון טיפוס וטבע,https://www.behatsdaa.org.il/category/productPage/71450
72220,שייט בסייל אילת,סייל אילת,אטרקציות,458.0,726.0,37%,אטרקציות,"שדרות התמרים  3, אילת",,,סייל אילת,https://www.behatsdaa.org.il/category/productPage/72220
109135,פארק קרסו למדע,פארק קרסו למדע,אטרקציות,36.0,36.0,0%,אטרקציות,"העצמאות 79, באר שבע",,,פארק קרסו למדע,https://www.behatsdaa.org.il/category/productPage/109135
149708,אקווה פאן - ספורט ימי,אקווה פאן אילת,אטרקציות,40.0,106.0,62%,אטרקציות,"מרינה , אילת",,,אקווה פאן אילת,https://www.behatsdaa.org.il/category/productPage/149708
150738,לעוף על המים - אטרקציה באילת,לעוף על המים,אטרקציות,53.0,88.0,40%,אטרקציות,"מרינה צפונית , אילת",,,ללא,https://www.behatsdaa.org.il/category/productPage/150738
155287,רשת פליי גיים- play game- כרטיס משחק נטען,רשת פליי גיים- play game,אטרקציות,20.0,112.0,82%,אטרקציות,". , מיקומים שונים",,,רשת פליי גיים- play game,https://www.behatsdaa.org.il/category/productPage/155287
158663,חאן דרך העץ,דרך העץ,אטרקציות,60.0,297.0,80%,"אטרקציות, קמפינג",שדמות דבורה,,,דרך העץ,https://www.behatsdaa.org.il/category/productPage/158663
167014,משחקיית סקיי פליי - sky play,משחקיית סקיי פליי- sky play,אטרקציות,39.0,39.0,0%,אטרקציות,"סשה ארגוב 23, רעננה",,,ללא,https://www.behatsdaa.org.il/category/productPage/167014
168115,פליי פנדה – play panda - ראשון לציון,פליי פנדה,אטרקציות,14.0,198.0,93%,אטרקציות,"היכל התרבות  , ראשון לציון",,,פליי פנדה,https://www.behatsdaa.org.il/category/productPage/168115
173850,סיטי פארק רננים - מתחם חוויה ואקסטרים לכל המשפחה,Street Games,אטרקציות,31.0,37.0,16%,אטרקציות,"עתיר ידע 4, כפר סבא",,,ללא,https://www.behatsdaa.org.il/category/productPage/173850
177724,פליי פנדה – play panda - חיפה,רשת פליי גיים- play game,אטרקציות,14.0,198.0,93%,אטרקציות,". , מיקומים שונים",,,רשת פליי גיים- play game,https://www.behatsdaa.org.il/category/productPage/177724
14038,אקסטרים פארק אתגרי - עכו,אקסטרים פארק עכו,אטרקציות,66.0,66.0,0%,אטרקציות,"שלום הגליל  3 , עכו",,,אקסטרים פארק עכו,https://www.behatsdaa.org.il/category/productPage/14038
21719,ג'ונגל כיף,ג'ונגל כיף,אטרקציות,35.0,131.0,73%,אטרקציות,בית זרע,,,ללא,https://www.behatsdaa.org.il/category/productPage/21719
40162,המוזיאון הישראלי לקריקטורה וקומיקס,מוזיאון הקומיקס,אטרקציות,10.0,10.0,0%,אטרקציות,"גולדה מאיר  6, חולון",,,ללא,https://www.behatsdaa.org.il/category/productPage/40162
40165,מוזיאון העיצוב - חולון,מוזיאון העיצוב חולון,אטרקציות,17.0,33.0,48%,אטרקציות,"פנחס אילון 8, חולון",,,ללא,https://www.behatsdaa.org.il/category/productPage/40165
95232,מוזיאון מורשת אחוזת דוברובין - יסוד המעלה,מוזיאון אחוזת דוברובין,אטרקציות,17.0,17.0,0%,אטרקציות,"השמורה, יסוד המעלה תד 124",,,ללא,https://www.behatsdaa.org.il/category/productPage/95232
97861,המוזיאון הימי הלאומי,המוזיאון הימי הלאומי,אטרקציות,17.0,24.0,29%,אטרקציות,"שבתאי לוי , חיפה",,,ללא,https://www.behatsdaa.org.il/category/productPage/97861
99646,יאכטות אילת - שייט בים האדום,יאכטות אילת,אטרקציות,42.0,42.0,0%,אטרקציות,מרינה אילת,,,ללא,https://www.behatsdaa.org.il/category/productPage/99646
107487,חוות צהלה - טיולי רכיבה על סוסים,חוות צהלה,אטרקציות,125.0,858.0,85%,אטרקציות,"חוות צהלה , מבוא חורון",,,ללא,https://www.behatsdaa.org.il/category/productPage/107487
135616,טיול ג'יפים - רפטינג נהר הירדן,רפטינג נהר הירדן,אטרקציות,528.0,608.0,13%,אטרקציות,"ת.ד  3, ראש פינה",,,רפטינג נהר הירדן,https://www.behatsdaa.org.il/category/productPage/135616
135617,פיינטבול - רפטינג נהר הירדן,רפטינג נהר הירדן,אטרקציות,71.0,71.0,0%,אטרקציות,"ת.ד  3, ראש פינה",,,רפטינג נהר הירדן,https://www.behatsdaa.org.il/category/productPage/135617
149772,היאכטה של בני,יאכטה שונית אילת,אטרקציות,608.0,608.0,0%,אטרקציות,"אברהם אבינו  4, אילת",,,יאכטה שונית אילת,https://www.behatsdaa.org.il/category/productPage/149772
151833,ספורט ימי באילת חיים דוד - פעילות לכל המשפחה!,ספורט ימי באילת חיים דוד,אטרקציות,88.0,88.0,0%,אטרקציות,"מרינה מלון מג'יק פאלאס , אילת",,,ספורט ימי באילת חיים דוד,https://www.behatsdaa.org.il/category/productPage/151833
154458,טיולי ג'יפים - אילת דזרט,eilat desert tours,אטרקציות,73.0,352.0,79%,אטרקציות,"נחל חיון 16 , אילת",,,eilat desert tours,https://www.behatsdaa.org.il/category/productPage/154458
155720,באמפ קאר אילת- מכוניות מתנגשות,באמפ קאר אילת,אטרקציות,22.0,132.0,83%,אטרקציות,"דרך הערבה 3, אילת",,,באמפ קאר אילת,https://www.behatsdaa.org.il/category/productPage/155720
176327,חפש את המטמון,חפש תמטמון,אטרקציות,119.0,198.0,40%,אטרקציות,"מלון מפרץ השמש , אילת",,,חפש תמטמון,https://www.behatsdaa.org.il/category/productPage/176327
185423,לייזר טאג צפון,לייזר טאג הצפון,אטרקציות,86.0,330.0,74%,אטרקציות,"צומת מעיין ברוך  , הגושרים",,,לייזר טאג הצפון,https://www.behatsdaa.org.il/category/productPage/185423
185604,פארק אקסטרים ברקו בכנרת,פארק האקסטרים ברקו,אטרקציות,56.0,119.0,53%,אטרקציות,"שד קפלן אליעזר , טבריה",,,ללא,https://www.behatsdaa.org.il/category/productPage/185604
212,מסע באיזי שאר ישוב,מסע באיזי,אטרקציות,58.0,352.0,84%,אטרקציות,שאר ישוב,,,ללא,https://www.behatsdaa.org.il/category/productPage/212
229,מעיינות חמי טבריה,חמי טבריה,אטרקציות,36.0,88.0,59%,"אטרקציות, פארקי מים ובריכות","שדרות אליעזר קפלן 1, טבריה",,,ללא,https://www.behatsdaa.org.il/category/productPage/229
748,מוזיאון הרצל,מוזיאון הרצל,אטרקציות,14.0,18.0,22%,אטרקציות,"שדרות הרצל, הר הרצל , ירושלים",,,ללא,https://www.behatsdaa.org.il/category/productPage/748
11766,חוויה מתוקה -מרכז המבקרים בקיבוץ יד מרדכי,תיירות יד מרדכי,אטרקציות,20.0,35.0,43%,אטרקציות,יד מרדכי,,,תיירות יד מרדכי,https://www.behatsdaa.org.il/category/productPage/11766
761,ספינת זכוכית ישראל ים,ישראל ים,אטרקציות,31.0,31.0,0%,אטרקציות,"ת""ד 2515, מגדל ים סוף, טיילת החוף הצפוני , אילת",,,ישראל ים,https://www.behatsdaa.org.il/category/productPage/761
3141,טיולי ג'יפים באילת סול טורס,סול טורס,אטרקציות,109.0,154.0,29%,אטרקציות,"עין יהב  64, אילת",,,סול טורס,https://www.behatsdaa.org.il/category/productPage/3141
27130,ישראל ים - שייט בסירת מנוע - פרטי או קבוצתי,ישראל ים,אטרקציות,40.0,484.0,92%,אטרקציות,"ת""ד 2515, מגדל ים סוף, טיילת החוף הצפוני , אילת",,,ישראל ים,https://www.behatsdaa.org.il/category/productPage/27130
59211,גלאקסיה ספינת זכוכית,גלאקסיה,אטרקציות,36.0,172.0,79%,אטרקציות,מרינה אילת,,,גלאקסיה,https://www.behatsdaa.org.il/category/productPage/59211
103810,מצנח ימי במצנחי ים סוף אילת,מצנחי ים סוף,אטרקציות,102.0,304.0,66%,אטרקציות,"חוף נביעות , אילת",,,מצנחי ים סוף,https://www.behatsdaa.org.il/category/productPage/103810
146091,אטרקציות הים האדום - ספורט ימי באילת,אטרקציות הים האדום,אטרקציות,88.0,176.0,50%,אטרקציות,"מרינה צפונית , אילת",,,ללא,https://www.behatsdaa.org.il/category/productPage/146091
180055,אטלנטיס ספורט ימי,אטלנטיס ספורט ימי,אטרקציות,99.0,414.0,76%,אטרקציות,"המים 1, אילת",,,אטלנטיס ספורט ימי,https://www.behatsdaa.org.il/category/productPage/180055
183725,לונה פארק בילו סנטר,לונה פארק בילו סנטר,אטרקציות,53.0,93.0,43%,אטרקציות,"בילו סנטר , קרית עקרון",,,לונה פארק בילו סנטר,https://www.behatsdaa.org.il/category/productPage/183725
60570,גל אלמוג - שיעורי גלישה/השכרה - חוף נאות,רואים את האופק בים,אטרקציות,62.0,1320.0,95%,אטרקציות,"מרכז ימי, חוף כאן , קרית חיים",,,רואים את האופק בים,https://www.behatsdaa.org.il/category/productPage/60570
140697,נאון מיני גולף  - Neon golf,נאון מיני גולף,אטרקציות,40.0,106.0,62%,אטרקציות,"בר כוכבא 72, פתח תקווה",,,ללא,https://www.behatsdaa.org.il/category/productPage/140697
142657,גבינות ברמות- סדנאות גבינות בוטיק,גבינות ברמות,אטרקציות,309.0,2122.0,85%,אטרקציות,"הפקאן  6, רמות השבים",,,גבינות ברמות,https://www.behatsdaa.org.il/category/productPage/142657
156432,לייזר סיטי גלילות,לייזר סיטי גלילות,אטרקציות,93.0,231.0,60%,אטרקציות,"גלילות  , רמת השרון",,,לייזר סיטי גלילות,https://www.behatsdaa.org.il/category/productPage/156432
64644,GoJump – צניחה חופשית ים המלח ומצדה,הצנחניה,אטרקציות,792.0,1056.0,25%,אטרקציות,". , מיקומים שונים",,,הצנחניה,https://www.behatsdaa.org.il/category/productPage/64644
161100,רשת בבילון פארק - ימי הולדת,בבילון גיימס,אטרקציות,616.0,616.0,0%,אטרקציות,"דרך מנחם בגין  144, תל אביב - יפו",,,ללא,https://www.behatsdaa.org.il/category/productPage/161100
45073,לייזר סיטי - סניף באר שבע,באולינג 7,אטרקציות,35.0,35.0,0%,אטרקציות,"חיל הנדסה 1, באר שבע",,,ללא,https://www.behatsdaa.org.il/category/productPage/45073
7990,ספירל פארק - טרמינל אילת,ספירל פארק ובוסטר אילת,אטרקציות,14.0,46.0,70%,אטרקציות,"מגדל ים סוף , אילת",,,ללא,https://www.behatsdaa.org.il/category/productPage/7990
45378,לייזר טאג זוגי ים המלח,פנטזי ים המלח,אטרקציות,84.0,150.0,44%,אטרקציות,עין בוקק ים המלח-מלון לאונרדו קלאב,,,ללא,https://www.behatsdaa.org.il/category/productPage/45378
184487,אייס פליי אילת - זירו גראביטי,אייס פליי אילת Ice play Eilat,אטרקציות,40.0,40.0,0%,אטרקציות,"קאמפן 8, אילת",,,אייס פליי אילת Ice play Eilat,https://www.behatsdaa.org.il/category/productPage/184487
8663,טיול גמלים בחוות הגמלים באילת,חוות הגמלים,אטרקציות,57.0,130.0,56%,אטרקציות,"חוות הגמלים נחל שלמה ת.ד. 1553 , אילת",,,ללא,https://www.behatsdaa.org.il/category/productPage/8663
174031,פארק חבלים בחוות הגמלים,חוות הגמלים,אטרקציות,40.0,141.0,72%,אטרקציות,"חוות הגמלים נחל שלמה ת.ד. 1553 , אילת",,,ללא,https://www.behatsdaa.org.il/category/productPage/174031
10962,טופ 94 פארק אתגרים אילת,טופ 94 פארק אתגרים,אטרקציות,20.0,119.0,83%,אטרקציות,"השרברב  1 , אילת",,,טופ 94 פארק אתגרים,https://www.behatsdaa.org.il/category/productPage/10962
176457,טופ 94-טיולי טרקטורונים ורייזרים באילת,טופ 94 פארק אתגרים,אטרקציות,297.0,396.0,25%,אטרקציות,"השרברב  1 , אילת",,,טופ 94 פארק אתגרים,https://www.behatsdaa.org.il/category/productPage/176457
62416,וולטר פארק אשדוד - משחקיה מתחת למים,וולטר פארק,אטרקציות,24.0,33.0,27%,אטרקציות,"האורגים  2, אשדוד",,,ללא,https://www.behatsdaa.org.il/category/productPage/62416
17366,בבילון אילת,בבילון אילת,אטרקציות,22.0,616.0,96%,אטרקציות,"קאמפן 10, אילת",,,ללא,https://www.behatsdaa.org.il/category/productPage/17366
19692,חוף קיסוסקי ספורט ימי,קיסוסקי אילת,אטרקציות,44.0,298.0,85%,אטרקציות,"דרך פעמי השלום  1, אילת",,,קיסוסקי אילת,https://www.behatsdaa.org.il/category/productPage/19692
19896,חוף חנניה ספורט ימי ושייט אילת,חוף חנניה + ז'ול ורן,אטרקציות,40.0,229.0,83%,אטרקציות,"מרינה אילת, ת.ד 12313 אילת",,,חוף חנניה + ז'ול ורן,https://www.behatsdaa.org.il/category/productPage/19896
109570,חוף חנניה - ריחוף במצנח ים,חוף חנניה + ז'ול ורן,אטרקציות,119.0,119.0,0%,אטרקציות,"מרינה אילת, ת.ד 12313 אילת",,,חוף חנניה + ז'ול ורן,https://www.behatsdaa.org.il/category/productPage/109570
19897,ספינת זכוכית ז'ול וורן,חוף חנניה + ז'ול ורן,אטרקציות,16.0,41.0,61%,אטרקציות,"מרינה אילת, ת.ד 12313 אילת",,,חוף חנניה + ז'ול ורן,https://www.behatsdaa.org.il/category/productPage/19897
24356,קולנוע 7 ממדים - אילת,פנטזי אילת,אטרקציות,47.0,80.0,41%,אטרקציות,"קאמפן  8, אילת",,,ללא,https://www.behatsdaa.org.il/category/productPage/24356
25149,סימגול סניף אילת,פנטזי אילת,אטרקציות,37.0,37.0,0%,אטרקציות,"קאמפן  8, אילת",,,ללא,https://www.behatsdaa.org.il/category/productPage/25149
25150,מבוך מראות – כרטיס זוגי ומשפחתי,פנטזי אילת,אטרקציות,47.0,80.0,41%,אטרקציות,"קאמפן  8, אילת",,,ללא,https://www.behatsdaa.org.il/category/productPage/25150
27996,לייזר טאג אילת - כרטיס זוגי ומשפחתי,פנטזי אילת,אטרקציות,93.0,185.0,50%,אטרקציות,"קאמפן  8, אילת",,,ללא,https://www.behatsdaa.org.il/category/productPage/27996
29113,הגן הבוטני אילת,הגן הבוטני אילת,אטרקציות,16.0,20.0,20%,אטרקציות,"כרמל  14, אילת",,,הגן הבוטני אילת,https://www.behatsdaa.org.il/category/productPage/29113
43017,מטווח סטרייקבול דינמי באנג אילת,סטרייקבול אילת,אטרקציות,39.0,106.0,63%,אטרקציות,"בית הגשר , אילת",,,ללא,https://www.behatsdaa.org.il/category/productPage/43017
68644,המנוף האנושי - קניון אייסמול - אילת,פנטזי אילת,אטרקציות,37.0,37.0,0%,אטרקציות,"קאמפן  8, אילת",,,ללא,https://www.behatsdaa.org.il/category/productPage/68644
141966,השור הזועם - קניון אייסמול - אילת,פנטזי אילת,אטרקציות,27.0,27.0,0%,אטרקציות,"קאמפן  8, אילת",,,ללא,https://www.behatsdaa.org.il/category/productPage/141966
159152,פנטזי אילת - ספינת קרב,פנטזי אילת,אטרקציות,47.0,47.0,0%,אטרקציות,"קאמפן  8, אילת",,,ללא,https://www.behatsdaa.org.il/category/productPage/159152
160011,גריין אקסטרים אילת,גרין אקסטרים אילת,אטרקציות,31.0,50.0,38%,אטרקציות,"דרך הערבה  3, אילת",,,גרין אקסטרים אילת,https://www.behatsdaa.org.il/category/productPage/160011
180057,אומגה טרמינל אילת,אומגה טרמינל אילת,אטרקציות,46.0,46.0,0%,אטרקציות,"הטרמינל , אילת",,,אומגה טרמינל אילת,https://www.behatsdaa.org.il/category/productPage/180057
182592,פנטזי אילת- מטווח אייר סופט,פנטזי אילת,אטרקציות,40.0,74.0,46%,אטרקציות,"קאמפן  8, אילת",,,ללא,https://www.behatsdaa.org.il/category/productPage/182592
182596,פנטזי אילת- רכבת המערב הפרוע,פנטזי אילת,אטרקציות,17.0,30.0,43%,אטרקציות,"קאמפן  8, אילת",,,ללא,https://www.behatsdaa.org.il/category/productPage/182596
182604,פנטזי אילת- משחקי יריד- חישוק הזהב וסל המזל,פנטזי אילת,אטרקציות,23.0,34.0,32%,אטרקציות,"קאמפן  8, אילת",,,ללא,https://www.behatsdaa.org.il/category/productPage/182604
182606,פנטזי אילת- רובה צלפים,פנטזי אילת,אטרקציות,21.0,21.0,0%,אטרקציות,"קאמפן  8, אילת",,,ללא,https://www.behatsdaa.org.il/category/productPage/182606
182610,פטנזי אילת- משחקי VR,פנטזי אילת,אטרקציות,21.0,21.0,0%,אטרקציות,"קאמפן  8, אילת",,,ללא,https://www.behatsdaa.org.il/category/productPage/182610
182977,פנטזי אילת - כרטיסיות,פנטזי אילת,אטרקציות,119.0,176.0,32%,אטרקציות,"קאמפן  8, אילת",,,ללא,https://www.behatsdaa.org.il/category/productPage/182977
184133,פנטזי אילת- סדנת שוקולד חווייתית,פנטזי אילת,אטרקציות,100.0,166.0,40%,אטרקציות,"קאמפן  8, אילת",,,ללא,https://www.behatsdaa.org.il/category/productPage/184133
185433,מטווח קומנדו אילת- החוויה הצבאית החדשה של אילת,מטווח קומנדו אילת,אטרקציות,56.0,56.0,0%,אטרקציות,"דרך הערבה 3, אילת",,,מטווח קומנדו אילת,https://www.behatsdaa.org.il/category/productPage/185433
848,מוזיאון העפלה וחיל הים - חינם,מוזיאון צבאי כניסה חינם,אטרקציות,0.0,0.0,100%,אטרקציות,,,,ללא,https://www.behatsdaa.org.il/category/productPage/848
849,מוזיאון בית השומר - חינם,מוזיאון צבאי כניסה חינם,אטרקציות,0.0,0.0,100%,אטרקציות,,,,ללא,https://www.behatsdaa.org.il/category/productPage/849
854,מוזיאון ג'וערה - חינם,מוזיאון צבאי כניסה חינם,אטרקציות,0.0,0.0,100%,אטרקציות,,,,ללא,https://www.behatsdaa.org.il/category/productPage/854
28120,2JUMP פארק טרמפולינות סניף חדרה,2jump,אטרקציות,37.0,37.0,0%,אטרקציות,המחקר – אצטדיון נתניה החדש שער 24A,,,2jump,https://www.behatsdaa.org.il/category/productPage/28120
841,"מוזיאון ההגנה ע""ש אליהו גולומב - חינם",מוזיאון צבאי כניסה חינם,אטרקציות,0.0,0.0,100%,אטרקציות,,,,ללא,https://www.behatsdaa.org.il/category/productPage/841
842,"מוזיאון האצ""ל ע""ש עמיחי פגלין - חינם",מוזיאון צבאי כניסה חינם,אטרקציות,0.0,0.0,100%,אטרקציות,,,,ללא,https://www.behatsdaa.org.il/category/productPage/842
843,"מוזיאון הלח""י ע""ש יאיר שטרן - חינם",מוזיאון צבאי כניסה חינם,אטרקציות,0.0,0.0,100%,אטרקציות,,,,ללא,https://www.behatsdaa.org.il/category/productPage/843
845,"מוזיאון האצ""ל - בית ז'בוטינסקי - חינם",מוזיאון צבאי כניסה חינם,אטרקציות,0.0,0.0,100%,אטרקציות,,,,ללא,https://www.behatsdaa.org.il/category/productPage/845
853,מוזיאון בית הגדודים העבריים - חינם,מוזיאון צבאי כניסה חינם,אטרקציות,0.0,0.0,100%,אטרקציות,,,,ללא,https://www.behatsdaa.org.il/category/productPage/853
863,"מוזיאון בתי האוסף לתולדות צה""ל - חינם",מוזיאון צבאי כניסה חינם,אטרקציות,0.0,0.0,100%,אטרקציות,,,,ללא,https://www.behatsdaa.org.il/category/productPage/863
2047,החוויה האולימפית - תל אביב,הועד האולימפי בישראל,אטרקציות,30.0,30.0,0%,אטרקציות,"שטרית  6, תל אביב - יפו",,,ללא,https://www.behatsdaa.org.il/category/productPage/2047
2318,מרכז רבין,מרכז יצחק רבין,אטרקציות,16.0,31.0,48%,אטרקציות,"חיים לבנון 8, תל אביב - יפו",,,ללא,https://www.behatsdaa.org.il/category/productPage/2318
11494,"מוזיאון ארץ ישראל - מוז""א",מוזיאון ארץ ישראל - רמת אביב,אטרקציות,36.0,36.0,0%,אטרקציות,"חיים לבנון 2, תל אביב - יפו",,,ללא,https://www.behatsdaa.org.il/category/productPage/11494
312,מרכז בגין,מוזיאון בגין מורשת מנחם בגין,אטרקציות,14.0,14.0,0%,אטרקציות,"ש.א. נכון  6, ירושלים",,,ללא,https://www.behatsdaa.org.il/category/productPage/312
746,מוזיאון מגדל דוד,מוזיאון מגדל דוד,אטרקציות,23.0,48.0,52%,אטרקציות,"עומר בן אל ח'טאב  1, ירושלים",,,ללא,https://www.behatsdaa.org.il/category/productPage/746
852,מוזיאון אסירי המחתרת - ירושלים - חינם,מוזיאון צבאי כניסה חינם,אטרקציות,0.0,0.0,100%,אטרקציות,,,,ללא,https://www.behatsdaa.org.il/category/productPage/852
17332,גליתא-  חוות השוקולד בצובה,גליתא צובה,אטרקציות,75.0,75.0,0%,אטרקציות,צובה,,,ללא,https://www.behatsdaa.org.il/category/productPage/17332
42878,גליתא דגניה,גליתא דגניה,אטרקציות,75.0,75.0,0%,אטרקציות,"דגניה , דגניה ב",,,ללא,https://www.behatsdaa.org.il/category/productPage/42878
59157,אקסטרים שטח עולמי- טיולי רייזרים וג'יפים בצפון,אקסטרים שטח עולמי,אטרקציות,62.0,484.0,87%,אטרקציות,". , מגדל",,,ללא,https://www.behatsdaa.org.il/category/productPage/59157
63049,גלי ים - אכזיב,גלי ים אכזיב,אטרקציות,66.0,93.0,29%,אטרקציות,אכזיב,,,ללא,https://www.behatsdaa.org.il/category/productPage/63049
66848,רכבת העמק,מועצה לשימור אתרי מורשת בישראל,אטרקציות,14.0,14.0,0%,אטרקציות,". , מקווה ישראל",,,ללא,https://www.behatsdaa.org.il/category/productPage/66848
66852,מכון איילון,מועצה לשימור אתרי מורשת בישראל,אטרקציות,23.0,23.0,0%,אטרקציות,". , מקווה ישראל",,,ללא,https://www.behatsdaa.org.il/category/productPage/66852
66855,בית ילין,מועצה לשימור אתרי מורשת בישראל,אטרקציות,6.0,24.0,75%,אטרקציות,". , מקווה ישראל",,,ללא,https://www.behatsdaa.org.il/category/productPage/66855
66856,משטרת נהלל ההיסטורית,מועצה לשימור אתרי מורשת בישראל,אטרקציות,13.0,13.0,0%,אטרקציות,". , מקווה ישראל",,,ללא,https://www.behatsdaa.org.il/category/productPage/66856
99161,חמי געש,חמי געש,אטרקציות,66.0,272.0,76%,אטרקציות,". , געש",,,חמי געש,https://www.behatsdaa.org.il/category/productPage/99161
105472,2JUMP פארק טרמפולינות סניף נהריה,2jump,אטרקציות,37.0,37.0,0%,אטרקציות,המחקר – אצטדיון נתניה החדש שער 24A,,,2jump,https://www.behatsdaa.org.il/category/productPage/105472
105679,STR - טיול רייזרים בגליל,טיולי רייזרים בגליל str,אטרקציות,396.0,555.0,29%,אטרקציות,"ג'וליס 2, גוליס",,,ללא,https://www.behatsdaa.org.il/category/productPage/105679
105936,רייזר הגולן- טיול טרקטורונים בגולן,רייזר הגולן,אטרקציות,344.0,370.0,7%,אטרקציות,"מושב אליעד , אלי-עד",,,ללא,https://www.behatsdaa.org.il/category/productPage/105936
161156,רייזר קלאב על הנחל,רייזר קלאב על הנחל,אטרקציות,429.0,599.0,28%,אטרקציות,חולתה 121,,,רייזר קלאב על הנחל,https://www.behatsdaa.org.il/category/productPage/161156
168594,מרכז רבין - חדר בריחה לעשות היסטוריה,מרכז יצחק רבין,אטרקציות,52.0,52.0,0%,אטרקציות,"חיים לבנון 8, תל אביב - יפו",,,ללא,https://www.behatsdaa.org.il/category/productPage/168594
169176,"מוזיאון הטבע התנ""כי",מוזיאון הטבע התנכי,אטרקציות,29.0,39.0,26%,אטרקציות,"החושן , בית שמש",,,ללא,https://www.behatsdaa.org.il/category/productPage/169176
169289,פרויקט סינון העפר מהר הבית - חוויה ארכיאולוגית,פרויקט סינון העפר מהר הבית,אטרקציות,21.0,27.0,22%,אטרקציות,"מרטין בובר  14, ירושלים",,,ללא,https://www.behatsdaa.org.il/category/productPage/169289
179372,מרכז רבין – חדר בריחה האוצר הלאומי,מרכז יצחק רבין,אטרקציות,44.0,44.0,0%,אטרקציות,"חיים לבנון 8, תל אביב - יפו",,,ללא,https://www.behatsdaa.org.il/category/productPage/179372
184626,אסקייפ פלאנט - חדרי בריחה- הבריחה מהכלא AI,אסקייפ פלאנט,אטרקציות,296.0,444.0,33%,אטרקציות,"דרך בר יהודה 195, נשר",,,אסקייפ פלאנט,https://www.behatsdaa.org.il/category/productPage/184626
150793,סלקום מסדרת לכם את הבית,צרכנות,צרכנות,0.0,0.0,0%,תקשורת,מגוון סניפים,,,ללא,https://clubdeal.co.il/cellcom/?lm_supplier=46953
161663,הטבה לזמן מוגבל בסטינג טי וי מבית yes,yes,צרכנות,0.0,0.0,0%,תקשורת,מגוון סניפים,,,ללא,https://clubdeal.co.il/stingtv/?lm_supplier=46953
162096,היכנסו והכירו את חבילות הסלולר הבלעדיות של אקספון,צרכנות,צרכנות,0.0,0.0,0%,תקשורת,מגוון סניפים,,,ללא,https://behatsdaa.xphone.co.il/
181715,הטבת סלולר בגולן טלקום,צרכנות,צרכנות,0.0,0.0,0%,תקשורת,מגוון סניפים,,,ללא,https://golantelecom-campaigns.co.il/Alma/
163690,YES במבצע ענק לזמן מוגבל,צרכנות,צרכנות,0.0,0.0,0%,תקשורת,מגוון סניפים,,,ללא,https://clubdeal.co.il/yes/?lm_supplier=46953
164198,חבילת אינטרנט מבית בזק 300-5000 מגה,בזק 300,צרכנות,0.0,0.0,0%,תקשורת,מגוון סניפים,,,ללא,https://clubdeal.co.il/bezeq/?lm_supplier=46953&ils=100
175028,מצטרפים לפלאפון,צרכנות,צרכנות,0.0,0.0,0%,תקשורת,מגוון סניפים,,,ללא,https://clubdeal.co.il/pelephone/?lm_supplier=46953
177288,מצטרפים ל־HOT,צרכנות,צרכנות,0.0,0.0,0%,תקשורת,מגוון סניפים,,,ללא,https://clubdeal.co.il/hot/?lm_supplier=46953
68698,DELL יבואן רשמי,צרכנות,צרכנות,0.0,0.0,0%,מחשבים וגיימינג,מגוון סניפים,,,ללא,https://vip-laptop.bizpro.co.il/
148667,הגדה בעיצוב אישי - דפוס בארי,זומה קופונים עלמא,צרכנות,39.0,339.0,88%,מוצרים בעיצוב אישי,"ההגנה  23, בארי",,,ללא,https://www.behatsdaa.org.il/category/productPage/148667
159824,ספר תהילים אומנותי מהודר - רוקמותהילים,City best עלמא,צרכנות,90.0,120.0,25%,מוצרים בעיצוב אישי,"המעיין 47, מודיעין-מכבים-רעות",,,ללא,https://www.behatsdaa.org.il/category/productPage/159824
164160,"ספר ""ניסים קורים בדיוק בזמן הנכון""",City best עלמא,צרכנות,90.0,119.0,24%,מוצרים בעיצוב אישי,"המעיין 47, מודיעין-מכבים-רעות",,,ללא,https://www.behatsdaa.org.il/category/productPage/164160
185460,שובר 75 ₪ למימוש באתר סטיקיז,סטיקיז קופונים עלמא,צרכנות,2.0,2.0,0%,מוצרים בעיצוב אישי,"הסדנא 6, כפר סבא",,,ללא,https://www.behatsdaa.org.il/category/productPage/185460
185461,שובר 300 ₪ למימוש באתר סטיקיז,סטיקיז קופונים עלמא,צרכנות,149.0,149.0,0%,מוצרים בעיצוב אישי,"הסדנא 6, כפר סבא",,,ללא,https://www.behatsdaa.org.il/category/productPage/185461
59981,אלבום 30X30 בכריכה קשה עד 140 עמודים - אתר זומה,זומה קופונים עלמא,צרכנות,80.0,80.0,0%,מוצרים בעיצוב אישי,"ההגנה  23, בארי",,,ללא,https://www.behatsdaa.org.il/category/productPage/59981
135334,69 ₪ הנחה לספר מיני לופה,לופה עלמא,צרכנות,48.0,48.0,0%,מוצרים בעיצוב אישי,"תוצרת הארץ 3, פתח תקווה",,,ללא,https://www.behatsdaa.org.il/category/productPage/135334
59982,אלבום 30X30 בכריכת פרימיום 24 עמודים - אתר זומה,זומה קופונים עלמא,צרכנות,116.0,116.0,0%,מוצרים בעיצוב אישי,"ההגנה  23, בארי",,,ללא,https://www.behatsdaa.org.il/category/productPage/59982
67315,oh my box - קופסת חוויה זוגית,oh my box,צרכנות,206.0,215.0,4%,מוצרים בעיצוב אישי,"תל גיבורים 5, תל אביב - יפו",,,oh my box,https://www.behatsdaa.org.il/category/productPage/67315
147476,בלוק זכוכית עם תמונה - אתר זומה מבית דפוס בארי,זומה קופונים עלמא,צרכנות,80.0,118.0,32%,מוצרים בעיצוב אישי,"ההגנה  23, בארי",,,ללא,https://www.behatsdaa.org.il/category/productPage/147476
45170,לוח שנה A5/A4/A3 של ZOOMA בעיצוב אישי - אתר זומה,זומה קופונים עלמא,צרכנות,22.0,25.0,12%,מוצרים בעיצוב אישי,"ההגנה  23, בארי",,,ללא,https://www.behatsdaa.org.il/category/productPage/45170
139064,שובר 300 ₪ הנחה לספרי תמונות בלופה,לופה עלמא,צרכנות,160.0,160.0,0%,מוצרים בעיצוב אישי,"תוצרת הארץ 3, פתח תקווה",,,ללא,https://www.behatsdaa.org.il/category/productPage/139064
95229,oh my box - שובר בשווי 200 ₪ לאתר למימוש חד פעמי,oh my box,צרכנות,130.0,130.0,0%,מוצרים בעיצוב אישי,"תל גיבורים 5, תל אביב - יפו",,,oh my box,https://www.behatsdaa.org.il/category/productPage/95229
42102,הדפסה על קנבס במגוון גדלים - אתר זומה,זומה קופונים עלמא,צרכנות,52.0,159.0,67%,מוצרים בעיצוב אישי,"ההגנה  23, בארי",,,ללא,https://www.behatsdaa.org.il/category/productPage/42102
44954,שובר לחבילת משקפי ראייה - אופטיקנה,אופטיקנה עלמא,צרכנות,179.0,179.0,0%,אופטיקנה,"אודם 12, פתח תקווה",,,אופטיקנה,https://www.behatsdaa.org.il/category/productPage/44954
44956,שובר לזוג מארזים 30 עדשות מגע יומיות - אופטיקנה,אופטיקנה עלמא,צרכנות,119.0,119.0,0%,אופטיקנה,"אודם 12, פתח תקווה",,,אופטיקנה,https://www.behatsdaa.org.il/category/productPage/44956
58145,2 חב' 30 עדשות מגע יומיות 1DAY ACUVUE MOIST,אופטיקנה עלמא,צרכנות,159.0,159.0,0%,אופטיקנה,"אודם 12, פתח תקווה",,,אופטיקנה,https://www.behatsdaa.org.il/category/productPage/58145
146033,שובר למשקפי שמש CATTLEYA - אופטיקנה,אופטיקנה עלמא,צרכנות,159.0,159.0,0%,אופטיקנה,"אודם 12, פתח תקווה",,,אופטיקנה,https://www.behatsdaa.org.il/category/productPage/146033
97235,משקפי ראייה לילדים - אופטיקנה,אופטיקנה עלמא,צרכנות,132.0,132.0,0%,אופטיקנה,"אודם 12, פתח תקווה",,,אופטיקנה,https://www.behatsdaa.org.il/category/productPage/97235
67014,2 חב' 6 עדשות מגע חודשיות HORIZON EXTRA -אופטיקנה,אופטיקנה עלמא,צרכנות,149.0,149.0,0%,אופטיקנה,"אודם 12, פתח תקווה",,,אופטיקנה,https://www.behatsdaa.org.il/category/productPage/67014
58142,2 חב' עדשות מגע יומיות HORIZON GEL - אופטיקנה,אופטיקנה עלמא,צרכנות,159.0,159.0,0%,אופטיקנה,"אודם 12, פתח תקווה",,,אופטיקנה,https://www.behatsdaa.org.il/category/productPage/58142
58143,זוג מארזים עדשות מגע יומיות MY HORIZON - אופטיקנה,אופטיקנה עלמא,צרכנות,179.0,179.0,0%,אופטיקנה,"אודם 12, פתח תקווה",,,אופטיקנה,https://www.behatsdaa.org.il/category/productPage/58143
58170,שובר לעדשות מגע יומיות ACUVUE OASYS 1DAY,אופטיקנה עלמא,צרכנות,273.0,273.0,0%,אופטיקנה,"אודם 12, פתח תקווה",,,אופטיקנה,https://www.behatsdaa.org.il/category/productPage/58170
58232,שובר למשקפי ראייה Ray-Ban - אופטיקנה,אופטיקנה עלמא,צרכנות,616.0,616.0,0%,אופטיקנה,"אודם 12, פתח תקווה",,,אופטיקנה,https://www.behatsdaa.org.il/category/productPage/58232
138483,משקפי שמש של המותג SEVEN - אופטיקנה,אופטיקנה עלמא,צרכנות,85.0,89.0,4%,אופטיקנה,"אודם 12, פתח תקווה",,,אופטיקנה,https://www.behatsdaa.org.il/category/productPage/138483
138484,משקפי שמש של המותג VOUGE - אופטיקנה,אופטיקנה עלמא,צרכנות,352.0,352.0,0%,אופטיקנה,"אודם 12, פתח תקווה",,,אופטיקנה,https://www.behatsdaa.org.il/category/productPage/138484
138502,מארז 90 עדשות מגע יומיות 1DAY ACUVUE - אופטיקנה,אופטיקנה עלמא,צרכנות,220.0,220.0,0%,אופטיקנה,"אודם 12, פתח תקווה",,,אופטיקנה,https://www.behatsdaa.org.il/category/productPage/138502
138504,מארז 90 עדשות מגע יומיות TOTAL1 - אופטיקנה,אופטיקנה עלמא,צרכנות,317.0,317.0,0%,אופטיקנה,"אודם 12, פתח תקווה",,,אופטיקנה,https://www.behatsdaa.org.il/category/productPage/138504
138506,משקפי שמש Oakley מדגם OO9102 - אופטיקנה,אופטיקנה עלמא,צרכנות,528.0,616.0,14%,אופטיקנה,"אודם 12, פתח תקווה",,,אופטיקנה,https://www.behatsdaa.org.il/category/productPage/138506
138507,משקפי שמש Oakley אוקלי דגם OO9448 - אופטיקנה,אופטיקנה עלמא,צרכנות,449.0,539.0,17%,אופטיקנה,"אודם 12, פתח תקווה",,,אופטיקנה,https://www.behatsdaa.org.il/category/productPage/138507
138508,משקפי שמש Oakley מדגם OO9188 - אופטיקנה,אופטיקנה עלמא,צרכנות,528.0,528.0,0%,אופטיקנה,"אודם 12, פתח תקווה",,,אופטיקנה,https://www.behatsdaa.org.il/category/productPage/138508
138509,משקפי שמש Oakley דגם OO9013 - אופטיקנה,אופטיקנה עלמא,צרכנות,378.0,378.0,0%,אופטיקנה,"אודם 12, פתח תקווה",,,אופטיקנה,https://www.behatsdaa.org.il/category/productPage/138509
138532,שובר למשקפי שמש Ray-Ban דגם AVIATOR - אופטיקנה,אופטיקנה עלמא,צרכנות,440.0,440.0,0%,אופטיקנה,"אודם 12, פתח תקווה",,,אופטיקנה,https://www.behatsdaa.org.il/category/productPage/138532
138533,שובר למשקפי שמש Ray-Ban דגם ROUND - אופטיקנה,אופטיקנה עלמא,צרכנות,378.0,378.0,0%,אופטיקנה,"אודם 12, פתח תקווה",,,אופטיקנה,https://www.behatsdaa.org.il/category/productPage/138533
138534,משקפי שמש RayBan דגם JUSTIN RB4165 - אופטיקנה,אופטיקנה עלמא,צרכנות,389.0,389.0,0%,אופטיקנה,"אודם 12, פתח תקווה",,,אופטיקנה,https://www.behatsdaa.org.il/category/productPage/138534
138535,שובר למשקפי שמש Ray-Ban דגם ROUND METAL -אופטיקנה,אופטיקנה עלמא,צרכנות,399.0,399.0,0%,אופטיקנה,"אודם 12, פתח תקווה",,,אופטיקנה,https://www.behatsdaa.org.il/category/productPage/138535
138536,שובר למשקפי שמש Ray-Ban דגם RB4202 - אופטיקנה,אופטיקנה עלמא,צרכנות,399.0,449.0,11%,אופטיקנה,"אודם 12, פתח תקווה",,,אופטיקנה,https://www.behatsdaa.org.il/category/productPage/138536
138537,שובר למשקפי שמש Ray-Ban דגם RB4171 - אופטיקנה,אופטיקנה עלמא,צרכנות,378.0,378.0,0%,אופטיקנה,"אודם 12, פתח תקווה",,,אופטיקנה,https://www.behatsdaa.org.il/category/productPage/138537
138538,שובר למשקפי שמש Ray-Ban דגם RB4187 - אופטיקנה,אופטיקנה עלמא,צרכנות,378.0,528.0,28%,אופטיקנה,"אודם 12, פתח תקווה",,,אופטיקנה,https://www.behatsdaa.org.il/category/productPage/138538
138539,שובר למשקפי שמש Ray-Ban דגם RB3681 - אופטיקנה,אופטיקנה עלמא,צרכנות,378.0,378.0,0%,אופטיקנה,"אודם 12, פתח תקווה",,,אופטיקנה,https://www.behatsdaa.org.il/category/productPage/138539
138540,שובר למשקפי שמש Ray-Ban דגם RB3548N - אופטיקנה,אופטיקנה עלמא,צרכנות,440.0,440.0,0%,אופטיקנה,"אודם 12, פתח תקווה",,,אופטיקנה,https://www.behatsdaa.org.il/category/productPage/138540
138541,שובר למשקפי שמש Ray-Ban דגם RB3547N - אופטיקנה,אופטיקנה עלמא,צרכנות,440.0,440.0,0%,אופטיקנה,"אודם 12, פתח תקווה",,,אופטיקנה,https://www.behatsdaa.org.il/category/productPage/138541
145748,משקפי שמש Oakley מדגם OO9263 - אופטיקנה,אופטיקנה עלמא,צרכנות,528.0,528.0,0%,אופטיקנה,"אודם 12, פתח תקווה",,,אופטיקנה,https://www.behatsdaa.org.il/category/productPage/145748
145749,משקפי שמש Oakley אוקלי דגם OO9479 - אופטיקנה,אופטיקנה עלמא,צרכנות,449.0,449.0,0%,אופטיקנה,"אודם 12, פתח תקווה",,,אופטיקנה,https://www.behatsdaa.org.il/category/productPage/145749
145751,משקפי שמש Oakley מדגם OO4075 - אופטיקנה,אופטיקנה עלמא,צרכנות,528.0,528.0,0%,אופטיקנה,"אודם 12, פתח תקווה",,,אופטיקנה,https://www.behatsdaa.org.il/category/productPage/145751
146035,שובר למשקפי ראייה CATTLEYA כולל עדשות - אופטיקנה,אופטיקנה עלמא,צרכנות,249.0,249.0,0%,אופטיקנה,"אודם 12, פתח תקווה",,,אופטיקנה,https://www.behatsdaa.org.il/category/productPage/146035
160146,שובר לעדשות מגע יומיות PRECISION 1 - אופטיקנה,אופטיקנה עלמא,צרכנות,99.0,99.0,0%,אופטיקנה,"אודם 12, פתח תקווה",,,אופטיקנה,https://www.behatsdaa.org.il/category/productPage/160146
174774,משקפי שמש Oakley אוקלי דגם OO9439 - אופטיקנה,אופטיקנה עלמא,צרכנות,539.0,539.0,0%,אופטיקנה,"אודם 12, פתח תקווה",,,אופטיקנה,https://www.behatsdaa.org.il/category/productPage/174774
174775,משקפי שמש RayBan JUSTIN RB4165 פולרויד - אופטיקנה,אופטיקנה עלמא,צרכנות,499.0,499.0,0%,אופטיקנה,"אודם 12, פתח תקווה",,,אופטיקנה,https://www.behatsdaa.org.il/category/productPage/174775
174776,משקפי שמש RayBan דגם RB4456 - אופטיקנה,אופטיקנה עלמא,צרכנות,399.0,399.0,0%,אופטיקנה,"אודם 12, פתח תקווה",,,אופטיקנה,https://www.behatsdaa.org.il/category/productPage/174776
180037,שובר למשקפי שמש Ray-Ban דגם RB4340 - אופטיקנה,אופטיקנה עלמא,צרכנות,399.0,399.0,0%,אופטיקנה,"אודם 12, פתח תקווה",,,אופטיקנה,https://www.behatsdaa.org.il/category/productPage/180037
180047,שובר למשקפי שמש Ray-Ban דגם RB3663 - אופטיקנה,אופטיקנה עלמא,צרכנות,449.0,449.0,0%,אופטיקנה,"אודם 12, פתח תקווה",,,אופטיקנה,https://www.behatsdaa.org.il/category/productPage/180047
180053,שובר למשקפי שמש Ray-Ban דגם RB4258 - אופטיקנה,אופטיקנה עלמא,צרכנות,399.0,399.0,0%,אופטיקנה,"אודם 12, פתח תקווה",,,אופטיקנה,https://www.behatsdaa.org.il/category/productPage/180053
180059,שובר למשקפי שמש Ray-Ban דגם RB2132 - אופטיקנה,אופטיקנה עלמא,צרכנות,389.0,389.0,0%,אופטיקנה,"אודם 12, פתח תקווה",,,אופטיקנה,https://www.behatsdaa.org.il/category/productPage/180059
58172,שובר לעדשות צבעוניות COLORS - אופטיקנה,אופטיקנה עלמא,צרכנות,69.0,69.0,0%,אופטיקנה,"אודם 12, פתח תקווה",,,אופטיקנה,https://www.behatsdaa.org.il/category/productPage/58172
58229,שובר למשקפי מולטיפוקל ממותגי הבית - אופטיקנה,אופטיקנה עלמא,צרכנות,616.0,616.0,0%,אופטיקנה,"אודם 12, פתח תקווה",,,אופטיקנה,https://www.behatsdaa.org.il/category/productPage/58229
58236,שובר למשקפי ראייה+עדשות DEFENDER 1.5 - אופטיקנה,אופטיקנה עלמא,צרכנות,259.0,259.0,0%,אופטיקנה,"אודם 12, פתח תקווה",,,אופטיקנה,https://www.behatsdaa.org.il/category/productPage/58236
97228,קומפלט ראייה אוקלי - אופטיקנה,אופטיקנה עלמא,צרכנות,679.0,679.0,0%,אופטיקנה,"אודם 12, פתח תקווה",,,אופטיקנה,https://www.behatsdaa.org.il/category/productPage/97228
97232,קומפלט ראייה נייק - אופטיקנה,אופטיקנה עלמא,צרכנות,572.0,572.0,0%,אופטיקנה,"אודם 12, פתח תקווה",,,אופטיקנה,https://www.behatsdaa.org.il/category/productPage/97232
97234,קומפלט ראייה ווג - אופטיקנה,אופטיקנה עלמא,צרכנות,629.0,629.0,0%,אופטיקנה,"אודם 12, פתח תקווה",,,אופטיקנה,https://www.behatsdaa.org.il/category/productPage/97234
97236,עדשות מגע צבעוניות HORIZON COLOR - אופטיקנה,אופטיקנה עלמא,צרכנות,66.0,66.0,0%,אופטיקנה,"אודם 12, פתח תקווה",,,אופטיקנה,https://www.behatsdaa.org.il/category/productPage/97236
97238,מארז 30 עדשות TOTAL1 יומיות - אופטיקנה,אופטיקנה עלמא,צרכנות,115.0,115.0,0%,אופטיקנה,"אודם 12, פתח תקווה",,,אופטיקנה,https://www.behatsdaa.org.il/category/productPage/97238
160133,שובר עדשות מגע צבעוניות AIR OPTIX COLORS-אופטיקנה,אופטיקנה עלמא,צרכנות,129.0,129.0,0%,אופטיקנה,"אודם 12, פתח תקווה",,,אופטיקנה,https://www.behatsdaa.org.il/category/productPage/160133
160142,שובר לעדשות מגע חודשיות ACUVUE VITA - אופטיקנה,אופטיקנה עלמא,צרכנות,160.0,160.0,0%,אופטיקנה,"אודם 12, פתח תקווה",,,אופטיקנה,https://www.behatsdaa.org.il/category/productPage/160142
160143,שובר לעדשות מגע חודשיות 30 ALCON TOTAL - אופטיקנה,אופטיקנה עלמא,צרכנות,220.0,220.0,0%,אופטיקנה,"אודם 12, פתח תקווה",,,אופטיקנה,https://www.behatsdaa.org.il/category/productPage/160143
160144,שובר עדשות מגע יומיות ACUVUE 1-DAY OASYS MAX,אופטיקנה עלמא,צרכנות,139.0,139.0,0%,אופטיקנה,"אודם 12, פתח תקווה",,,אופטיקנה,https://www.behatsdaa.org.il/category/productPage/160144
160147,שובר למשקפי שמש BOLLE דגם KING פולארויד -אופטיקנה,אופטיקנה עלמא,צרכנות,449.0,449.0,0%,אופטיקנה,"אודם 12, פתח תקווה",,,אופטיקנה,https://www.behatsdaa.org.il/category/productPage/160147
160149,שובר למשקפי שמש BOLLE דגם KING - אופטיקנה,אופטיקנה עלמא,צרכנות,352.0,352.0,0%,אופטיקנה,"אודם 12, פתח תקווה",,,אופטיקנה,https://www.behatsdaa.org.il/category/productPage/160149
160152,שובר למשקפי שמש BOLLE דגם BOLT 2.0 - אופטיקנה,אופטיקנה עלמא,צרכנות,449.0,449.0,0%,אופטיקנה,"אודם 12, פתח תקווה",,,אופטיקנה,https://www.behatsdaa.org.il/category/productPage/160152
160153,שובר למשקפי שמש BOLLE דגם ANACONDA פולארויד,אופטיקנה עלמא,צרכנות,449.0,449.0,0%,אופטיקנה,"אודם 12, פתח תקווה",,,אופטיקנה,https://www.behatsdaa.org.il/category/productPage/160153
160154,שובר למשקפי שמש BOLLE דגם ANACONDA - אופטיקנה,אופטיקנה עלמא,צרכנות,352.0,352.0,0%,אופטיקנה,"אודם 12, פתח תקווה",,,אופטיקנה,https://www.behatsdaa.org.il/category/productPage/160154
160155,שובר למשקפי שמש BOLLE דגם CERBER - אופטיקנה,אופטיקנה עלמא,צרכנות,352.0,352.0,0%,אופטיקנה,"אודם 12, פתח תקווה",,,אופטיקנה,https://www.behatsdaa.org.il/category/productPage/160155
160156,שובר למשקפי שמש KARL - אופטיקנה,אופטיקנה עלמא,צרכנות,359.0,359.0,0%,אופטיקנה,"אודם 12, פתח תקווה",,,אופטיקנה,https://www.behatsdaa.org.il/category/productPage/160156
13007,שוברים לספא,בילוי ופנאי,בילוי ופנאי,0.0,0.0,0%,ספא,מגוון סניפים,,,ללא,http://www.behatsdaa.org.il/CategoryDetailsStyle.aspx?CatOrder=9181
109315,אטיליו - ATTILIO בית ספר לבישול,אטיליו,בילוי ופנאי,678.0,678.0,0%,חוויה קולינרית,"יוני נתניהו 4, אור יהודה",,,ללא,https://www.behatsdaa.org.il/category/productPage/109315
28988,החוויה הטבעונית - סדנה בשווי 350 ₪,מבשלים חוויה,בילוי ופנאי,235.0,267.0,12%,חוויה קולינרית,"דרך בן צבי 78, תל אביב - יפו",,,מבשלים חוויה,https://www.behatsdaa.org.il/category/productPage/28988
42642,סקולינרי - מתחם סדנאות בישול,סקולינרי - מתחם סדנאות בישול,בילוי ופנאי,183.0,237.0,23%,חוויה קולינרית,חוצות יגור,,,ללא,https://www.behatsdaa.org.il/category/productPage/42642
12027,סדנת בישול ב-4Chef,4 chef,בילוי ופנאי,257.0,257.0,0%,חוויה קולינרית,"שד' המקצועות  16, מודיעין עילית",,,4 chef,https://www.behatsdaa.org.il/category/productPage/12027
28531,מבשלים חוויה - סדנה בשווי 355 ₪,מבשלים חוויה,בילוי ופנאי,235.0,267.0,12%,חוויה קולינרית,"דרך בן צבי 78, תל אביב - יפו",,,מבשלים חוויה,https://www.behatsdaa.org.il/category/productPage/28531
147054,מבשלים חוויה - קורסי בישול ואפייה,מבשלים חוויה,בילוי ופנאי,803.0,803.0,0%,חוויה קולינרית,"דרך בן צבי 78, תל אביב - יפו",,,מבשלים חוויה,https://www.behatsdaa.org.il/category/productPage/147054
161011,NS חוויה קולינרית -סדנת בישול-אפיה-קונדטוריה,NS חוויה קולינרית,בילוי ופנאי,221.0,221.0,0%,חוויה קולינרית,"דוד אלרואי  1, הרצליה פיתוח",,,NS חוויה קולינרית,https://www.behatsdaa.org.il/category/productPage/161011
162444,שי אוחנה - בית הספר הגבוה לקולינריה,ארטפוד,בילוי ופנאי,242.0,242.0,0%,חוויה קולינרית,"הירקון 41, בני ברק",,,ארטפוד,https://www.behatsdaa.org.il/category/productPage/162444
182570,לופ - מגוון סדנאות בלב מתחם התחנה בתל אביב!,לופ - LOOP,בילוי ופנאי,141.0,141.0,0%,חוויה קולינרית,"מתחם התחנה(מנשייה) , תל אביב - יפו",,,לופ - LOOP,https://www.behatsdaa.org.il/category/productPage/182570
185760,שטיח Deluxe כביס דגם Shiraz מבית Buona Casa,בונה קאסה עלמא,צרכנות,339.0,484.0,30%,מבצעי צרכנות,כפר קאסם,,,ללא,https://www.behatsdaa.org.il/category/productPage/185760
185761,שטיח Deluxe כביס דגם Damascus מבית Buona Casa,בונה קאסה עלמא,צרכנות,339.0,484.0,30%,מבצעי צרכנות,כפר קאסם,,,ללא,https://www.behatsdaa.org.il/category/productPage/185761
185762,שטיח Deluxe כביס דגם Stone Mosaic מבית Buona Casa,בונה קאסה עלמא,צרכנות,339.0,484.0,30%,מבצעי צרכנות,כפר קאסם,,,ללא,https://www.behatsdaa.org.il/category/productPage/185762
185763,שטיח Deluxe כביס דגם Dusty Nude מבית Buona Casa,בונה קאסה עלמא,צרכנות,449.0,484.0,7%,מבצעי צרכנות,כפר קאסם,,,ללא,https://www.behatsdaa.org.il/category/productPage/185763
160250,קולנוע בית גבריאל,קולנוע בית גבריאל,בילוי ופנאי,27.0,27.0,0%,קולנוע,"עמק הירדן, צומת צמח",,,ללא,https://www.behatsdaa.org.il/category/productPage/160250
181784,הוט סינמה -שובר הנחה לחבילת יום הולדת,הוט סינמה,בילוי ופנאי,1056.0,1056.0,0%,קולנוע,"הרוקמים  26, חולון",,,ללא,https://www.behatsdaa.org.il/category/productPage/181784
7190,סינמה סיטי - כרטיס לסרט,סינמה סיטי,בילוי ופנאי,33.0,38.0,13%,קולנוע,"ויצמן 207, כפר סבא",,,סינמה סיטי,https://www.behatsdaa.org.il/category/productPage/7190
40325,מובילנד - כרטיס לסרט,מובילנד,בילוי ופנאי,28.0,32.0,12%,קולנוע,"הברזל 3, תל אביב - יפו",,,ללא,https://www.behatsdaa.org.il/category/productPage/40325
40656,קולנוע אילת,קולנוע אילת,בילוי ופנאי,22.0,73.0,70%,קולנוע,"שדרות התמרים  2, אילת",,,ללא,https://www.behatsdaa.org.il/category/productPage/40656
59152,רשת פלאנט  ורב חן - כרטיס לסרט,רשת פלאנט ורב חן,בילוי ופנאי,30.0,34.0,12%,קולנוע,"מדינת היהודים  , הרצליה",,,ללא,https://www.behatsdaa.org.il/category/productPage/59152
10752,קולנוע HOT CINEMA - הוט סינמה,הוט סינמה,בילוי ופנאי,32.0,35.0,9%,קולנוע,"הרוקמים  26, חולון",,,ללא,https://www.behatsdaa.org.il/category/productPage/10752
1230,קולנוע לב,קולנוע לב,בילוי ופנאי,28.0,47.0,40%,קולנוע,"דיזינגוף 50, תל אביב - יפו",,,ללא,https://www.behatsdaa.org.il/category/productPage/1230
29462,סינמטק הילדים - חולון,תיאטרון המדיטק - סינמטק חולון,בילוי ופנאי,41.0,176.0,77%,קולנוע,"גולדה מאיר  6, חולון",,,ללא,https://www.behatsdaa.org.il/category/productPage/29462
139073,סינמטק חולון,תיאטרון המדיטק - סינמטק חולון,בילוי ופנאי,46.0,379.0,88%,קולנוע,"גולדה מאיר  6, חולון",,,ללא,https://www.behatsdaa.org.il/category/productPage/139073
26701,ביטבוקס חדרי קריוקי פתח תקווה,ביטבוקס פתח תקווה,בילוי ופנאי,49.0,185.0,74%,חדרי קריוקי,"יצחק רבין 4, פתח תקווה",,,ללא,https://www.behatsdaa.org.il/category/productPage/26701
60575,ביטבוקס חדרי קריוקי תל אביב,ביטבוקס תל אביב,בילוי ופנאי,49.0,185.0,74%,חדרי קריוקי,"חשמונאים 90, תל אביב - יפו",,,ללא,https://www.behatsdaa.org.il/category/productPage/60575
146629,ביטבוקס ראש העין,ביטבוקס ראש העין,בילוי ופנאי,49.0,185.0,74%,חדרי קריוקי,"המרץ 13, ראש העין",,,ללא,https://www.behatsdaa.org.il/category/productPage/146629
159769,ביטבוקס ראשון לציון,ביטבוקס ראשון לציון,בילוי ופנאי,49.0,185.0,74%,חדרי קריוקי,משה בקר 14 ראשון לציון,,,ללא,https://www.behatsdaa.org.il/category/productPage/159769
14145,פלאג אין - חדרי קריוקי פרטיים,פלאג אין,בילוי ופנאי,56.0,1100.0,95%,חדרי קריוקי,"הברזל 2, תל אביב - יפו",,,ללא,https://www.behatsdaa.org.il/category/productPage/14145
56411,היחידה לדרמוקוסמטיקה - טיפולי פנים,היחידה לדרמוקוסמטיקה,בילוי ופנאי,147.0,630.0,77%,יופי וטיפוח,"דובנוב  10, תל אביב - יפו",,,ללא,https://www.behatsdaa.org.il/category/productPage/56411
113356,לבידו - מארזים מפנקים כולל משלוח,לבידו,בילוי ופנאי,125.0,261.0,52%,יופי וטיפוח,"טרמינל 3 נתב""ג	 , לוד",,,לבידו,https://www.behatsdaa.org.il/category/productPage/113356
146950,AHAVA - שובר קנייה 200 ₪ למימוש חד פעמי,אהבה,בילוי ופנאי,120.0,120.0,0%,יופי וטיפוח,"ערבה 1, קריית שדה התעופה",,,אהבה,https://www.behatsdaa.org.il/category/productPage/146950
150619,לבידו- מארז לאם ולתינוק- כולל משלוח,לבידו,בילוי ופנאי,175.0,175.0,0%,יופי וטיפוח,"טרמינל 3 נתב""ג	 , לוד",,,לבידו,https://www.behatsdaa.org.il/category/productPage/150619
155734,מיקי בוגנים - מארז טיפוח,מיקי בוגנים - צרכנות,בילוי ופנאי,189.0,219.0,14%,יופי וטיפוח,"הנפח 1, אופקים",,,ללא,https://www.behatsdaa.org.il/category/productPage/155734
180744,מיקי בוגנים - שוברים לחנות האונליין + משלוח חינם,מיקי בוגנים,בילוי ופנאי,0.0,250.0,100%,יופי וטיפוח,"הנפח 1, אופקים",,,ללא,https://www.behatsdaa.org.il/category/productPage/180744
180840,משק משפחת ג'השאן-מארז טיפוח - כולל משלוח חינם,משק משפחת גהשאן,בילוי ופנאי,0.0,0.0,0%,יופי וטיפוח,"קדמת גליל , פארק תעשיות הגליל הת",,,ללא,https://www.behatsdaa.org.il/category/productPage/180840
182034,מיקי בוגנים - מארז הגנה מהשמש,מיקי בוגנים - צרכנות,בילוי ופנאי,99.0,99.0,0%,יופי וטיפוח,"הנפח 1, אופקים",,,ללא,https://www.behatsdaa.org.il/category/productPage/182034
182145,מיקי בוגנים - מארזי טיפוח וביוטי - כולל משלוח,מיקי בוגנים - צרכנות,בילוי ופנאי,149.0,263.0,43%,יופי וטיפוח,"הנפח 1, אופקים",,,ללא,https://www.behatsdaa.org.il/category/productPage/182145
146358,שושקה קוסמטיקה shoshka cosmetics - טיפולי פנים,shoshka cosmetics,בילוי ופנאי,116.0,377.0,69%,יופי וטיפוח,"בר אילן 35, רעננה",,,shoshka cosmetics,https://www.behatsdaa.org.il/category/productPage/146358
153954,דלל קוסמטיקס - מניקור-פדיקור,דלל קוסמטיקס,בילוי ופנאי,58.0,135.0,57%,יופי וטיפוח,"רוטשילד 72, כפר סבא",,,דלל קוסמטיקס,https://www.behatsdaa.org.il/category/productPage/153954
153957,דלל קוסמטיקס- טיפולי פנים,דלל קוסמטיקס,בילוי ופנאי,96.0,271.0,65%,יופי וטיפוח,"רוטשילד 72, כפר סבא",,,דלל קוסמטיקס,https://www.behatsdaa.org.il/category/productPage/153957
153958,דלל קוסמטיקס- החלקות שיער,דלל קוסמטיקס,בילוי ופנאי,484.0,580.0,17%,יופי וטיפוח,"רוטשילד 72, כפר סבא",,,דלל קוסמטיקס,https://www.behatsdaa.org.il/category/productPage/153958
153959,דלל קוסמטיקס- הסרות שיער,דלל קוסמטיקס,בילוי ופנאי,145.0,387.0,63%,יופי וטיפוח,"רוטשילד 72, כפר סבא",,,דלל קוסמטיקס,https://www.behatsdaa.org.il/category/productPage/153959
44410,ספורטר גבעת שמואל - כרטיסיית בריכות,ספורטר,בילוי ופנאי,440.0,440.0,0%,"פארקי מים ובריכות, Sporter","מילר 12, פתח תקווה",,,ספורטר,https://www.behatsdaa.org.il/category/productPage/44410
249,ימית ספארק המים,ספארק המים ימית,בילוי ופנאי,86.0,335.0,74%,פארקי מים ובריכות,"מפרץ שלמה 66, חולון",,,ללא,https://www.behatsdaa.org.il/category/productPage/249
71497,יו ספלאש אילת- פארק המים,פארק המים יו ספלאש אילת,בילוי ופנאי,59.0,278.0,79%,פארקי מים ובריכות,"קיבוץ אילת , אילות",,,ללא,https://www.behatsdaa.org.il/category/productPage/71497
184161,Kass Splash קאס ספלש – פארק המים המקורה של ישראל,פארק המים קאס ספלש,בילוי ופנאי,105.0,105.0,0%,פארקי מים ובריכות,"גבעת המיסדים 15, מעלה אדומים",,,ללא,https://www.behatsdaa.org.il/category/productPage/184161
16940,מרכז הנופש והספורט בפקולטה לחקלאות - רחובות,עמותת קוסל,בילוי ופנאי,625.0,2440.0,74%,פארקי מים ובריכות,"ספרא 1, ירושלים",,,ללא,https://www.behatsdaa.org.il/category/productPage/16940
13611,freefit פריפיט - כרטיס נטען בריכות,freefit בריכות,בילוי ופנאי,305.0,305.0,0%,פארקי מים ובריכות,"היוצרים  3, לוד",,,freefit,https://www.behatsdaa.org.il/category/productPage/13611
57934,קאנטרי גן עברון- כרטיסיות,קאנטרי גן עברון,בילוי ופנאי,27.0,88.0,69%,פארקי מים ובריכות,קיבוץ עברון- ד.נ גליל מערבי 2280800 א,,,קאנטרי גן עברון,https://www.behatsdaa.org.il/category/productPage/57934
72539,Funfit-כרטיס נטען לאטרקציות מבית freefit פריפיט,freefit בריכות,בילוי ופנאי,305.0,305.0,0%,פארקי מים ובריכות,"היוצרים  3, לוד",,,freefit,https://www.behatsdaa.org.il/category/productPage/72539
160611,חוגי שחייה מבית HOLMES PLACE,הולמס פלייס&גו אקטיב,בילוי ופנאי,1023.0,4452.0,77%,פארקי מים ובריכות,"האתרוג 1, גבעת שמואל",,,הולמס פלייס&גו אקטיב,https://www.behatsdaa.org.il/category/productPage/160611
137419,קאנטרי נוף הגליל,קאנטרי נוף הגליל,בילוי ופנאי,40.0,366.0,89%,פארקי מים ובריכות,"החצב 20, נוף הגליל",,,קאנטרי נוף הגליל,https://www.behatsdaa.org.il/category/productPage/137419
161748,בריכת קריית אונו,הבריכה העירונית קריית אונו,בילוי ופנאי,52.0,432.0,88%,פארקי מים ובריכות,"שדרות קק""ל  4 , קרית אונו",,,הבריכה העירונית קריית אונו,https://www.behatsdaa.org.il/category/productPage/161748
165366,מתחם הכפר הקסום - ימי הולדת,בריכת הכפר הקסום,בילוי ופנאי,616.0,616.0,0%,פארקי מים ובריכות,"ליבין יוסף וריסיה , ראשון לציון",,,ללא,https://www.behatsdaa.org.il/category/productPage/165366
42497,תכנית הכשרה לקריירת הייטק - ללא עלות,תכנית הכשרה לקריירת הייטק,בילוי ופנאי,0.0,0.0,0%,לימודים ותעסוקה,מגוון סניפים,,,ללא,https://infinitylabs.co.il/
148857,דנאל  -סיוע במציאות עבודה,דנאל,בילוי ופנאי,0.0,0.0,0%,לימודים ותעסוקה,מגוון סניפים,,,ללא,https://lp.vp4.me/xnec
150583,HIGHQ מצדיעה לחברי בהצדעה,בילוי ופנאי,בילוי ופנאי,0.0,0.0,0%,לימודים ותעסוקה,מגוון סניפים,,,ללא,https://be-plus.co.il/product/15414:%D7%94%D7%99%D7%99%20%D7%A7%D7%99%D7%95%20HigHQ?search=high
150609,HIGHQ - מצדיעה לחברי בהצדעה 25% הנחה,HIGHQ,בילוי ופנאי,0.0,0.0,0%,לימודים ותעסוקה,מגוון סניפים,,,ללא,https://be-plus.co.il/product/15414:%D7%94%D7%99%D7%99%20%D7%A7%D7%99%D7%95%20HigHQ?search=high
163119,גישה חופשית ללא עלות לאתר באומן,בילוי ופנאי,בילוי ופנאי,0.0,0.0,0%,לימודים ותעסוקה,מגוון סניפים,,,ללא,https://l-p.site/%D7%91%D7%90%D7%95%D7%9E%D7%9F_%D7%93%D7%A3_%D7%A0%D7%97%D7%99%D7%AA%D7%94_%D7%9B%D7%9C%D7%9C%D7%99
24202,"""נחשונים להוראה""  - תכנית יוקרתית ללימודי הוראה","""נחשונים להוראה""",בילוי ופנאי,0.0,0.0,0%,לימודים ותעסוקה,מגוון סניפים,,,ללא,https://www.hachvana.mod.gov.il/education/Pages/oraa.aspx
27352,ממדים ללימודים,בילוי ופנאי,בילוי ופנאי,0.0,0.0,0%,לימודים ותעסוקה,מגוון סניפים,,,ללא,https://www.hachvana.mod.gov.il/education/Pages/mimadim.aspx
26656,"מרוץ המכינה ""אחד משלנו""",בילוי ופנאי,בילוי ופנאי,0.0,0.0,0%,לימודים ותעסוקה,מגוון סניפים,,,ללא,https://www.one-of-us.org.il/
45167,בועה סדנאות בירה,בועה סדנאות בירה,בילוי ופנאי,220.0,440.0,50%,תרבות והעשרה,"רחוב התעשייה 12, תל אביב - יפו",,,בועה סדנאות בירה,https://www.behatsdaa.org.il/category/productPage/45167
60247,קורס דיגיטלי לזילוף ועיצוב עוגות בעוגאיה,עוגאיה,בילוי ופנאי,64.0,150.0,57%,תרבות והעשרה,"המלאכה 18, רעננה",,,ללא,https://www.behatsdaa.org.il/category/productPage/60247
143339,"קורס דיגיטלי מתנה ללא עלות - ""קוד המנצח לצעירים""",קורס דיגיטלי מתנה ללא עלות,בילוי ופנאי,0.0,0.0,0%,תרבות והעשרה,מגוון סניפים,,,ללא,https://lp2.winnerscode.co.il/lp111/
143591,אלון אולמן וניר דובדבני - פגישת ייעוץ ללא עלות,אלון אולמן וניר דובדבני,בילוי ופנאי,0.0,0.0,0%,תרבות והעשרה,מגוון סניפים,,,ללא,https://did.li/FvZNf
149158,אלכימיה סטודיו - סדנאות צורפות,אלכימיה סטודיו,בילוי ופנאי,264.0,502.0,47%,תרבות והעשרה,"חומה ומגדל 16, תל אביב - יפו",,,אלכימיה סטודיו,https://www.behatsdaa.org.il/category/productPage/149158
155987,סדנת אפוקסי Ofek woodi - עמק חפר,Ofek woodi נגרות בוטיק,בילוי ופנאי,756.0,756.0,0%,תרבות והעשרה,"בית הראשונים 22, עמק חפר",,,Ofek woodi נגרות בוטיק,https://www.behatsdaa.org.il/category/productPage/155987
168421,MESA -מסה- סדנת נגרות,MESA - בית לנגרים ולעץ,בילוי ופנאי,231.0,458.0,50%,תרבות והעשרה,"בית הראשונים 22, פארק תעשיות עמק חפר",,,MESA - בית לנגרים ולעץ,https://www.behatsdaa.org.il/category/productPage/168421
44803,מיקסטה קוקטייל - סדנת קוקטיילים,Mixta cocktails,בילוי ופנאי,142.0,944.0,85%,תרבות והעשרה,"היצירה 4, רעננה",,,Mixta cocktails,https://www.behatsdaa.org.il/category/productPage/44803
113857,אומנות על הבר - סדנאות אומנות באווירה אחרת,אומנות על הבר-חוף,בילוי ופנאי,75.0,132.0,43%,תרבות והעשרה,"פרישמן 93, תל אביב - יפו",,,אומנות על הבר-חוף,https://www.behatsdaa.org.il/category/productPage/113857
44483,המכון לידידות אמריקה - קורס ספרדית / פורטוגזית,המכון לידידות אמריקה,בילוי ופנאי,1276.0,1320.0,3%,תרבות והעשרה,"בר יהודה ,12/16 נתניה",,,ללא,https://www.behatsdaa.org.il/category/productPage/44483
147939,טננה- קורס ספרדית דיגיטלי,טננה - קורס ספרדית דיגיטלי,בילוי ופנאי,264.0,264.0,0%,תרבות והעשרה,"כצנלסון  143 ב, גבעתיים",,,טננה - קורס ספרדית דיגיטלי,https://www.behatsdaa.org.il/category/productPage/147939
170354,"פזצט״א - הכנה למבחני המיון של צה""ל",פזצט״א,בילוי ופנאי,203.0,475.0,57%,תרבות והעשרה,"הדס  6, בת חן",,,ללא,https://www.behatsdaa.org.il/category/productPage/170354
59752,חוגי און ליין לילדים במרכז למצויינות,מטאור הפקות- מרכז מצויינות און ליין,בילוי ופנאי,27.0,432.0,94%,תרבות והעשרה,"סעדיה חתוכה 24, יהוד-מונוסון",,,ללא,https://www.behatsdaa.org.il/category/productPage/59752
145440,"""משפחה מתקלפת"" - משחק מיוחד ליום המשפחה",משחוקים,בילוי ופנאי,80.0,80.0,0%,תרבות והעשרה,"נחל נעמנים  20, אלעזר",,,ללא,https://www.behatsdaa.org.il/category/productPage/145440
177569,ארץ קיר - המפה שתמגנט את הילדים למדינה,ארץ קיר,בילוי ופנאי,170.0,170.0,0%,תרבות והעשרה,"נוף הרודיון 3, נווה דניאל",,,ללא,https://www.behatsdaa.org.il/category/productPage/177569
148198,קורס אונליין ניהול זמן,חברת טרפיקו עלמא,בילוי ופנאי,149.0,149.0,0%,תרבות והעשרה,"דיזינגוף 50, תל אביב - יפו",,,ללא,https://www.behatsdaa.org.il/category/productPage/148198
148201,"קורס אונליין יסודות הנדל""ן",חברת טרפיקו עלמא,בילוי ופנאי,149.0,149.0,0%,תרבות והעשרה,"דיזינגוף 50, תל אביב - יפו",,,ללא,https://www.behatsdaa.org.il/category/productPage/148201
148204,קורס אונליין ניהול תקציב אישי,חברת טרפיקו עלמא,בילוי ופנאי,109.0,109.0,0%,תרבות והעשרה,"דיזינגוף 50, תל אביב - יפו",,,ללא,https://www.behatsdaa.org.il/category/productPage/148204
148206,קורס אונליין אקסל 2013 Excel,חברת טרפיקו עלמא,בילוי ופנאי,215.0,215.0,0%,תרבות והעשרה,"דיזינגוף 50, תל אביב - יפו",,,ללא,https://www.behatsdaa.org.il/category/productPage/148206
148207,קורס אונליין קומפוזיציה בצילום,חברת טרפיקו עלמא,בילוי ופנאי,134.0,134.0,0%,תרבות והעשרה,"דיזינגוף 50, תל אביב - יפו",,,ללא,https://www.behatsdaa.org.il/category/productPage/148207
148208,קורס אונליין מדע ההצלחה בכלי ה-NLP,חברת טרפיקו עלמא,בילוי ופנאי,149.0,149.0,0%,תרבות והעשרה,"דיזינגוף 50, תל אביב - יפו",,,ללא,https://www.behatsdaa.org.il/category/productPage/148208
148209,קורס אונליין נטוורקינג עסקי,חברת טרפיקו עלמא,בילוי ופנאי,109.0,109.0,0%,תרבות והעשרה,"דיזינגוף 50, תל אביב - יפו",,,ללא,https://www.behatsdaa.org.il/category/productPage/148209
148210,קורס אונליין אנגלית לעסקים באוריינטציה עסקית,חברת טרפיקו עלמא,בילוי ופנאי,149.0,149.0,0%,תרבות והעשרה,"דיזינגוף 50, תל אביב - יפו",,,ללא,https://www.behatsdaa.org.il/category/productPage/148210
148211,קורס אונליין אמנות השכנוע,חברת טרפיקו עלמא,בילוי ופנאי,149.0,149.0,0%,תרבות והעשרה,"דיזינגוף 50, תל אביב - יפו",,,ללא,https://www.behatsdaa.org.il/category/productPage/148211
163490,קורס AI אונליין לשדרוג העבודה והקריירה,חברת טרפיקו עלמא,בילוי ופנאי,119.0,119.0,0%,תרבות והעשרה,"דיזינגוף 50, תל אביב - יפו",,,ללא,https://www.behatsdaa.org.il/category/productPage/163490
45299,יקב דלתון - מרכז המבקרים,יקב דלתון,בילוי ופנאי,106.0,155.0,32%,טעימות ויין,פארק התעשייה דלתון,,,יקב דלתון,https://www.behatsdaa.org.il/category/productPage/45299
45478,יקב הרי הגליל,יקב הרי גליל קיבוץ יראון,בילוי ופנאי,44.0,167.0,74%,טעימות ויין,"ד.נ. מרום הגליל ישראל , יראון",,,ללא,https://www.behatsdaa.org.il/category/productPage/45478
62181,יקב גוש עציון - סיורים וטעימות,יקב גוש עציון,בילוי ופנאי,44.0,212.0,79%,טעימות ויין,"תירוש  21, גוש עציון",,,יקב גוש עציון,https://www.behatsdaa.org.il/category/productPage/62181
67617,בירה אלכסנדר - סיורים וטעימות במרכז מבקרים,בירה אלכסנדר,בילוי ופנאי,55.0,514.0,89%,טעימות ויין,"צבי הנחל 13, עמק חפר",,,בירה אלכסנדר,https://www.behatsdaa.org.il/category/productPage/67617
98431,מסעדת היקב  - גוש עציון - ארוחות ערב זוגיות,יקב גוש עציון,בילוי ופנאי,204.0,338.0,40%,טעימות ויין,"תירוש  21, גוש עציון",,,יקב גוש עציון,https://www.behatsdaa.org.il/category/productPage/98431
58737,יקב ברקן,יקב ברקן,בילוי ופנאי,48.0,339.0,86%,טעימות ויין,"זאפה קרן ברקן  , חצרות חולדה",,,יקב ברקן,https://www.behatsdaa.org.il/category/productPage/58737
143338,יקב תבור- מרכז המבקרים,יקב תבור,בילוי ופנאי,36.0,151.0,76%,טעימות ויין,"שדרות קקל  , כפר תבור",,,ללא,https://www.behatsdaa.org.il/category/productPage/143338
152431,הזקן והיין - סיורי יין וסדנאות,הזקן והיין,בילוי ופנאי,163.0,185.0,12%,טעימות ויין,"שעל , רמת הגולן",,,הזקן והיין,https://www.behatsdaa.org.il/category/productPage/152431
165868,יקב לוריא- מרכז המבקרים,יקב לוריא,בילוי ופנאי,51.0,182.0,72%,טעימות ויין,אזור תעשייה דלתון 1,,,יקב לוריא,https://www.behatsdaa.org.il/category/productPage/165868
166584,יקב שאטו ראמו,יקב שאטו רמו,בילוי ופנאי,92.0,213.0,57%,טעימות ויין,"00 , חוסן",,,יקב שאטו רמו,https://www.behatsdaa.org.il/category/productPage/166584
167198,יקב רקנאטי- מרכז המבקרים,יקב רקנאטי,בילוי ופנאי,44.0,218.0,80%,טעימות ויין,פארק תעשיות רמת דלתון,,,יקב רקנאטי,https://www.behatsdaa.org.il/category/productPage/167198
175932,אייל חווית יין,אייל חוויות יין,בילוי ופנאי,107.0,436.0,75%,טעימות ויין,כפר עציון 1,,,אייל חוויות יין,https://www.behatsdaa.org.il/category/productPage/175932
13107,איש הענבים - מגוון סדנאות,איש הענבים,בילוי ופנאי,194.0,968.0,80%,טעימות ויין,"דרך שלמה 4, תל אביב - יפו",,,איש הענבים,https://www.behatsdaa.org.il/category/productPage/13107
57174,מילק & האני,מילק אנד האני,בילוי ופנאי,67.0,219.0,69%,טעימות ויין,"התחייה 16, תל אביב - יפו",,,ללא,https://www.behatsdaa.org.il/category/productPage/57174
26946,יקב טוליפ,יקב טוליפ -קרית טבעון,בילוי ופנאי,55.0,239.0,77%,טעימות ויין,"כפר תקווה , קרית טבעון",,,יקב טוליפ -קרית טבעון,https://www.behatsdaa.org.il/category/productPage/26946
59854,יקב טוליפ/ יקב מאיה - מארזי יין,יקב טוליפ -קרית טבעון,בילוי ופנאי,139.0,424.0,67%,טעימות ויין,"כפר תקווה , קרית טבעון",,,יקב טוליפ -קרית טבעון,https://www.behatsdaa.org.il/category/productPage/59854
8533,יקב רמת הגולן- סיורים וטעימות,יקב רמת הגולן,בילוי ופנאי,39.0,417.0,91%,טעימות ויין,"דרך היין  4, קצרין",,,ללא,https://www.behatsdaa.org.il/category/productPage/8533
108291,יקב Ya- בכרם בן זמרה,יקב יה  YA,בילוי ופנאי,29.0,157.0,82%,טעימות ויין,"תירוש  52, כרם בן זמרה",,,יקב יה  YA,https://www.behatsdaa.org.il/category/productPage/108291
178022,יקב קטרון- מרכז המבקרים,יקב קטרון,בילוי ופנאי,69.0,262.0,74%,טעימות ויין,הושעיה,,,יקב קטרון,https://www.behatsdaa.org.il/category/productPage/178022
181255,מזקקת גולני,מזקקת גולני,בילוי ופנאי,44.0,73.0,40%,טעימות ויין,"השוקת 1, קצרין",,,מזקקת גולני,https://www.behatsdaa.org.il/category/productPage/181255
106193,בוסתן עברי - יקב אלבר - סיור וטעימות,בוסתן עברי יקב אלבר,בילוי ופנאי,51.0,217.0,76%,טעימות ויין,"שדות , ראש פינה",,,בוסתן עברי יקב אלבר,https://www.behatsdaa.org.il/category/productPage/106193
138267,אבן רם ליקרים - ביקור וטעימות,אבן רם ליקרים,בילוי ופנאי,22.0,43.0,49%,טעימות ויין,". , שריגים (לי-און)",,,אבן רם ליקרים,https://www.behatsdaa.org.il/category/productPage/138267
182163,יקב שילה - מרכז המבקרים,יקבי שילה,בילוי ופנאי,44.0,422.0,90%,טעימות ויין,"מלאכות המשכן 2, שילה",,,יקבי שילה,https://www.behatsdaa.org.il/category/productPage/182163
136429,מזקקת ת'ינקרס - Thinkers,מזקקת טינקרס - Thinkers,בילוי ופנאי,80.0,242.0,67%,טעימות ויין,"אגריפס 88, ירושלים",,,מזקקת טינקרס - Thinkers,https://www.behatsdaa.org.il/category/productPage/136429
18550,www.ananas.holiday,תיירות ונופש,תיירות ונופש,0.0,0.0,0%,בתי מלון בישראל,מגוון סניפים,,,ללא,https://ananas.holiday//?clubKey=1It0UkaKucN8YNYWwdQN
169018,www.ananas.holiday,תיירות ונופש,תיירות ונופש,0.0,0.0,0%,בתי מלון בישראל,מגוון סניפים,,,ללא,https://ananas.holiday//?clubKey=1It0UkaKucN8YNYWwdQN
84918,אסטרל - Ananas,אסטרל,תיירות ונופש,0.0,0.0,0%,בתי מלון בישראל,מגוון סניפים,,,ללא,https://ananas.holiday/hotels/astral/?clubKey=1It0UkaKucN8YNYWwdQN
84916,ישרוטל - Ananas,ישרוטל,תיירות ונופש,0.0,0.0,0%,בתי מלון בישראל,מגוון סניפים,,,ללא,https://ananas.holiday/hotels/isrotel/?clubKey=1It0UkaKucN8YNYWwdQN
67689,פתאל - Ananas,פתאל,תיירות ונופש,0.0,0.0,0%,בתי מלון בישראל,מגוון סניפים,,,ללא,https://ananas.holiday/hotels/fattal/?clubKey=1It0UkaKucN8YNYWwdQN
84917,Ananas - VERT,Ananas,תיירות ונופש,0.0,0.0,0%,בתי מלון בישראל,מגוון סניפים,,,ללא,https://ananas.holiday/hotels/crown-plaza/?clubKey=1It0UkaKucN8YNYWwdQN
67688,דן - Ananas,תיירות ונופש,תיירות ונופש,0.0,0.0,0%,בתי מלון בישראל,מגוון סניפים,,,ללא,https://ananas.holiday/hotels/dan/?clubKey=1It0UkaKucN8YNYWwdQN
174968,עמותת מנציחים- חומש הגיבורים,מנציחים,בילוי ופנאי,396.0,396.0,0%,מגזינים וספרים,"השילוח 9, פתח תקווה",,,ללא,https://www.behatsdaa.org.il/category/productPage/174968
2672,כלכליסט - מנוי לעיתון יומי,ידיעות אחרונות,בילוי ופנאי,412.0,412.0,0%,מגזינים וספרים,"נח מוזס  1, ראשון לציון",,,ללא,https://www.behatsdaa.org.il/category/productPage/2672
23702,ידיעות אחרונות מנוי לעיתון יומי,ידיעות אחרונות,בילוי ופנאי,1046.0,1046.0,0%,מגזינים וספרים,"נח מוזס  1, ראשון לציון",,,ללא,https://www.behatsdaa.org.il/category/productPage/23702
26292,מגזין לאשה,ידיעות אחרונות,בילוי ופנאי,444.0,444.0,0%,מגזינים וספרים,"נח מוזס  1, ראשון לציון",,,ללא,https://www.behatsdaa.org.il/category/productPage/26292
42030,Jpost Lite - ג'רוזלם פוסט לייט,ג'רוזלם פוסט,בילוי ופנאי,528.0,528.0,0%,מגזינים וספרים,"גרשון  40-50, תל אביב - יפו",,,ללא,https://www.behatsdaa.org.il/category/productPage/42030
44384,מגזין אדם צעיר,קבוצת אדם עולם בעמ,בילוי ופנאי,348.0,348.0,0%,מגזינים וספרים,"הפרדס 11, אזור",,,ללא,https://www.behatsdaa.org.il/category/productPage/44384
68604,אפליקציית ג'רוזלם פוסט לייט,ג'רוזלם פוסט,בילוי ופנאי,159.0,159.0,0%,מגזינים וספרים,"גרשון  40-50, תל אביב - יפו",,,ללא,https://www.behatsdaa.org.il/category/productPage/68604
73484,זבנג - עיתון הקומיקס של ישראל,אצבעוני כתבי עת,בילוי ופנאי,140.0,255.0,45%,מגזינים וספרים,"החורטים 8, חולון",,,ללא,https://www.behatsdaa.org.il/category/productPage/73484
137331,"מעריב סופ""ש- מנוי לשנה + חודש מתנה",מעריב כתבי עת,בילוי ופנאי,502.0,502.0,0%,מגזינים וספרים,"האחים מסלאויטה 15, תל אביב - יפו",,,ללא,https://www.behatsdaa.org.il/category/productPage/137331
958,טבע הדברים,טבע הדברים כתבי עת,בילוי ופנאי,254.0,254.0,0%,מגזינים וספרים,"המסילה 34, הרצליה",,,ללא,https://www.behatsdaa.org.il/category/productPage/958
959,ילדי טבע הדברים,טבע הדברים כתבי עת,בילוי ופנאי,219.0,219.0,0%,מגזינים וספרים,"המסילה 34, הרצליה",,,ללא,https://www.behatsdaa.org.il/category/productPage/959
5230,אצבעוני - העיתון לילדים,אצבעוני כתבי עת,בילוי ופנאי,207.0,413.0,50%,מגזינים וספרים,"החורטים 8, חולון",,,ללא,https://www.behatsdaa.org.il/category/productPage/5230
5231,צב-צב עיתון הילדים הראשון שלי,אצבעוני כתבי עת,בילוי ופנאי,105.0,186.0,44%,מגזינים וספרים,"החורטים 8, חולון",,,ללא,https://www.behatsdaa.org.il/category/productPage/5231
5232,דובון - עיתון לקוראים החדשים,אצבעוני כתבי עת,בילוי ופנאי,198.0,369.0,46%,מגזינים וספרים,"החורטים 8, חולון",,,ללא,https://www.behatsdaa.org.il/category/productPage/5232
5233,משבצת - אתגרי חשיבה לילדים,אצבעוני כתבי עת,בילוי ופנאי,105.0,186.0,44%,מגזינים וספרים,"החורטים 8, חולון",,,ללא,https://www.behatsdaa.org.il/category/productPage/5233
42031,Jpost Click - ג'רוזלם פוסט קליק,ג'רוזלם פוסט,בילוי ופנאי,185.0,185.0,0%,מגזינים וספרים,"גרשון  40-50, תל אביב - יפו",,,ללא,https://www.behatsdaa.org.il/category/productPage/42031
42036,Jpost Street - ג'רוזלם פוסט סטריט,ג'רוזלם פוסט,בילוי ופנאי,185.0,185.0,0%,מגזינים וספרים,"גרשון  40-50, תל אביב - יפו",,,ללא,https://www.behatsdaa.org.il/category/productPage/42036
42057,Jpost Junior ג'רוזלם פוסט ג'וניור,ג'רוזלם פוסט,בילוי ופנאי,185.0,185.0,0%,מגזינים וספרים,"גרשון  40-50, תל אביב - יפו",,,ללא,https://www.behatsdaa.org.il/category/productPage/42057
42073,Jpost Zone ג'רוזלם פוסט זון,ג'רוזלם פוסט,בילוי ופנאי,185.0,185.0,0%,מגזינים וספרים,"גרשון  40-50, תל אביב - יפו",,,ללא,https://www.behatsdaa.org.il/category/productPage/42073
65301,גלילאו הצעיר - ירחון מדע לילדים,גלילאו הצעיר,בילוי ופנאי,300.0,300.0,0%,מגזינים וספרים,"ת.ד 329 , הרצליה",,,ללא,https://www.behatsdaa.org.il/category/productPage/65301
111721,גלי וליאו - ירחון לראשית קריאה,גלילאו הצעיר,בילוי ופנאי,300.0,300.0,0%,מגזינים וספרים,"ת.ד 329 , הרצליה",,,ללא,https://www.behatsdaa.org.il/category/productPage/111721
179775,חדש! חשבון בהצדעה בבנק הבינלאומי,ביטוח ושירותים,ביטוח ושירותים,0.0,0.0,0%,פיננסים,מגוון סניפים,,,ללא,https://www.fibi.co.il/private/fibiaccount/accounttypes/behatsdaa/
177341,מימון רכב בהצעה ייחודית לחברי המועדון,ביטוח ושירותים,ביטוח ושירותים,0.0,0.0,0%,פיננסים,מגוון סניפים,,,ללא,https://www.max.co.il/loans/behatsdaa-car-loan-lead?refid=beha&utm_source=behatsdaa&utm_medium=site&utm_campaign=behatsdaa_loan
177601,חשבון מסחר בפסגות טרייד,ביטוח ושירותים,ביטוח ושירותים,0.0,0.0,0%,פיננסים,מגוון סניפים,,,ללא,https://www.psagotrade.com/%d7%9e%d7%95%d7%a2%d7%93%d7%95%d7%9f-%d7%91%d7%94%d7%a6%d7%93%d7%a2%d7%94-%d7%9c%d7%9e%d7%9e%d7%a9%d7%99%d7%9b%d7%99%d7%9d/
142295,finupp,ביטוח ושירותים,ביטוח ושירותים,0.0,0.0,0%,פיננסים,מגוון סניפים,,,ללא,https://www.finupp.meitavdash.co.il/p/behatsdaa
151971,"הראל -ביטוח נסיעות לחו""ל",הראל,ביטוח ושירותים,0.0,0.0,0%,ביטוח נסיעות,מגוון סניפים,,,ללא,https://www.harel-group.co.il/DocumentsAndForms/doc/47773.71_%20%20%D7%A4%D7%9C%D7%99%D7%99%D7%A8%20%D7%91%D7%94%D7%A6%D7%93%D7%A2%D7%94%20%D7%9E%D7%95%D7%A0%D7%92%D7%A9.pdf
160982,"הפניקס - ביטוח נסיעות לחו""ל",הפניקס,ביטוח ושירותים,0.0,0.0,0%,ביטוח נסיעות,מגוון סניפים,,,ללא,https://www.fnx.co.il/travel-insurance/behatsdaa/
138464,ביטוח ביטול טיסה מכל סיבה,ביטוח ושירותים,ביטוח ושירותים,0.0,0.0,0%,ביטוח נסיעות,מגוון סניפים,,,ללא,https://www.tripguaranty.co.il/hatzdaa/?utm_source=hatzdaa&utm_medium=banner&utm_campaign=partners
173822,ביטוח רכב AIG,ביטוח ושירותים,ביטוח ושירותים,0.0,0.0,0%,ביטוח רכב,מגוון סניפים,,,ללא,https://join.aig.co.il/partnership/car_behazdaha_continuing
176294,ביטוח רכב - הפניקס,ביטוח רכב,ביטוח ושירותים,0.0,0.0,0%,ביטוח רכב,מגוון סניפים,,,ללא,https://smartlp.fnx.co.il/lps/car-behatsdaa-continuing/
176293,כלל - ביטוח רכב,ביטוח ושירותים,ביטוח ושירותים,0.0,0.0,0%,ביטוח רכב,מגוון סניפים,,,ללא,https://www.clalbit.co.il/car?txtGuid=24bbf4e8-62e1-83fb-9074-ab06099c6f11
152982,רוכבים על בטוח,ביטוח ושירותים,ביטוח ושירותים,0.0,0.0,0%,ביטוח רכב,מגוון סניפים,,,ללא,https://l-p.site/bituachtehonotishiyot072024
173820,AIG - ביטוח דירה,ביטוח ושירותים,ביטוח ושירותים,0.0,0.0,0%,ביטוח דירה,מגוון סניפים,,,ללא,https://join.aig.co.il/partnership/apt_behazdaha_continuing
147911,הראל - ביטוח דירה,הראל,ביטוח ושירותים,0.0,0.0,0%,ביטוח דירה,מגוון סניפים,,,ללא,https://digital.harel-group.co.il/landing-page/insurance/apartment-insurance_behatsdaa-sf?utm_source=behatsdaa&utm_medium=website&utm_campaign=apartment-insurance_behatsdaa
149584,"ליווי אסטרטגי להשקעת נדל""ן ראשונה",ביטוח ושירותים,ביטוח ושירותים,0.0,0.0,0%,ביטוח דירה,מגוון סניפים,,,ללא,https://captaininvest.co.il/hazda-club/
172338,MyMAX,ביטוח ושירותים,ביטוח ושירותים,0.0,0.0,0%,הטבות MAX,מגוון סניפים,,,ללא,https://www.max.co.il/cards/my-max?utm_source=behatzdaa&utm_medium=link&utm_campaign=behatzdaa_site&utm_comtent=mymax
172340,MAX Travel,ביטוח ושירותים,ביטוח ושירותים,0.0,0.0,0%,הטבות MAX,מגוון סניפים,,,ללא,https://www.maxtravel.co.il/?utm_source=behatzdaa&utm_medium=link&utm_campaign=behatzdaa_site&utm_comtent=maxtravel
172341,"MAX  ביטוח נסיעות לחו""ל",ביטוח ושירותים,ביטוח ושירותים,0.0,0.0,0%,הטבות MAX,מגוון סניפים,,,ללא,https://www.max.co.il/travel-insurance/premium?utm_source=behatzdaa&utm_medium=link&utm_campaign=behatzdaa_site&utm_comtent=travel-insurance
172342,MAX  הלוואות,ביטוח ושירותים,ביטוח ושירותים,0.0,0.0,0%,הטבות MAX,מגוון סניפים,,,ללא,https://www.max.co.il/loans/calc?RefId=menu?utm_source=behatzdaa&utm_medium=link&utm_campaign=behatzdaa_site&utm_comtent=loans
166967,חיותא- ביטוח חיות מחמד,חיותא,ביטוח ושירותים,0.0,0.0,0%,ביטוח בעלי חיים,מגוון סניפים,,,ללא,https://chayuta.com/campaigns/collab:53?utm_source=salute&utm_medium=lp
125054,כלל - ביטוח משכנתא,ביטוח ושירותים,ביטוח ושירותים,0.0,0.0,0%,"ביטוח וייעוץ משכנתא, ביטוח חיים",מגוון סניפים,,,ללא,https://www.clalbit.co.il/behatsdaamortgage/?utm_source=behatsdaa&utm_medium=affiliate&utm_campaign=mashkanta
165598,ביטוח חיים מגדל,ביטוח ושירותים,ביטוח ושירותים,0.0,0.0,0%,"ביטוח וייעוץ משכנתא, ביטוח חיים",מגוון סניפים,,,ללא,https://www.migdal.co.il/campaign/mortgage-behatsdaa?utm_source=behatsdaa&utm_medium=banner&utm_campaign=elementary_mortgage_mortgage-2022_customer_sales_lead_behatsdaa
20017,חולצת אנטי סאן לים לגברים,SFREE עלמא,כושר וספורט,69.0,89.0,22%,אופנת ספורט,"אזור התעשייה  2, כוכב יאיר-צור יגאל",,,ללא,https://www.behatsdaa.org.il/category/productPage/20017
179580,כובע אופנתי במבחר צבעים מבית New Era,מ ברוכים עלמא,כושר וספורט,119.0,119.0,0%,אופנת ספורט,"דם המכבים 36, מודיעין-מכבים-רעות",,,ללא,https://www.behatsdaa.org.il/category/productPage/179580
179581,כובע אופנתי במבחר צבעים מבית New Era,מ ברוכים עלמא,כושר וספורט,119.0,119.0,0%,אופנת ספורט,"דם המכבים 36, מודיעין-מכבים-רעות",,,ללא,https://www.behatsdaa.org.il/category/productPage/179581
171814,מכנסי אימון מקצועיים לגברים במגוון צבעים VN SPORT,וי אן ספורט עלמא,כושר וספורט,129.0,129.0,0%,אופנת ספורט,"מודיעין 5, לוד",,,ללא,https://www.behatsdaa.org.il/category/productPage/171814
70774,מארז 30 זוגות גרביים UMBRO יומברו,דודי לוי עלמא,כושר וספורט,17.0,99.0,83%,אופנת ספורט,"המכתש 6, חולון",,,ללא,https://www.behatsdaa.org.il/category/productPage/70774
143976,מארז 3 חולצות ספורט מנדפות זיעה VN SPORT,וי אן ספורט עלמא,כושר וספורט,110.0,141.0,22%,אופנת ספורט,"מודיעין 5, לוד",,,ללא,https://www.behatsdaa.org.il/category/productPage/143976
150949,כובע ריצה מנדף זיעה דגם 6613 מבית VN SPORT,וי אן ספורט עלמא,כושר וספורט,12.0,47.0,74%,אופנת ספורט,"מודיעין 5, לוד",,,ללא,https://www.behatsdaa.org.il/category/productPage/150949
150951,שלישיית בוקסרים מנדפי זיעה דגם 7788 מבית VN SPORT,וי אן ספורט עלמא,כושר וספורט,82.0,82.0,0%,אופנת ספורט,"מודיעין 5, לוד",,,ללא,https://www.behatsdaa.org.il/category/productPage/150951
150952,2 זוגות תחתוני ספורט COMPRESSION מבית VN SPORT,וי אן ספורט עלמא,כושר וספורט,95.0,123.0,23%,אופנת ספורט,"מודיעין 5, לוד",,,ללא,https://www.behatsdaa.org.il/category/productPage/150952
154921,אוזניות ריצה קשת + כובע ריצה מבית VN SPORT,וי אן ספורט עלמא,כושר וספורט,159.0,159.0,0%,אופנת ספורט,"מודיעין 5, לוד",,,ללא,https://www.behatsdaa.org.il/category/productPage/154921
164414,מארז 3 חולצות ספורט מנדפות זיעה VN SPORT,וי אן ספורט עלמא,כושר וספורט,141.0,141.0,0%,אופנת ספורט,"מודיעין 5, לוד",,,ללא,https://www.behatsdaa.org.il/category/productPage/164414
164415,מארז 3 חולצות ספורט מנדפות זיעה VN SPORT,וי אן ספורט עלמא,כושר וספורט,141.0,141.0,0%,אופנת ספורט,"מודיעין 5, לוד",,,ללא,https://www.behatsdaa.org.il/category/productPage/164415
164416,מארז 3 חולצות ספורט מנדפות זיעה VN SPORT,וי אן ספורט עלמא,כושר וספורט,141.0,141.0,0%,אופנת ספורט,"מודיעין 5, לוד",,,ללא,https://www.behatsdaa.org.il/category/productPage/164416
164417,מארז 3 חולצות ספורט מנדפות זיעה VN SPORT,וי אן ספורט עלמא,כושר וספורט,141.0,141.0,0%,אופנת ספורט,"מודיעין 5, לוד",,,ללא,https://www.behatsdaa.org.il/category/productPage/164417
113570,3 חולצות תרמיות Blazing Thermal מבית GO NATURE,GO NATURE עלמא,כושר וספורט,115.0,115.0,0%,אופנת ספורט,"מיקומים שונים  , כפר קאסם",,,ללא,https://www.behatsdaa.org.il/category/productPage/113570
113574,3 חולצות תרמיות CLIMATE CONTROL מבית GO NATURE,GO NATURE עלמא,כושר וספורט,159.0,159.0,0%,אופנת ספורט,"מיקומים שונים  , כפר קאסם",,,ללא,https://www.behatsdaa.org.il/category/productPage/113574
43449,קאנטרי אליצור,קאנטרי אליצור,כושר וספורט,44.0,370.0,88%,חדרי כושר וקאנטרי נוספים,"רד""ק 1, נתניה",,,קאנטרי אליצור,https://www.behatsdaa.org.il/category/productPage/43449
57675,קאנטרי 360 - מנויים,קאנטרי 360,כושר וספורט,1162.0,1167.0,0%,חדרי כושר וקאנטרי נוספים,"האוניברסיטה	 2, ראשון לציון",,,קאנטרי 360,https://www.behatsdaa.org.il/category/productPage/57675
58514,"מרכז הספורט לרנר - הר הצופים, ירושלים",עמותת קוסל,כושר וספורט,625.0,3260.0,81%,חדרי כושר וקאנטרי נוספים,"ספרא 1, ירושלים",,,ללא,https://www.behatsdaa.org.il/category/productPage/58514
57579,מבצע כרטיס כניסה בקאנטרי 360,קאנטרי 360,כושר וספורט,50.0,528.0,91%,חדרי כושר וקאנטרי נוספים,"האוניברסיטה	 2, ראשון לציון",,,קאנטרי 360,https://www.behatsdaa.org.il/category/productPage/57579
98419,קאנטרי קלאב אופקים – כרטיסיות,קאנטרי קלאב אופקים,כושר וספורט,264.0,495.0,47%,חדרי כושר וקאנטרי נוספים,"יעקב מסיקה 1, אופקים",,,ללא,https://www.behatsdaa.org.il/category/productPage/98419
157922,DREAM GYM- חדר כושר,דרים ג'ים,כושר וספורט,165.0,495.0,67%,חדרי כושר וקאנטרי נוספים,"פשוש  32, כרמיאל",,,דרים ג'ים,https://www.behatsdaa.org.il/category/productPage/157922
157926,DREAM GYM- סטודיו לנשים,דרים ג'ים,כושר וספורט,176.0,323.0,46%,חדרי כושר וקאנטרי נוספים,"פשוש  32, כרמיאל",,,דרים ג'ים,https://www.behatsdaa.org.il/category/productPage/157926
158208,מרכז הספורט כפר המכביה - מנוי שנתי,כפר המכביה- מועדון ספורט,כושר וספורט,3434.0,3434.0,0%,חדרי כושר וקאנטרי נוספים,"פרץ ברנשטיין 7, רמת גן",,,כפר המכביה- מועדון ספורט,https://www.behatsdaa.org.il/category/productPage/158208
165296,ליאת יגר קבוצות הרזיה ופעילות גופנית,ליאת יגר קבוצות הרזיה ופעילות גופנית,כושר וספורט,172.0,476.0,64%,חדרי כושר וקאנטרי נוספים,"שדרות משה גושן  5, קרית מוצקין",,,ליאת יגר קבוצות הרזיה ופעילות גופנית,https://www.behatsdaa.org.il/category/productPage/165296
175918,מטרו metro - חדר כושר,מטרו metro - חדר כושר,כושר וספורט,630.0,946.0,33%,חדרי כושר וקאנטרי נוספים,"בן צבי יצחק 48, אשקלון",,,מטרו metro - חדר כושר,https://www.behatsdaa.org.il/category/productPage/175918
176887,SEA+ בת ים - מנוי חצי שנתי,SEAּ+,כושר וספורט,1320.0,1320.0,0%,חדרי כושר וקאנטרי נוספים,"דרך בן גוריון 136, בת ים",,,ללא,https://www.behatsdaa.org.il/category/productPage/176887
70983,"המתחם - מרכז נופש, בריאות וספורט",המתחם נוף הגליל,כושר וספורט,33.0,515.0,94%,חדרי כושר וקאנטרי נוספים,"שדרות מעלה יצחק 4, נוף הגליל",,,המתחם נוף הגליל,https://www.behatsdaa.org.il/category/productPage/70983
146695,חלי ממן- תוכנית ליווי דיגיטלית ייחודית ל50+,חלי ממן אונליין,כושר וספורט,850.0,850.0,0%,חדרי כושר וקאנטרי נוספים,"גולומב  22 , עכו",,,ללא,https://www.behatsdaa.org.il/category/productPage/146695
160171,"פילאטיס מכשירים - ""המתחם""",המתחם נוף הגליל,כושר וספורט,335.0,652.0,49%,חדרי כושר וקאנטרי נוספים,"שדרות מעלה יצחק 4, נוף הגליל",,,המתחם נוף הגליל,https://www.behatsdaa.org.il/category/productPage/160171
57936,קאנטרי גן עברון,קאנטרי גן עברון,כושר וספורט,968.0,968.0,0%,חדרי כושר וקאנטרי נוספים,קיבוץ עברון- ד.נ גליל מערבי 2280800 א,,,קאנטרי גן עברון,https://www.behatsdaa.org.il/category/productPage/57936
152021,פילאטיס מכשירים ברשת ICON,רשת אייקון פיטנס,כושר וספורט,282.0,1518.0,81%,חדרי כושר וקאנטרי נוספים,"* , מיקומים שונים",,,ללא,https://www.behatsdaa.org.il/category/productPage/152021
155130,סטודיו תבל פילאטיס מכשירים,תבל פילאטיס,כושר וספורט,203.0,370.0,45%,חדרי כושר וקאנטרי נוספים,"משגב  15, כרמיאל",,,תבל פילאטיס,https://www.behatsdaa.org.il/category/productPage/155130
145473,ארה פיטנס – ERA FITNESS,ארה פיטנס,כושר וספורט,165.0,1496.0,89%,חדרי כושר וקאנטרי נוספים,"קהלת ציון 35, עפולה",,,ארה פיטנס,https://www.behatsdaa.org.il/category/productPage/145473
146496,אקסטרה ג'ים- חדר כושר וסטודיו לספורט בהפרדה,אקסטרה ג'ים,כושר וספורט,40.0,3502.0,99%,חדרי כושר וקאנטרי נוספים,"שמעון הצדיק  41, אלעד",,,אקסטרה ג'ים,https://www.behatsdaa.org.il/category/productPage/146496
167158,EVE איב - חדר כושר מקצועי לנשים בלבד,איב חדר כושר לנשים,כושר וספורט,360.0,1893.0,81%,חדרי כושר וקאנטרי נוספים,"קהלת ציון 35, עפולה",,,איב חדר כושר לנשים,https://www.behatsdaa.org.il/category/productPage/167158
174047,Cross The City - מועדון כושר,קרוס דה סיטי - Cross The City,כושר וספורט,58.0,440.0,87%,חדרי כושר וקאנטרי נוספים,"הרב חיים שפר 1, טבריה",,,קרוס דה סיטי - Cross The City,https://www.behatsdaa.org.il/category/productPage/174047
178232,מינימל בודי – MINIMAL BODY,מינימל בודי  MINIMAL BODY,כושר וספורט,2178.0,2850.0,24%,חדרי כושר וקאנטרי נוספים,"הנמל 9, אשקלון",,,מינימל בודי  MINIMAL BODY,https://www.behatsdaa.org.il/category/productPage/178232
14025,מרכז הספורט קרית אדמונד י' ספרא- ירושלים(גבעת רם),עמותת קוסל,כושר וספורט,625.0,2860.0,78%,חדרי כושר וקאנטרי נוספים,"ספרא 1, ירושלים",,,ללא,https://www.behatsdaa.org.il/category/productPage/14025
97146,מרכז הספורט תלפיות - מנויים,מרכז הספורט תלפיות,כושר וספורט,2220.0,5212.0,57%,חדרי כושר וקאנטרי נוספים,"דוד רזיאל 29, ירושלים",,,ללא,https://www.behatsdaa.org.il/category/productPage/97146
102122,דורון פישלר,איוונטים,מופעים והצגות,61.0,61.0,0%,הרצאות,". , מיקומים שונים",,,ללא,https://www.behatsdaa.org.il/category/productPage/102122
180633,לייזה ודניאלה עושות פאנל,איוונטים,מופעים והצגות,97.0,110.0,12%,הרצאות,". , מיקומים שונים",,,ללא,https://www.behatsdaa.org.il/category/productPage/180633
184364,אלי שרעבי,איוונטים,מופעים והצגות,93.0,105.0,11%,הרצאות,". , מיקומים שונים",,,ללא,https://www.behatsdaa.org.il/category/productPage/184364
185186,עינת נתן - התיקון,איוונטים,מופעים והצגות,73.0,82.0,11%,הרצאות,". , מיקומים שונים",,,ללא,https://www.behatsdaa.org.il/category/productPage/185186
150168,פסטיבל היין השני בשומרון,איוונטים,מופעים והצגות,87.0,98.0,11%,תערוכות קרקסים ופסטיבלים,". , מיקומים שונים",,,ללא,https://www.behatsdaa.org.il/category/productPage/150168
158669,ערן צור מארח את דנה ברגר,איוונטים,מופעים והצגות,94.0,106.0,11%,תערוכות קרקסים ופסטיבלים,". , מיקומים שונים",,,ללא,https://www.behatsdaa.org.il/category/productPage/158669
175421,קרקס HUBA CUBA,קופת תל אביב - איוונטים,מופעים והצגות,88.0,88.0,0%,"תערוכות קרקסים ופסטיבלים, הצגות ילדים","מגוון מיקומים , מיקומים שונים",,,ללא,https://www.behatsdaa.org.il/category/productPage/175421
182654,ממלכת הדרקונים והמים,לאן איוונטים,מופעים והצגות,88.0,88.0,0%,תערוכות קרקסים ופסטיבלים,". , מיקומים שונים",,,ללא,https://www.behatsdaa.org.il/category/productPage/182654
182973,עיר הבנייה של הקיץ - BUILDER CITY,לאן איוונטים,מופעים והצגות,52.0,52.0,0%,תערוכות קרקסים ופסטיבלים,". , מיקומים שונים",,,ללא,https://www.behatsdaa.org.il/category/productPage/182973
183874,קרקס הובה קובה - באר שבע,איוונטים,מופעים והצגות,92.0,104.0,12%,תערוכות קרקסים ופסטיבלים,". , מיקומים שונים",,,ללא,https://www.behatsdaa.org.il/category/productPage/183874
185159,הצליל השמיני - גן לאומי בית גוברין,טיקטמאסטר איוונטים,מופעים והצגות,34.0,34.0,0%,תערוכות קרקסים ופסטיבלים,". , מיקומים שונים",,,ללא,https://www.behatsdaa.org.il/category/productPage/185159
68858,אבי נוסבאום,קומי איוונטים,מופעים והצגות,91.0,91.0,0%,COMY,"קויפמן 2, תל אביב - יפו",,,ללא,https://www.behatsdaa.org.il/category/productPage/68858
68087,בן בן ברוך,קומי איוונטים,מופעים והצגות,97.0,97.0,0%,COMY,"קויפמן 2, תל אביב - יפו",,,ללא,https://www.behatsdaa.org.il/category/productPage/68087
69595,גורי אלפי,קומי איוונטים,מופעים והצגות,97.0,97.0,0%,COMY,"קויפמן 2, תל אביב - יפו",,,ללא,https://www.behatsdaa.org.il/category/productPage/69595
68088,גיורא זינגר,קומי איוונטים,מופעים והצגות,77.0,77.0,0%,COMY,"קויפמן 2, תל אביב - יפו",,,ללא,https://www.behatsdaa.org.il/category/productPage/68088
68869,חנוך דאום,קומי איוונטים,מופעים והצגות,97.0,97.0,0%,COMY,"קויפמן 2, תל אביב - יפו",,,ללא,https://www.behatsdaa.org.il/category/productPage/68869
69588,משה אשכנזי,קומי איוונטים,מופעים והצגות,59.0,59.0,0%,COMY,"קויפמן 2, תל אביב - יפו",,,ללא,https://www.behatsdaa.org.il/category/productPage/69588
69393,ערן זרחוביץ,קומי איוונטים,מופעים והצגות,99.0,99.0,0%,COMY,"קויפמן 2, תל אביב - יפו",,,ללא,https://www.behatsdaa.org.il/category/productPage/69393
68867,קובי מימון,קומי איוונטים,מופעים והצגות,91.0,91.0,0%,COMY,"קויפמן 2, תל אביב - יפו",,,ללא,https://www.behatsdaa.org.il/category/productPage/68867
68654,שימי אטיאס,קומי איוונטים,מופעים והצגות,84.0,84.0,0%,COMY,"קויפמן 2, תל אביב - יפו",,,ללא,https://www.behatsdaa.org.il/category/productPage/68654
67564,רשף לוי,קומי איוונטים,מופעים והצגות,98.0,98.0,0%,COMY,"קויפמן 2, תל אביב - יפו",,,ללא,https://www.behatsdaa.org.il/category/productPage/67564
103820,עופר ומאור-סטנדאפ לילדים,קומי איוונטים,מופעים והצגות,57.0,57.0,0%,COMY,"קויפמן 2, תל אביב - יפו",,,ללא,https://www.behatsdaa.org.il/category/productPage/103820
109576,ארז בירנבוים,קומי איוונטים,מופעים והצגות,93.0,93.0,0%,COMY,"קויפמן 2, תל אביב - יפו",,,ללא,https://www.behatsdaa.org.il/category/productPage/109576
142607,אלי יצפאן,קומי איוונטים,מופעים והצגות,99.0,99.0,0%,COMY,"קויפמן 2, תל אביב - יפו",,,ללא,https://www.behatsdaa.org.il/category/productPage/142607
104829,רותם אבוהב,קומי איוונטים,מופעים והצגות,81.0,81.0,0%,COMY,"קויפמן 2, תל אביב - יפו",,,ללא,https://www.behatsdaa.org.il/category/productPage/104829
150409,אוראל צברי,קומי איוונטים,מופעים והצגות,84.0,84.0,0%,COMY,"קויפמן 2, תל אביב - יפו",,,ללא,https://www.behatsdaa.org.il/category/productPage/150409
158818,גיא ויעל - בואו לא נדבר על זה,קומי איוונטים,מופעים והצגות,97.0,97.0,0%,COMY,"קויפמן 2, תל אביב - יפו",,,ללא,https://www.behatsdaa.org.il/category/productPage/158818
161563,אלי פיניש,קומי איוונטים,מופעים והצגות,99.0,99.0,0%,COMY,"קויפמן 2, תל אביב - יפו",,,ללא,https://www.behatsdaa.org.il/category/productPage/161563
169283,פאות קדושות,קומי איוונטים,מופעים והצגות,86.0,86.0,0%,COMY,"קויפמן 2, תל אביב - יפו",,,ללא,https://www.behatsdaa.org.il/category/productPage/169283
171480,נועה יהודאי,קומי איוונטים,מופעים והצגות,66.0,66.0,0%,COMY,"קויפמן 2, תל אביב - יפו",,,ללא,https://www.behatsdaa.org.il/category/productPage/171480
173500,מסיבת כיתה 2 - מופע חדש,קומי איוונטים,מופעים והצגות,112.0,112.0,0%,COMY,"קויפמן 2, תל אביב - יפו",,,ללא,https://www.behatsdaa.org.il/category/productPage/173500
173718,מה בבננה - מרתון סטנדאפ,קומי איוונטים,מופעים והצגות,61.0,61.0,0%,COMY,"קויפמן 2, תל אביב - יפו",,,ללא,https://www.behatsdaa.org.il/category/productPage/173718
174394,תום יער,קומי איוונטים,מופעים והצגות,93.0,93.0,0%,COMY,"קויפמן 2, תל אביב - יפו",,,ללא,https://www.behatsdaa.org.il/category/productPage/174394
174395,שימי אטיאס,קומי איוונטים,מופעים והצגות,86.0,86.0,0%,COMY,"קויפמן 2, תל אביב - יפו",,,ללא,https://www.behatsdaa.org.il/category/productPage/174395
177339,ננסי ברנדס ואסנת וישינסקי,קומי איוונטים,מופעים והצגות,86.0,86.0,0%,COMY,"קויפמן 2, תל אביב - יפו",,,ללא,https://www.behatsdaa.org.il/category/productPage/177339
177342,תם אהרון,קומי איוונטים,מופעים והצגות,79.0,79.0,0%,COMY,"קויפמן 2, תל אביב - יפו",,,ללא,https://www.behatsdaa.org.il/category/productPage/177342
180395,מני עוזרי,קומי איוונטים,מופעים והצגות,99.0,99.0,0%,COMY,"קויפמן 2, תל אביב - יפו",,,ללא,https://www.behatsdaa.org.il/category/productPage/180395
124674,מור חן,קומי איוונטים,מופעים והצגות,66.0,66.0,0%,COMY,"קויפמן 2, תל אביב - יפו",,,ללא,https://www.behatsdaa.org.il/category/productPage/124674
124678,ליאור סושרד,קומי איוונטים,מופעים והצגות,112.0,112.0,0%,COMY,"קויפמן 2, תל אביב - יפו",,,ללא,https://www.behatsdaa.org.il/category/productPage/124678
171477,נגה דאנג'לי,קומי איוונטים,מופעים והצגות,79.0,79.0,0%,COMY,"קויפמן 2, תל אביב - יפו",,,ללא,https://www.behatsdaa.org.il/category/productPage/171477
43999,שלומי קוריאט,איוונטים,מופעים והצגות,90.0,119.0,24%,בידור וסטנד אפ,". , מיקומים שונים",,,ללא,https://www.behatsdaa.org.il/category/productPage/43999
44199,גיורא זינגר,איוונטים,מופעים והצגות,95.0,107.0,11%,בידור וסטנד אפ,". , מיקומים שונים",,,ללא,https://www.behatsdaa.org.il/category/productPage/44199
44126,רשף לוי,איוונטים,מופעים והצגות,104.0,118.0,12%,בידור וסטנד אפ,". , מיקומים שונים",,,ללא,https://www.behatsdaa.org.il/category/productPage/44126
43843,דב נבון,איוונטים,מופעים והצגות,83.0,94.0,12%,בידור וסטנד אפ,". , מיקומים שונים",,,ללא,https://www.behatsdaa.org.il/category/productPage/43843
44602,אורי ברויר,איוונטים,מופעים והצגות,98.0,111.0,12%,בידור וסטנד אפ,". , מיקומים שונים",,,ללא,https://www.behatsdaa.org.il/category/productPage/44602
43908,יונתן ברק,איוונטים,מופעים והצגות,95.0,107.0,11%,בידור וסטנד אפ,". , מיקומים שונים",,,ללא,https://www.behatsdaa.org.il/category/productPage/43908
104798,אסף מור יוסף במופע סטנדאפ,איוונטים,מופעים והצגות,105.0,122.0,14%,בידור וסטנד אפ,". , מיקומים שונים",,,ללא,https://www.behatsdaa.org.il/category/productPage/104798
72132,יעל לבנטל,איוונטים,מופעים והצגות,83.0,94.0,12%,בידור וסטנד אפ,". , מיקומים שונים",,,ללא,https://www.behatsdaa.org.il/category/productPage/72132
44481,נדב אבוקסיס,איוונטים,מופעים והצגות,90.0,102.0,12%,בידור וסטנד אפ,". , מיקומים שונים",,,ללא,https://www.behatsdaa.org.il/category/productPage/44481
74243,עידן אלתרמן סטנדאפ,איוונטים,מופעים והצגות,83.0,94.0,12%,בידור וסטנד אפ,". , מיקומים שונים",,,ללא,https://www.behatsdaa.org.il/category/productPage/74243
107720,ליטל שוורץ,איוונטים,מופעים והצגות,83.0,94.0,12%,בידור וסטנד אפ,". , מיקומים שונים",,,ללא,https://www.behatsdaa.org.il/category/productPage/107720
110813,דודו ארז,איוונטים,מופעים והצגות,71.0,80.0,11%,בידור וסטנד אפ,". , מיקומים שונים",,,ללא,https://www.behatsdaa.org.il/category/productPage/110813
111327,"דניאל סטיופין (""קופה ראשית"")- מופע סטנדאפ",איוונטים,מופעים והצגות,83.0,94.0,12%,בידור וסטנד אפ,". , מיקומים שונים",,,ללא,https://www.behatsdaa.org.il/category/productPage/111327
43418,ארז שלם,איוונטים,מופעים והצגות,83.0,94.0,12%,בידור וסטנד אפ,". , מיקומים שונים",,,ללא,https://www.behatsdaa.org.il/category/productPage/43418
155706,חגית גינזבורג,איוונטים,מופעים והצגות,83.0,94.0,12%,בידור וסטנד אפ,". , מיקומים שונים",,,ללא,https://www.behatsdaa.org.il/category/productPage/155706
45335,דרור קרן,איוונטים,מופעים והצגות,98.0,111.0,12%,בידור וסטנד אפ,". , מיקומים שונים",,,ללא,https://www.behatsdaa.org.il/category/productPage/45335
161885,לירית בלבן - בדיקת חומרים,איוונטים,מופעים והצגות,52.0,58.0,10%,בידור וסטנד אפ,". , מיקומים שונים",,,ללא,https://www.behatsdaa.org.il/category/productPage/161885
59117,דניאל כהן,איוונטים,מופעים והצגות,122.0,138.0,12%,בידור וסטנד אפ,". , מיקומים שונים",,,ללא,https://www.behatsdaa.org.il/category/productPage/59117
44284,אמירם טובים סטנדאפ,איוונטים,מופעים והצגות,103.0,116.0,11%,בידור וסטנד אפ,". , מיקומים שונים",,,ללא,https://www.behatsdaa.org.il/category/productPage/44284
43802,חנוך דאום,איוונטים,מופעים והצגות,107.0,121.0,12%,בידור וסטנד אפ,". , מיקומים שונים",,,ללא,https://www.behatsdaa.org.il/category/productPage/43802
171402,מתן פרץ,איוונטים,מופעים והצגות,130.0,147.0,12%,בידור וסטנד אפ,". , מיקומים שונים",,,ללא,https://www.behatsdaa.org.il/category/productPage/171402
44596,הדר לוי,איוונטים,מופעים והצגות,83.0,94.0,12%,בידור וסטנד אפ,". , מיקומים שונים",,,ללא,https://www.behatsdaa.org.il/category/productPage/44596
172574,נועה מנור,איוונטים,מופעים והצגות,52.0,58.0,10%,בידור וסטנד אפ,". , מיקומים שונים",,,ללא,https://www.behatsdaa.org.il/category/productPage/172574
96254,המופע של קובי פשה,איוונטים,מופעים והצגות,71.0,80.0,11%,בידור וסטנד אפ,". , מיקומים שונים",,,ללא,https://www.behatsdaa.org.il/category/productPage/96254
174443,נועם אונגר,איוונטים,מופעים והצגות,83.0,94.0,12%,בידור וסטנד אפ,". , מיקומים שונים",,,ללא,https://www.behatsdaa.org.il/category/productPage/174443
111882,אני פה בגלל אשתי,איוונטים,מופעים והצגות,75.0,85.0,12%,הצגות,". , מיקומים שונים",,,ללא,https://www.behatsdaa.org.il/category/productPage/111882
112758,אנה קרנינה,איוונטים,מופעים והצגות,118.0,133.0,11%,הצגות,". , מיקומים שונים",,,ללא,https://www.behatsdaa.org.il/category/productPage/112758
113810,זוג משמיים,איוונטים,מופעים והצגות,75.0,85.0,12%,הצגות,". , מיקומים שונים",,,ללא,https://www.behatsdaa.org.il/category/productPage/113810
136687,מחזמר לילות ספרד,איוונטים,מופעים והצגות,121.0,137.0,12%,הצגות,". , מיקומים שונים",,,ללא,https://www.behatsdaa.org.il/category/productPage/136687
56539,צלילי המוסיקה,איוונטים,מופעים והצגות,140.0,158.0,11%,הצגות,". , מיקומים שונים",,,ללא,https://www.behatsdaa.org.il/category/productPage/56539
45319,הערב מחזמר - מופע מחווה לברודווי,איוונטים,מופעים והצגות,111.0,126.0,12%,הצגות,". , מיקומים שונים",,,ללא,https://www.behatsdaa.org.il/category/productPage/45319
158132,החטא ועונשו,איוונטים,מופעים והצגות,118.0,133.0,11%,הצגות,". , מיקומים שונים",,,ללא,https://www.behatsdaa.org.il/category/productPage/158132
160875,נשמות,איוונטים,מופעים והצגות,118.0,133.0,11%,הצגות,". , מיקומים שונים",,,ללא,https://www.behatsdaa.org.il/category/productPage/160875
165284,יאסו - האהבה היוונית שלי,איוונטים,מופעים והצגות,121.0,137.0,12%,הצגות,". , מיקומים שונים",,,ללא,https://www.behatsdaa.org.il/category/productPage/165284
166940,נישואים גרעיינים,איוונטים,מופעים והצגות,93.0,105.0,11%,הצגות,". , מיקומים שונים",,,ללא,https://www.behatsdaa.org.il/category/productPage/166940
169235,הלב שלי בחר,איוונטים,מופעים והצגות,93.0,105.0,11%,הצגות,". , מיקומים שונים",,,ללא,https://www.behatsdaa.org.il/category/productPage/169235
169277,קיצור תהליכים,איוונטים,מופעים והצגות,47.0,53.0,11%,הצגות,". , מיקומים שונים",,,ללא,https://www.behatsdaa.org.il/category/productPage/169277
169871,צ'רלי וחצי,איוונטים,מופעים והצגות,111.0,126.0,12%,הצגות,". , מיקומים שונים",,,ללא,https://www.behatsdaa.org.il/category/productPage/169871
169891,בוא לא נדבר על זה,איוונטים,מופעים והצגות,103.0,116.0,11%,הצגות,". , מיקומים שונים",,,ללא,https://www.behatsdaa.org.il/category/productPage/169891
169894,גבירתי הנאווה - המחזמר,איוונטים,מופעים והצגות,186.0,211.0,12%,הצגות,". , מיקומים שונים",,,ללא,https://www.behatsdaa.org.il/category/productPage/169894
169927,עפרה - המחזמר,איוונטים,מופעים והצגות,158.0,179.0,12%,הצגות,". , מיקומים שונים",,,ללא,https://www.behatsdaa.org.il/category/productPage/169927
171505,אמא קוראז' וילדיה,איוונטים,מופעים והצגות,118.0,133.0,11%,הצגות,". , מיקומים שונים",,,ללא,https://www.behatsdaa.org.il/category/productPage/171505
171509,המאהבת,איוונטים,מופעים והצגות,47.0,53.0,11%,הצגות,". , מיקומים שונים",,,ללא,https://www.behatsdaa.org.il/category/productPage/171509
172064,דרושה עוזרת,איוונטים,מופעים והצגות,92.0,104.0,12%,הצגות,". , מיקומים שונים",,,ללא,https://www.behatsdaa.org.il/category/productPage/172064
173352,שקרים קטנים,איוונטים,מופעים והצגות,77.0,87.0,11%,הצגות,". , מיקומים שונים",,,ללא,https://www.behatsdaa.org.il/category/productPage/173352
173359,אהבה בהפתעה,איוונטים,מופעים והצגות,93.0,105.0,11%,הצגות,". , מיקומים שונים",,,ללא,https://www.behatsdaa.org.il/category/productPage/173359
174638,לילסדה,איוונטים,מופעים והצגות,93.0,105.0,11%,הצגות,". , מיקומים שונים",,,ללא,https://www.behatsdaa.org.il/category/productPage/174638
175552,מצחיקונת – Funny Girl,איוונטים,מופעים והצגות,146.0,287.0,49%,הצגות,". , מיקומים שונים",,,ללא,https://www.behatsdaa.org.il/category/productPage/175552
176360,ברנשים וחתיכות,איוונטים,מופעים והצגות,176.0,200.0,12%,הצגות,". , מיקומים שונים",,,ללא,https://www.behatsdaa.org.il/category/productPage/176360
176410,זוגיות AI,איוונטים,מופעים והצגות,93.0,105.0,11%,הצגות,". , מיקומים שונים",,,ללא,https://www.behatsdaa.org.il/category/productPage/176410
177426,חנאל ומכבית,איוונטים,מופעים והצגות,93.0,105.0,11%,הצגות,". , מיקומים שונים",,,ללא,https://www.behatsdaa.org.il/category/productPage/177426
180197,בית ברנרדה אלבה,איוונטים,מופעים והצגות,118.0,133.0,11%,הצגות,". , מיקומים שונים",,,ללא,https://www.behatsdaa.org.il/category/productPage/180197
180328,אף מילה לאמא,איוונטים,מופעים והצגות,93.0,105.0,11%,הצגות,". , מיקומים שונים",,,ללא,https://www.behatsdaa.org.il/category/productPage/180328
180820,אוי אלוהים,איוונטים,מופעים והצגות,74.0,84.0,12%,הצגות,". , מיקומים שונים",,,ללא,https://www.behatsdaa.org.il/category/productPage/180820
180904,משתגעים מאהבה,איוונטים,מופעים והצגות,93.0,105.0,11%,הצגות,". , מיקומים שונים",,,ללא,https://www.behatsdaa.org.il/category/productPage/180904
182429,אחרית הימים,איוונטים,מופעים והצגות,118.0,133.0,11%,הצגות,". , מיקומים שונים",,,ללא,https://www.behatsdaa.org.il/category/productPage/182429
182726,קטנטנות,איוונטים,מופעים והצגות,136.0,190.0,28%,הצגות,". , מיקומים שונים",,,ללא,https://www.behatsdaa.org.il/category/productPage/182726
183099,הברווז,איוונטים,מופעים והצגות,74.0,84.0,12%,הצגות,". , מיקומים שונים",,,ללא,https://www.behatsdaa.org.il/category/productPage/183099
183566,לונדון - הבימה,איוונטים,מופעים והצגות,47.0,53.0,11%,הצגות,". , מיקומים שונים",,,ללא,https://www.behatsdaa.org.il/category/productPage/183566
183586,הקומפלקס,איוונטים,מופעים והצגות,93.0,105.0,11%,הצגות,". , מיקומים שונים",,,ללא,https://www.behatsdaa.org.il/category/productPage/183586
184110,זוגות בזיגזג,איוונטים,מופעים והצגות,121.0,137.0,12%,הצגות,". , מיקומים שונים",,,ללא,https://www.behatsdaa.org.il/category/productPage/184110
184114,יום המזל שלי,איוונטים,מופעים והצגות,93.0,105.0,11%,הצגות,". , מיקומים שונים",,,ללא,https://www.behatsdaa.org.il/category/productPage/184114
184167,בילי שוורץ,איוונטים,מופעים והצגות,134.0,152.0,12%,הצגות,". , מיקומים שונים",,,ללא,https://www.behatsdaa.org.il/category/productPage/184167
184393,שושנה – בכיכובה של גל דה פז,איוונטים,מופעים והצגות,158.0,179.0,12%,הצגות,". , מיקומים שונים",,,ללא,https://www.behatsdaa.org.il/category/productPage/184393
184498,האחים קרמזוב,איוונטים,מופעים והצגות,118.0,133.0,11%,הצגות,". , מיקומים שונים",,,ללא,https://www.behatsdaa.org.il/category/productPage/184498
182905,יוסי וג'אגר,איוונטים,מופעים והצגות,49.0,65.0,25%,הצגות,". , מיקומים שונים",,,ללא,https://www.behatsdaa.org.il/category/productPage/182905
97696,עמיר בניון,איוונטים,מופעים והצגות,122.0,122.0,0%,Brennerock ברנרוק,". , מיקומים שונים",,,ללא,https://www.behatsdaa.org.il/category/productPage/97696
162500,ירמי קפלן,איוונטים,מופעים והצגות,108.0,108.0,0%,Brennerock ברנרוק,". , מיקומים שונים",,,ללא,https://www.behatsdaa.org.il/category/productPage/162500
163110,רד בנד ומורן אהרוני,איוונטים,מופעים והצגות,100.0,100.0,0%,Brennerock ברנרוק,". , מיקומים שונים",,,ללא,https://www.behatsdaa.org.il/category/productPage/163110
163943,דויד ברוזה,איוונטים,מופעים והצגות,121.0,121.0,0%,Brennerock ברנרוק,". , מיקומים שונים",,,ללא,https://www.behatsdaa.org.il/category/productPage/163943
168858,נינט טייב,איוונטים,מופעים והצגות,114.0,114.0,0%,Brennerock ברנרוק,". , מיקומים שונים",,,ללא,https://www.behatsdaa.org.il/category/productPage/168858
176591,מארק אליהו,איוונטים,מופעים והצגות,122.0,122.0,0%,Brennerock ברנרוק,". , מיקומים שונים",,,ללא,https://www.behatsdaa.org.il/category/productPage/176591
183007,יוני רכטר,איוונטים,מופעים והצגות,122.0,122.0,0%,Brennerock ברנרוק,". , מיקומים שונים",,,ללא,https://www.behatsdaa.org.il/category/productPage/183007
183442,בניה ברבי,איוונטים,מופעים והצגות,129.0,129.0,0%,Brennerock ברנרוק,". , מיקומים שונים",,,ללא,https://www.behatsdaa.org.il/category/productPage/183442
184419,יהודה פוליקר,איוונטים,מופעים והצגות,166.0,166.0,0%,Brennerock ברנרוק,". , מיקומים שונים",,,ללא,https://www.behatsdaa.org.il/category/productPage/184419
110536,מרכז תרבות מגידו,מרכז תרבות מגידו,מופעים והצגות,436.0,436.0,0%,"מנויי תיאטרון, סרטים ומוסיקה","ד.נ 1812000 , מגידו",,,ללא,https://www.behatsdaa.org.il/category/productPage/110536
74130,הבית של יעל שעת סיפור,איוונטים,מופעים והצגות,66.0,74.0,11%,הצגות ילדים,". , מיקומים שונים",,,ללא,https://www.behatsdaa.org.il/category/productPage/74130
43869,תירס חם שעת סיפור,איוונטים,מופעים והצגות,53.0,60.0,12%,הצגות ילדים,". , מיקומים שונים",,,ללא,https://www.behatsdaa.org.il/category/productPage/43869
43891,הפיל שרצה להיות הכי,איוונטים,מופעים והצגות,67.0,76.0,12%,הצגות ילדים,". , מיקומים שונים",,,ללא,https://www.behatsdaa.org.il/category/productPage/43891
43828,כספיון - התיאטרון השחור,איוונטים,מופעים והצגות,74.0,84.0,12%,הצגות ילדים,". , מיקומים שונים",,,ללא,https://www.behatsdaa.org.il/category/productPage/43828
43984,חגיגה בחווה,איוונטים,מופעים והצגות,67.0,76.0,12%,הצגות ילדים,". , מיקומים שונים",,,ללא,https://www.behatsdaa.org.il/category/productPage/43984
96957,מעשה בחמישה בלונים,איוונטים,מופעים והצגות,57.0,64.0,11%,הצגות ילדים,". , מיקומים שונים",,,ללא,https://www.behatsdaa.org.il/category/productPage/96957
44526,איה פלוטו,איוונטים,מופעים והצגות,57.0,64.0,11%,הצגות ילדים,". , מיקומים שונים",,,ללא,https://www.behatsdaa.org.il/category/productPage/44526
44348,הדר לוי במופע סטנד אפ לילדים,איוונטים,מופעים והצגות,56.0,63.0,11%,הצגות ילדים,". , מיקומים שונים",,,ללא,https://www.behatsdaa.org.il/category/productPage/44348
108281,שמוליקיפוד  שעת סיפור,איוונטים,מופעים והצגות,53.0,60.0,12%,הצגות ילדים,". , מיקומים שונים",,,ללא,https://www.behatsdaa.org.il/category/productPage/108281
156440,ציפורלה לילדים,קומי איוונטים,מופעים והצגות,90.0,90.0,0%,הצגות ילדים,"קויפמן 2, תל אביב - יפו",,,ללא,https://www.behatsdaa.org.il/category/productPage/156440
157060,נרקיס מלך הביצה,איוונטים,מופעים והצגות,56.0,63.0,11%,הצגות ילדים,". , מיקומים שונים",,,ללא,https://www.behatsdaa.org.il/category/productPage/157060
158435,איתמר מטייל על קירות,איוונטים,מופעים והצגות,67.0,76.0,12%,הצגות ילדים,". , מיקומים שונים",,,ללא,https://www.behatsdaa.org.il/category/productPage/158435
159998,איפה גברת זרת  הצגה לקטנטנים,איוונטים,מופעים והצגות,53.0,60.0,12%,הצגות ילדים,". , מיקומים שונים",,,ללא,https://www.behatsdaa.org.il/category/productPage/159998
165844,מאשה והדב בקרקס,איוונטים,מופעים והצגות,69.0,78.0,12%,הצגות ילדים,". , מיקומים שונים",,,ללא,https://www.behatsdaa.org.il/category/productPage/165844
171642,כראמל 3,איוונטים,מופעים והצגות,58.0,65.0,11%,הצגות ילדים,". , מיקומים שונים",,,ללא,https://www.behatsdaa.org.il/category/productPage/171642
101328,חלומות של חתולים,איוונטים,מופעים והצגות,52.0,58.0,10%,הצגות ילדים,". , מיקומים שונים",,,ללא,https://www.behatsdaa.org.il/category/productPage/101328
179462,חיפזון וזהירון - הרפתקה בשכונה,איוונטים,מופעים והצגות,80.0,90.0,11%,הצגות ילדים,". , מיקומים שונים",,,ללא,https://www.behatsdaa.org.il/category/productPage/179462
181558,כספיון שעת סיפור תיאטרלית,איוונטים,מופעים והצגות,53.0,60.0,12%,הצגות ילדים,". , מיקומים שונים",,,ללא,https://www.behatsdaa.org.il/category/productPage/181558
181797,תירס חם בים בם בם - מיוצרי מיומנה איילון נופר,איוונטים,מופעים והצגות,71.0,80.0,11%,הצגות ילדים,". , מיקומים שונים",,,ללא,https://www.behatsdaa.org.il/category/productPage/181797
181981,עידן מעדן,איוונטים,מופעים והצגות,52.0,58.0,10%,הצגות ילדים,". , מיקומים שונים",,,ללא,https://www.behatsdaa.org.il/category/productPage/181981
184049,סינדרלה - בכיכובה של רינת גבאי,איוונטים,מופעים והצגות,83.0,94.0,12%,הצגות ילדים,". , מיקומים שונים",,,ללא,https://www.behatsdaa.org.il/category/productPage/184049
184109,טרזן וג'יין בין שני עולמות,איוונטים,מופעים והצגות,66.0,80.0,18%,הצגות ילדים,". , מיקומים שונים",,,ללא,https://www.behatsdaa.org.il/category/productPage/184109
184571,קרקס ניקולין,איוונטים,מופעים והצגות,161.0,225.0,28%,הצגות ילדים,". , מיקומים שונים",,,ללא,https://www.behatsdaa.org.il/category/productPage/184571
185115,גע גע בקרקס המשוגע,איוונטים,מופעים והצגות,74.0,84.0,12%,הצגות ילדים,". , מיקומים שונים",,,ללא,https://www.behatsdaa.org.il/category/productPage/185115
185236,טינטן,איוונטים,מופעים והצגות,52.0,58.0,10%,הצגות ילדים,". , מיקומים שונים",,,ללא,https://www.behatsdaa.org.il/category/productPage/185236
185538,סביב העולם בשמונים יום,איוונטים,מופעים והצגות,149.0,169.0,12%,הצגות ילדים,". , מיקומים שונים",,,ללא,https://www.behatsdaa.org.il/category/productPage/185538
185551,ציפורלה לילדים 2,קומי איוונטים,מופעים והצגות,93.0,93.0,0%,הצגות ילדים,"קויפמן 2, תל אביב - יפו",,,ללא,https://www.behatsdaa.org.il/category/productPage/185551
185084,החברים של נטאשה,איוונטים,מופעים והצגות,147.0,166.0,11%,מופעי קו רקיע,". , מיקומים שונים",,,ללא,https://www.behatsdaa.org.il/category/productPage/185084
152064,אני גיטרה – אסף מנגן ושר בני אמדורסקי,איוונטים,מופעים והצגות,111.0,126.0,12%,מופעים,". , מיקומים שונים",,,ללא,https://www.behatsdaa.org.il/category/productPage/152064
173042,מושיק עפיה,איוונטים,מופעים והצגות,143.0,193.0,26%,מופעים,". , מיקומים שונים",,,ללא,https://www.behatsdaa.org.il/category/productPage/173042
71047,תיסלם,איוונטים,מופעים והצגות,159.0,180.0,12%,מופעים,". , מיקומים שונים",,,ללא,https://www.behatsdaa.org.il/category/productPage/71047
96295,ג'ירפות,איוונטים,מופעים והצגות,154.0,222.0,31%,מופעים,". , מיקומים שונים",,,ללא,https://www.behatsdaa.org.il/category/productPage/96295
43720,דודו אהרון,איוונטים,מופעים והצגות,143.0,180.0,21%,מופעים,". , מיקומים שונים",,,ללא,https://www.behatsdaa.org.il/category/productPage/43720
44949,שלומי סרנגה,איוונטים,מופעים והצגות,111.0,128.0,13%,מופעים,". , מיקומים שונים",,,ללא,https://www.behatsdaa.org.il/category/productPage/44949
107079,פרס ישראל- חוגגים 80 לנורית הירש,איוונטים,מופעים והצגות,93.0,105.0,11%,מופעים,". , מיקומים שונים",,,ללא,https://www.behatsdaa.org.il/category/productPage/107079
110485,הראל סקעת,איוונטים,מופעים והצגות,129.0,129.0,0%,מופעים,". , מיקומים שונים",,,ללא,https://www.behatsdaa.org.il/category/productPage/110485
112193,יהורם גאון - הלהיטים הגדולים,איוונטים,מופעים והצגות,234.0,265.0,12%,מופעים,". , מיקומים שונים",,,ללא,https://www.behatsdaa.org.il/category/productPage/112193
102815,גיל שוחט מארח את שלמה בראבא,איוונטים,מופעים והצגות,84.0,95.0,12%,מופעים,". , מיקומים שונים",,,ללא,https://www.behatsdaa.org.il/category/productPage/102815
113514,היהודים,איוונטים,מופעים והצגות,154.0,175.0,12%,מופעים,". , מיקומים שונים",,,ללא,https://www.behatsdaa.org.il/category/productPage/113514
136904,רוקוויל מחווה לאבבא,איוונטים,מופעים והצגות,101.0,114.0,11%,מופעים,". , מיקומים שונים",,,ללא,https://www.behatsdaa.org.il/category/productPage/136904
139612,אייל חדד,איוונטים,מופעים והצגות,132.0,149.0,11%,מופעים,". , מיקומים שונים",,,ללא,https://www.behatsdaa.org.il/category/productPage/139612
58150,אגם הברבורים,איוונטים,מופעים והצגות,209.0,237.0,12%,מופעים,". , מיקומים שונים",,,ללא,https://www.behatsdaa.org.il/category/productPage/58150
142333,פסטיבל העוד 2026 - ירושלים,איוונטים,מופעים והצגות,67.0,233.0,71%,מופעים,". , מיקומים שונים",,,ללא,https://www.behatsdaa.org.il/category/productPage/142333
59174,שלום חנוך,איוונטים,מופעים והצגות,140.0,159.0,12%,מופעים,". , מיקומים שונים",,,ללא,https://www.behatsdaa.org.il/category/productPage/59174
145141,ביגבנד חיפה מארח את מירי מסיקה,איוונטים,מופעים והצגות,118.0,133.0,11%,מופעים,". , מיקומים שונים",,,ללא,https://www.behatsdaa.org.il/category/productPage/145141
151859,כשאמא באה הנה,איוונטים,מופעים והצגות,108.0,108.0,0%,מופעים,". , מיקומים שונים",,,ללא,https://www.behatsdaa.org.il/category/productPage/151859
156930,חזי דין ב360 מעלות,איוונטים,מופעים והצגות,83.0,94.0,12%,מופעים,". , מיקומים שונים",,,ללא,https://www.behatsdaa.org.il/category/productPage/156930
157618,קומא KUMA | להקת המחול ורטיגו,איוונטים,מופעים והצגות,128.0,145.0,12%,מופעים,". , מיקומים שונים",,,ללא,https://www.behatsdaa.org.il/category/productPage/157618
158652,החצר האחורית,איוונטים,מופעים והצגות,93.0,105.0,11%,מופעים,". , מיקומים שונים",,,ללא,https://www.behatsdaa.org.il/category/productPage/158652
159125,דויד ברוזה,איוונטים,מופעים והצגות,119.0,135.0,12%,מופעים,". , מיקומים שונים",,,ללא,https://www.behatsdaa.org.il/category/productPage/159125
159631,יהודה פוליקר - 40 שנה לאלבום עיניים שלי,איוונטים,מופעים והצגות,168.0,293.0,43%,מופעים,". , מיקומים שונים",,,ללא,https://www.behatsdaa.org.il/category/productPage/159631
159767,שלומי שבת,איוונטים,מופעים והצגות,140.0,158.0,11%,מופעים,". , מיקומים שונים",,,ללא,https://www.behatsdaa.org.il/category/productPage/159767
163815,שלומי סרנגה,איוונטים,מופעים והצגות,111.0,126.0,12%,מופעים,". , מיקומים שונים",,,ללא,https://www.behatsdaa.org.il/category/productPage/163815
163977,דוד דאור,איוונטים,מופעים והצגות,180.0,215.0,16%,מופעים,". , מיקומים שונים",,,ללא,https://www.behatsdaa.org.il/category/productPage/163977
166762,איפה הילד,איוונטים,מופעים והצגות,111.0,126.0,12%,מופעים,". , מיקומים שונים",,,ללא,https://www.behatsdaa.org.il/category/productPage/166762
167068,עידן חביב,איוונטים,מופעים והצגות,128.0,145.0,12%,מופעים,". , מיקומים שונים",,,ללא,https://www.behatsdaa.org.il/category/productPage/167068
167967,שיר דוד גדסי,איוונטים,מופעים והצגות,92.0,92.0,0%,מופעים,". , מיקומים שונים",,,ללא,https://www.behatsdaa.org.il/category/productPage/167967
168105,בניה ברבי,איוונטים,מופעים והצגות,125.0,142.0,12%,מופעים,". , מיקומים שונים",,,ללא,https://www.behatsdaa.org.il/category/productPage/168105
169239,לי בירן X לורן פלד,איוונטים,מופעים והצגות,122.0,178.0,31%,מופעים,". , מיקומים שונים",,,ללא,https://www.behatsdaa.org.il/category/productPage/169239
169626,עברי לידר עם הסימפונית חיפה,איוונטים,מופעים והצגות,178.0,202.0,12%,מופעים,". , מיקומים שונים",,,ללא,https://www.behatsdaa.org.il/category/productPage/169626
170138,רמנגאר - ARBOLELLA,איוונטים,מופעים והצגות,111.0,126.0,12%,מופעים,". , מיקומים שונים",,,ללא,https://www.behatsdaa.org.il/category/productPage/170138
172997,עמיר בניון,איוונטים,מופעים והצגות,119.0,135.0,12%,מופעים,". , מיקומים שונים",,,ללא,https://www.behatsdaa.org.il/category/productPage/172997
173362,יואב יצחק,איוונטים,מופעים והצגות,118.0,135.0,13%,מופעים,". , מיקומים שונים",,,ללא,https://www.behatsdaa.org.il/category/productPage/173362
173792,אגדת הטנגו העולמי מרכוס אשלה - De Tango,איוונטים,מופעים והצגות,187.0,261.0,28%,מופעים,". , מיקומים שונים",,,ללא,https://www.behatsdaa.org.il/category/productPage/173792
174612,ליאור מיארה,איוונטים,מופעים והצגות,105.0,119.0,12%,מופעים,". , מיקומים שונים",,,ללא,https://www.behatsdaa.org.il/category/productPage/174612
174976,יוני רכטר,איוונטים,מופעים והצגות,119.0,135.0,12%,מופעים,". , מיקומים שונים",,,ללא,https://www.behatsdaa.org.il/category/productPage/174976
175349,נעם חורב לייב - ההופעה החדשה,איוונטים,מופעים והצגות,113.0,128.0,12%,מופעים,". , מיקומים שונים",,,ללא,https://www.behatsdaa.org.il/category/productPage/175349
175924,כנסיית השכל The Mind Church,איוונטים,מופעים והצגות,174.0,197.0,12%,מופעים,". , מיקומים שונים",,,ללא,https://www.behatsdaa.org.il/category/productPage/175924
175955,דני רובס,איוונטים,מופעים והצגות,111.0,117.0,5%,מופעים,". , מיקומים שונים",,,ללא,https://www.behatsdaa.org.il/category/productPage/175955
176465,הטיש הגדול משה להב,איוונטים,מופעים והצגות,90.0,102.0,12%,מופעים,". , מיקומים שונים",,,ללא,https://www.behatsdaa.org.il/category/productPage/176465
107573,קבלת שבת עם הפרויקט של רביבו וחברים,איוונטים,מופעים והצגות,143.0,180.0,21%,מופעים,". , מיקומים שונים",,,ללא,https://www.behatsdaa.org.il/category/productPage/107573
176737,להקת מחול בת־שבע | אנאפאזה,איוונטים,מופעים והצגות,140.0,387.0,64%,מופעים,". , מיקומים שונים",,,ללא,https://www.behatsdaa.org.il/category/productPage/176737
176987,עידן רייכל - FATA MORGANA,איוונטים,מופעים והצגות,337.0,382.0,12%,מופעים,". , מיקומים שונים",,,ללא,https://www.behatsdaa.org.il/category/productPage/176987
177410,ירמי קפלן עושה אלטון בהיכל,איוונטים,מופעים והצגות,122.0,237.0,49%,מופעים,". , מיקומים שונים",,,ללא,https://www.behatsdaa.org.il/category/productPage/177410
177607,אבישי כהן Unbiblical - מופע בכורה עולמי,איוונטים,מופעים והצגות,132.0,261.0,49%,מופעים,". , מיקומים שונים",,,ללא,https://www.behatsdaa.org.il/category/productPage/177607
179717,רוקוויל  מחווה לקווין,איוונטים,מופעים והצגות,101.0,114.0,11%,מופעים,". , מיקומים שונים",,,ללא,https://www.behatsdaa.org.il/category/productPage/179717
179791,כרמן הבלט הישראלי,איוונטים,מופעים והצגות,93.0,126.0,26%,מופעים,". , מיקומים שונים",,,ללא,https://www.behatsdaa.org.il/category/productPage/179791
180621,Live Aid - לייב אייד מחווה למופע הענק של שנות ה80,איוונטים,מופעים והצגות,94.0,94.0,0%,מופעים,". , מיקומים שונים",,,ללא,https://www.behatsdaa.org.il/category/productPage/180621
180968,מופע מחווה למדונה - MADONNA THE TRIBUTE SHOW,איוונטים,מופעים והצגות,186.0,211.0,12%,מופעים,". , מיקומים שונים",,,ללא,https://www.behatsdaa.org.il/category/productPage/180968
181405,SELAS - סלאס מופע חדש מבית מיומנה,איוונטים,מופעים והצגות,112.0,127.0,12%,מופעים,". , מיקומים שונים",,,ללא,https://www.behatsdaa.org.il/category/productPage/181405
182250,ארקדי דוכין,איוונטים,מופעים והצגות,121.0,142.0,15%,מופעים,". , מיקומים שונים",,,ללא,https://www.behatsdaa.org.il/category/productPage/182250
182772,סינגולדה וחברים,איוונטים,מופעים והצגות,90.0,102.0,12%,מופעים,". , מיקומים שונים",,,ללא,https://www.behatsdaa.org.il/category/productPage/182772
57532,איתי לוי,איוונטים,מופעים והצגות,143.0,215.0,33%,מופעים,". , מיקומים שונים",,,ללא,https://www.behatsdaa.org.il/category/productPage/57532
183179,שלמה ארצי,איוונטים,מופעים והצגות,140.0,239.0,41%,מופעים,". , מיקומים שונים",,,ללא,https://www.behatsdaa.org.il/category/productPage/183179
183590,רוקפור חוגגים 30 שנה,איוונטים,מופעים והצגות,111.0,126.0,12%,מופעים,". , מיקומים שונים",,,ללא,https://www.behatsdaa.org.il/category/productPage/183590
183983,מרגי,איוונטים,מופעים והצגות,132.0,149.0,11%,מופעים,". , מיקומים שונים",,,ללא,https://www.behatsdaa.org.il/category/productPage/183983
184175,קרניבנד במופע הצדעה - לאונרד כהן,איוונטים,מופעים והצגות,97.0,110.0,12%,מופעים,". , מיקומים שונים",,,ללא,https://www.behatsdaa.org.il/category/productPage/184175
184228,רעש לבן,איוונטים,מופעים והצגות,168.0,190.0,12%,מופעים,". , מיקומים שונים",,,ללא,https://www.behatsdaa.org.il/category/productPage/184228
184329,בעז שרעבי והאופרה הקאמרית הישראלית,איוונטים,מופעים והצגות,178.0,200.0,11%,מופעים,". , מיקומים שונים",,,ללא,https://www.behatsdaa.org.il/category/productPage/184329
184434,אנסמבל מצו מארח בחיפה: פולקלוריסימו – קונצרט,איוונטים,מופעים והצגות,74.0,84.0,12%,מופעים,". , מיקומים שונים",,,ללא,https://www.behatsdaa.org.il/category/productPage/184434
184436,אנסמבל מצו מארח בחיפה: המנדולינה של קפטן ויואלדי,איוונטים,מופעים והצגות,74.0,84.0,12%,מופעים,". , מיקומים שונים",,,ללא,https://www.behatsdaa.org.il/category/productPage/184436
184437,אנסמבל מצו מארח בחיפה: אופרה בקטנה – קונצרט,איוונטים,מופעים והצגות,74.0,84.0,12%,מופעים,". , מיקומים שונים",,,ללא,https://www.behatsdaa.org.il/category/productPage/184437
184529,דוד קריבושי וקובי אושרת,איוונטים,מופעים והצגות,91.0,103.0,12%,מופעים,". , מיקומים שונים",,,ללא,https://www.behatsdaa.org.il/category/productPage/184529
184530,גליקריה,איוונטים,מופעים והצגות,146.0,165.0,12%,מופעים,". , מיקומים שונים",,,ללא,https://www.behatsdaa.org.il/category/productPage/184530
184585,ערגה - להקת קמע,איוונטים,מופעים והצגות,118.0,178.0,34%,מופעים,". , מיקומים שונים",,,ללא,https://www.behatsdaa.org.il/category/productPage/184585
184679,NEXT - נקסט 2026,איוונטים,מופעים והצגות,135.0,235.0,43%,מופעים,". , מיקומים שונים",,,ללא,https://www.behatsdaa.org.il/category/productPage/184679
184793,עמרי סמדר,איוונטים,מופעים והצגות,125.0,181.0,31%,מופעים,". , מיקומים שונים",,,ללא,https://www.behatsdaa.org.il/category/productPage/184793
184801,מסיבת כיתה 2,איוונטים,מופעים והצגות,118.0,134.0,12%,מופעים,". , מיקומים שונים",,,ללא,https://www.behatsdaa.org.il/category/productPage/184801
184802,ישראל קטורזה,איוונטים,מופעים והצגות,108.0,122.0,11%,מופעים,". , מיקומים שונים",,,ללא,https://www.behatsdaa.org.il/category/productPage/184802
103147,בעז שרעבי,איוונטים,מופעים והצגות,115.0,130.0,12%,מופעים,". , מיקומים שונים",,,ללא,https://www.behatsdaa.org.il/category/productPage/103147
185007,ניצני ודני,איוונטים,מופעים והצגות,91.0,103.0,12%,מופעים,". , מיקומים שונים",,,ללא,https://www.behatsdaa.org.il/category/productPage/185007
185082,ריקי גל והפילהרמונית הישראלית,איוונטים,מופעים והצגות,140.0,158.0,11%,מופעים,". , מיקומים שונים",,,ללא,https://www.behatsdaa.org.il/category/productPage/185082
185155,יוצאים למסיבה עם להקת FLAME,איוונטים,מופעים והצגות,97.0,110.0,12%,מופעים,". , מיקומים שונים",,,ללא,https://www.behatsdaa.org.il/category/productPage/185155
185156,מופע מחווה לBuena Vista Social Club,איוונטים,מופעים והצגות,91.0,103.0,12%,מופעים,". , מיקומים שונים",,,ללא,https://www.behatsdaa.org.il/category/productPage/185156
185176,חוגגים 30 שנה להיי פייב,איוונטים,מופעים והצגות,111.0,111.0,0%,מופעים,". , מיקומים שונים",,,ללא,https://www.behatsdaa.org.il/category/productPage/185176
185213,היסטריה,איוונטים,מופעים והצגות,129.0,199.0,35%,מופעים,". , מיקומים שונים",,,ללא,https://www.behatsdaa.org.il/category/productPage/185213
185315,ECHOES - PINK FLOYD ANIMALS 50 YEARS,איוונטים,מופעים והצגות,143.0,172.0,17%,מופעים,". , מיקומים שונים",,,ללא,https://www.behatsdaa.org.il/category/productPage/185315
185336,תזמורת הרופאים.ות הישראלית – דויד ברוזה,איוונטים,מופעים והצגות,107.0,107.0,0%,מופעים,". , מיקומים שונים",,,ללא,https://www.behatsdaa.org.il/category/productPage/185336
185351,מצבי רוח - יצירה לתזמורת בתנועה,איוונטים,מופעים והצגות,143.0,143.0,0%,מופעים,". , מיקומים שונים",,,ללא,https://www.behatsdaa.org.il/category/productPage/185351
185370,או ללה נוסטלגיה בהיכל להיטים צרפתיים,איוונטים,מופעים והצגות,111.0,126.0,12%,מופעים,". , מיקומים שונים",,,ללא,https://www.behatsdaa.org.il/category/productPage/185370
185373,מחווה לברברה סטרייסנד - נוסטלגיה בהיכל,איוונטים,מופעים והצגות,111.0,126.0,12%,מופעים,". , מיקומים שונים",,,ללא,https://www.behatsdaa.org.il/category/productPage/185373
185483,טינה - סטיבי - ארת'ה,איוונטים,מופעים והצגות,97.0,110.0,12%,מופעים,". , מיקומים שונים",,,ללא,https://www.behatsdaa.org.il/category/productPage/185483
185546,מועדון הקצב של אביהו פנחסוב,איוונטים,מופעים והצגות,142.0,142.0,0%,מופעים,". , מיקומים שונים",,,ללא,https://www.behatsdaa.org.il/category/productPage/185546
185634,עמרי סבח,איוונטים,מופעים והצגות,93.0,93.0,0%,מופעים,". , מיקומים שונים",,,ללא,https://www.behatsdaa.org.il/category/productPage/185634
185639,תזמורת מזרח ומערב - איציק קלה,איוונטים,מופעים והצגות,121.0,137.0,12%,מופעים,". , מיקומים שונים",,,ללא,https://www.behatsdaa.org.il/category/productPage/185639
185658,רון נשר,איוונטים,מופעים והצגות,114.0,114.0,0%,מופעים,". , מיקומים שונים",,,ללא,https://www.behatsdaa.org.il/category/productPage/185658
185809,SINATRA-MY WAY,איוונטים,מופעים והצגות,94.0,125.0,25%,מופעים,". , מיקומים שונים",,,ללא,https://www.behatsdaa.org.il/category/productPage/185809
185813,גה רול - JA RULE,איוונטים,מופעים והצגות,251.0,251.0,0%,מופעים,". , מיקומים שונים",,,ללא,https://www.behatsdaa.org.il/category/productPage/185813
185846,ראובן המלאך,איוונטים,מופעים והצגות,154.0,158.0,3%,מופעים,". , מיקומים שונים",,,ללא,https://www.behatsdaa.org.il/category/productPage/185846
185895,לחזור לאור,איוונטים,מופעים והצגות,140.0,310.0,55%,מופעים,". , מיקומים שונים",,,ללא,https://www.behatsdaa.org.il/category/productPage/185895
43848,דויד ברוזה,איוונטים,מופעים והצגות,121.0,137.0,12%,מופעי זאפה,". , מיקומים שונים",,,ללא,https://www.behatsdaa.org.il/category/productPage/43848
156741,עילי בוטנר ורועי בר נתן - ערב ספונטני מתוכנן,איוונטים,מופעים והצגות,136.0,154.0,12%,מופעי זאפה,". , מיקומים שונים",,,ללא,https://www.behatsdaa.org.il/category/productPage/156741
58654,גידי גוב,איוונטים,מופעים והצגות,128.0,145.0,12%,מופעי זאפה,". , מיקומים שונים",,,ללא,https://www.behatsdaa.org.il/category/productPage/58654
96858,תמיר גל,איוונטים,מופעים והצגות,128.0,161.0,20%,מופעי זאפה,". , מיקומים שונים",,,ללא,https://www.behatsdaa.org.il/category/productPage/96858
97579,שלומי סרנגה,איוונטים,מופעים והצגות,128.0,145.0,12%,מופעי זאפה,". , מיקומים שונים",,,ללא,https://www.behatsdaa.org.il/category/productPage/97579
44492,רד בנד Red Band,איוונטים,מופעים והצגות,100.0,113.0,12%,מופעי זאפה,". , מיקומים שונים",,,ללא,https://www.behatsdaa.org.il/category/productPage/44492
44469,עופר לוי,איוונטים,מופעים והצגות,207.0,260.0,20%,מופעי זאפה,". , מיקומים שונים",,,ללא,https://www.behatsdaa.org.il/category/productPage/44469
97576,קובי מימון,איוונטים,מופעים והצגות,107.0,121.0,12%,מופעי זאפה,". , מיקומים שונים",,,ללא,https://www.behatsdaa.org.il/category/productPage/97576
73112,נעם חורב - מופע חדש עם להקה בלייב,איוונטים,מופעים והצגות,114.0,129.0,12%,מופעי זאפה,". , מיקומים שונים",,,ללא,https://www.behatsdaa.org.il/category/productPage/73112
84406,סינגולדה וחברים,איוונטים,מופעים והצגות,96.0,109.0,12%,מופעי זאפה,". , מיקומים שונים",,,ללא,https://www.behatsdaa.org.il/category/productPage/84406
72276,יזהר אשדות,איוונטים,מופעים והצגות,118.0,133.0,11%,מופעי זאפה,". , מיקומים שונים",,,ללא,https://www.behatsdaa.org.il/category/productPage/72276
97714,מאור כהן  - רוק בצוהריים עם אורחים מיוחדים,איוונטים,מופעים והצגות,96.0,109.0,12%,מופעי זאפה,". , מיקומים שונים",,,ללא,https://www.behatsdaa.org.il/category/productPage/97714
44119,חיים משה,איוונטים,מופעים והצגות,136.0,154.0,12%,מופעי זאפה,". , מיקומים שונים",,,ללא,https://www.behatsdaa.org.il/category/productPage/44119
97872,רוקוויל במחווה לקווין,איוונטים,מופעים והצגות,104.0,118.0,12%,מופעי זאפה,". , מיקומים שונים",,,ללא,https://www.behatsdaa.org.il/category/productPage/97872
71270,שמעון בוסקילה,איוונטים,מופעים והצגות,125.0,142.0,12%,מופעי זאפה,". , מיקומים שונים",,,ללא,https://www.behatsdaa.org.il/category/productPage/71270
73091,גליקריה לילות קסומים,איוונטים,מופעים והצגות,150.0,170.0,12%,מופעי זאפה,". , מיקומים שונים",,,ללא,https://www.behatsdaa.org.il/category/productPage/73091
72183,טריפונס,איוונטים,מופעים והצגות,93.0,109.0,15%,מופעי זאפה,". , מיקומים שונים",,,ללא,https://www.behatsdaa.org.il/category/productPage/72183
105036,מופע הצדעה לביטלס - המג'יקל בנד,איוונטים,מופעים והצגות,93.0,105.0,11%,מופעי זאפה,". , מיקומים שונים",,,ללא,https://www.behatsdaa.org.il/category/productPage/105036
44281,דני רובס,איוונטים,מופעים והצגות,114.0,129.0,12%,מופעי זאפה,". , מיקומים שונים",,,ללא,https://www.behatsdaa.org.il/category/productPage/44281
74092,מיקה קרני - חוגגת 30 שנות קריירה,איוונטים,מופעים והצגות,93.0,105.0,11%,מופעי זאפה,". , מיקומים שונים",,,ללא,https://www.behatsdaa.org.il/category/productPage/74092
105611,כנסיית השכל,איוונטים,מופעים והצגות,110.0,125.0,12%,מופעי זאפה,". , מיקומים שונים",,,ללא,https://www.behatsdaa.org.il/category/productPage/105611
98215,יובל דיין,איוונטים,מופעים והצגות,114.0,129.0,12%,מופעי זאפה,". , מיקומים שונים",,,ללא,https://www.behatsdaa.org.il/category/productPage/98215
97711,אריאל זילבר,איוונטים,מופעים והצגות,107.0,121.0,12%,מופעי זאפה,". , מיקומים שונים",,,ללא,https://www.behatsdaa.org.il/category/productPage/97711
106804,אילנה דיין  - עובדה! מסע אל האמת,איוונטים,מופעים והצגות,71.0,80.0,11%,מופעי זאפה,". , מיקומים שונים",,,ללא,https://www.behatsdaa.org.il/category/productPage/106804
107104,דני סנדרסון,איוונטים,מופעים והצגות,136.0,154.0,12%,מופעי זאפה,". , מיקומים שונים",,,ללא,https://www.behatsdaa.org.il/category/productPage/107104
43986,שלומי קוריאט,איוונטים,מופעים והצגות,107.0,121.0,12%,מופעי זאפה,". , מיקומים שונים",,,ללא,https://www.behatsdaa.org.il/category/productPage/43986
109589,נפגשים על הדשא,איוונטים,מופעים והצגות,90.0,102.0,12%,מופעי זאפה,". , מיקומים שונים",,,ללא,https://www.behatsdaa.org.il/category/productPage/109589
44106,נדב אבוקסיס,איוונטים,מופעים והצגות,78.0,88.0,11%,מופעי זאפה,". , מיקומים שונים",,,ללא,https://www.behatsdaa.org.il/category/productPage/44106
98526,חיים איפרגן,איוונטים,מופעים והצגות,118.0,134.0,12%,מופעי זאפה,". , מיקומים שונים",,,ללא,https://www.behatsdaa.org.il/category/productPage/98526
59012,אבי נוסבאום,איוונטים,מופעים והצגות,107.0,121.0,12%,מופעי זאפה,". , מיקומים שונים",,,ללא,https://www.behatsdaa.org.il/category/productPage/59012
98302,"משה להב ""הטיש הגדול""",איוונטים,מופעים והצגות,96.0,109.0,12%,מופעי זאפה,". , מיקומים שונים",,,ללא,https://www.behatsdaa.org.il/category/productPage/98302
112230,אריק סיני,איוונטים,מופעים והצגות,110.0,125.0,12%,מופעי זאפה,". , מיקומים שונים",,,ללא,https://www.behatsdaa.org.il/category/productPage/112230
112361,היוצרים,איוונטים,מופעים והצגות,136.0,154.0,12%,מופעי זאפה,". , מיקומים שונים",,,ללא,https://www.behatsdaa.org.il/category/productPage/112361
112450,אסף מור יוסף במופע סטנדאפ,איוונטים,מופעים והצגות,107.0,121.0,12%,מופעי זאפה,". , מיקומים שונים",,,ללא,https://www.behatsdaa.org.il/category/productPage/112450
113195,עוזי פוקס מארח את מני בגר,איוונטים,מופעים והצגות,93.0,105.0,11%,מופעי זאפה,". , מיקומים שונים",,,ללא,https://www.behatsdaa.org.il/category/productPage/113195
113258,גורי אלפי,איוונטים,מופעים והצגות,114.0,129.0,12%,מופעי זאפה,". , מיקומים שונים",,,ללא,https://www.behatsdaa.org.il/category/productPage/113258
113807,אגדה חיה - שחר אבן צור,איוונטים,מופעים והצגות,65.0,73.0,11%,מופעי זאפה,". , מיקומים שונים",,,ללא,https://www.behatsdaa.org.il/category/productPage/113807
103352,ירמי קפלן עושה אלטון ג'ון,איוונטים,מופעים והצגות,114.0,129.0,12%,מופעי זאפה,". , מיקומים שונים",,,ללא,https://www.behatsdaa.org.il/category/productPage/103352
113941,היווניה לימור עובד,איוונטים,מופעים והצגות,87.0,98.0,11%,מופעי זאפה,". , מיקומים שונים",,,ללא,https://www.behatsdaa.org.il/category/productPage/113941
113961,אני חושב משמע אני טועה - ד״ר חיים שפירא,איוונטים,מופעים והצגות,71.0,80.0,11%,מופעי זאפה,". , מיקומים שונים",,,ללא,https://www.behatsdaa.org.il/category/productPage/113961
124561,מחווה BUENA VISTA CLUB SOCIAL,איוונטים,מופעים והצגות,93.0,105.0,11%,מופעי זאפה,". , מיקומים שונים",,,ללא,https://www.behatsdaa.org.il/category/productPage/124561
125090,PARTY- מופע מחווה ללהיטי המסיבות הגדולים,איוונטים,מופעים והצגות,90.0,102.0,12%,מופעי זאפה,". , מיקומים שונים",,,ללא,https://www.behatsdaa.org.il/category/productPage/125090
135286,שליחי הבלוז במופע מחווה לELO,איוונטים,מופעים והצגות,75.0,85.0,12%,מופעי זאפה,". , מיקומים שונים",,,ללא,https://www.behatsdaa.org.il/category/productPage/135286
136498,FLAME & DANCE - שנות ה80,איוונטים,מופעים והצגות,99.0,112.0,12%,מופעי זאפה,". , מיקומים שונים",,,ללא,https://www.behatsdaa.org.il/category/productPage/136498
137224,מסיבת כיתה 2 - עם לירון לב ורביטל ויטלזון,איוונטים,מופעים והצגות,121.0,137.0,12%,מופעי זאפה,". , מיקומים שונים",,,ללא,https://www.behatsdaa.org.il/category/productPage/137224
137236,אורנה בנאי,איוונטים,מופעים והצגות,93.0,105.0,11%,מופעי זאפה,". , מיקומים שונים",,,ללא,https://www.behatsdaa.org.il/category/productPage/137236
137583,"ד""ר אייל דורון - ערב משנה חיים.. או שלא",איוונטים,מופעים והצגות,93.0,105.0,11%,מופעי זאפה,". , מיקומים שונים",,,ללא,https://www.behatsdaa.org.il/category/productPage/137583
139603,לייב אייד We Are Live Aid 1985,איוונטים,מופעים והצגות,93.0,105.0,11%,מופעי זאפה,". , מיקומים שונים",,,ללא,https://www.behatsdaa.org.il/category/productPage/139603
142513,אפרת גוש,איוונטים,מופעים והצגות,85.0,109.0,22%,מופעי זאפה,". , מיקומים שונים",,,ללא,https://www.behatsdaa.org.il/category/productPage/142513
142843,רוקוויל המחווה למדונה,איוונטים,מופעים והצגות,104.0,118.0,12%,מופעי זאפה,". , מיקומים שונים",,,ללא,https://www.behatsdaa.org.il/category/productPage/142843
146442,ליאור כלפון - הסודות המצחיקים של שפת הגוף,איוונטים,מופעים והצגות,63.0,71.0,11%,מופעי זאפה,". , מיקומים שונים",,,ללא,https://www.behatsdaa.org.il/category/productPage/146442
146557,נמרוד הראל - כוח ההשפעה ביום יום ובעסקים,איוונטים,מופעים והצגות,78.0,88.0,11%,מופעי זאפה,". , מיקומים שונים",,,ללא,https://www.behatsdaa.org.il/category/productPage/146557
146678,מיקה משה,איוונטים,מופעים והצגות,99.0,112.0,12%,מופעי זאפה,". , מיקומים שונים",,,ללא,https://www.behatsdaa.org.il/category/productPage/146678
147246,"איתי אנגל מבט מבפנים:ישראל בין איראן, חמאס וסוריה",איוונטים,מופעים והצגות,71.0,80.0,11%,מופעי זאפה,". , מיקומים שונים",,,ללא,https://www.behatsdaa.org.il/category/productPage/147246
58952,אליעד,איוונטים,מופעים והצגות,125.0,142.0,12%,מופעי זאפה,". , מיקומים שונים",,,ללא,https://www.behatsdaa.org.il/category/productPage/58952
150205,שימי תבורי,איוונטים,מופעים והצגות,96.0,109.0,12%,מופעי זאפה,". , מיקומים שונים",,,ללא,https://www.behatsdaa.org.il/category/productPage/150205
151411,רמי דנוך וצלילי העוד,איוונטים,מופעים והצגות,85.0,96.0,11%,מופעי זאפה,". , מיקומים שונים",,,ללא,https://www.behatsdaa.org.il/category/productPage/151411
152413,ורד פלדמן - לגוף שפה משלו,איוונטים,מופעים והצגות,63.0,71.0,11%,מופעי זאפה,". , מיקומים שונים",,,ללא,https://www.behatsdaa.org.il/category/productPage/152413
152568,המחווה לקולדפליי - MOONLIGHT,איוונטים,מופעים והצגות,89.0,102.0,13%,מופעי זאפה,". , מיקומים שונים",,,ללא,https://www.behatsdaa.org.il/category/productPage/152568
153371,אביתר אדיר,איוונטים,מופעים והצגות,99.0,112.0,12%,מופעי זאפה,". , מיקומים שונים",,,ללא,https://www.behatsdaa.org.il/category/productPage/153371
153903,לייזה פאנלים ודניאלה לונדון דקל,איוונטים,מופעים והצגות,99.0,112.0,12%,מופעי זאפה,". , מיקומים שונים",,,ללא,https://www.behatsdaa.org.il/category/productPage/153903
156699,הגיטרה של בודגוב,איוונטים,מופעים והצגות,96.0,109.0,12%,מופעי זאפה,". , מיקומים שונים",,,ללא,https://www.behatsdaa.org.il/category/productPage/156699
157244,ניצני ודני,איוונטים,מופעים והצגות,99.0,112.0,12%,מופעי זאפה,". , מיקומים שונים",,,ללא,https://www.behatsdaa.org.il/category/productPage/157244
157953,FEVER - אייל שחר - המחווה לבי ג'יז,איוונטים,מופעים והצגות,96.0,109.0,12%,מופעי זאפה,". , מיקומים שונים",,,ללא,https://www.behatsdaa.org.il/category/productPage/157953
158651,"ד""ר חיים שפירא - מה זאת אהבה",איוונטים,מופעים והצגות,71.0,80.0,11%,מופעי זאפה,". , מיקומים שונים",,,ללא,https://www.behatsdaa.org.il/category/productPage/158651
159129,עטר מיינר,איוונטים,מופעים והצגות,82.0,93.0,12%,מופעי זאפה,". , מיקומים שונים",,,ללא,https://www.behatsdaa.org.il/category/productPage/159129
159362,נעמי שמר- כשאמא באה הנה,איוונטים,מופעים והצגות,114.0,129.0,12%,מופעי זאפה,". , מיקומים שונים",,,ללא,https://www.behatsdaa.org.il/category/productPage/159362
160877,רוקוויל - מחווה לג'ורג' מייקל,איוונטים,מופעים והצגות,104.0,118.0,12%,מופעי זאפה,". , מיקומים שונים",,,ללא,https://www.behatsdaa.org.il/category/productPage/160877
161761,פרופ יורם יובל - אם זו אהבה - על מריבות וזוגיות,איוונטים,מופעים והצגות,71.0,80.0,11%,מופעי זאפה,". , מיקומים שונים",,,ללא,https://www.behatsdaa.org.il/category/productPage/161761
163978,דודו ארז - למה זברה,איוונטים,מופעים והצגות,61.0,69.0,12%,מופעי זאפה,". , מיקומים שונים",,,ללא,https://www.behatsdaa.org.il/category/productPage/163978
164874,נופר בטאט,איוונטים,מופעים והצגות,121.0,137.0,12%,מופעי זאפה,". , מיקומים שונים",,,ללא,https://www.behatsdaa.org.il/category/productPage/164874
168717,drive in - מופע מהסרטים,איוונטים,מופעים והצגות,82.0,93.0,12%,מופעי זאפה,". , מיקומים שונים",,,ללא,https://www.behatsdaa.org.il/category/productPage/168717
170215,יהודית כץ איך נחליט?כיצד נקבל החלטות מהירות,איוונטים,מופעים והצגות,63.0,71.0,11%,מופעי זאפה,". , מיקומים שונים",,,ללא,https://www.behatsdaa.org.il/category/productPage/170215
172289,BRASIL PAIS TROPICAL by Latin Power,איוונטים,מופעים והצגות,93.0,105.0,11%,מופעי זאפה,". , מיקומים שונים",,,ללא,https://www.behatsdaa.org.il/category/productPage/172289
172875,דורי בן זאב - משבלול ועד לול,איוונטים,מופעים והצגות,93.0,105.0,11%,מופעי זאפה,". , מיקומים שונים",,,ללא,https://www.behatsdaa.org.il/category/productPage/172875
173925,ארז נץ - מנגן אגדות,איוונטים,מופעים והצגות,85.0,96.0,11%,מופעי זאפה,". , מיקומים שונים",,,ללא,https://www.behatsdaa.org.il/category/productPage/173925
177017,דורון פישלר - ההיסטוריה (השגויה לחלוטין) של העולם,איוונטים,מופעים והצגות,63.0,71.0,11%,מופעי זאפה,". , מיקומים שונים",,,ללא,https://www.behatsdaa.org.il/category/productPage/177017
181149,קוקו מאילת,איוונטים,מופעים והצגות,140.0,158.0,11%,מופעי זאפה,". , מיקומים שונים",,,ללא,https://www.behatsdaa.org.il/category/productPage/181149
181151,ללכת שבי אחריה - יעל אודם אביטל דקל חן,איוונטים,מופעים והצגות,93.0,105.0,11%,מופעי זאפה,". , מיקומים שונים",,,ללא,https://www.behatsdaa.org.il/category/productPage/181151
182788,The Black Magic,איוונטים,מופעים והצגות,93.0,105.0,11%,מופעי זאפה,". , מיקומים שונים",,,ללא,https://www.behatsdaa.org.il/category/productPage/182788
183744,Disco Train - רכבת לשנות ה-70,איוונטים,מופעים והצגות,99.0,112.0,12%,מופעי זאפה,". , מיקומים שונים",,,ללא,https://www.behatsdaa.org.il/category/productPage/183744
183984,אייל לוי,איוונטים,מופעים והצגות,110.0,125.0,12%,מופעי זאפה,". , מיקומים שונים",,,ללא,https://www.behatsdaa.org.il/category/productPage/183984
184573,זיו קורן ופרופ' דן אריאלי - על אומץ וקבלת החלטות,איוונטים,מופעים והצגות,75.0,85.0,12%,מופעי זאפה,". , מיקומים שונים",,,ללא,https://www.behatsdaa.org.il/category/productPage/184573
184574,FLAME - יוצאים למסיבה,איוונטים,מופעים והצגות,99.0,112.0,12%,מופעי זאפה,". , מיקומים שונים",,,ללא,https://www.behatsdaa.org.il/category/productPage/184574
184575,פודקאסט רצח | מאחורי המפלצת אנדרי צ'יקטילו,איוונטים,מופעים והצגות,96.0,109.0,12%,מופעי זאפה,". , מיקומים שונים",,,ללא,https://www.behatsdaa.org.il/category/productPage/184575
185184,עמרי אסנהיים,איוונטים,מופעים והצגות,71.0,80.0,11%,מופעי זאפה,". , מיקומים שונים",,,ללא,https://www.behatsdaa.org.il/category/productPage/185184
185246,פרופ' דן אריאלי - לא רציונלי ולא במקרה,איוונטים,מופעים והצגות,71.0,80.0,11%,מופעי זאפה,". , מיקומים שונים",,,ללא,https://www.behatsdaa.org.il/category/productPage/185246
185306,Walkways,איוונטים,מופעים והצגות,93.0,105.0,11%,מופעי זאפה,". , מיקומים שונים",,,ללא,https://www.behatsdaa.org.il/category/productPage/185306
185364,דין מירושניקוב - לבחור מחדש!,איוונטים,מופעים והצגות,63.0,71.0,11%,מופעי זאפה,". , מיקומים שונים",,,ללא,https://www.behatsdaa.org.il/category/productPage/185364
185367,לאון שניידרובסקי -יוצאות מהארון: עושות סדר בסטייל,איוונטים,מופעים והצגות,63.0,71.0,11%,מופעי זאפה,". , מיקומים שונים",,,ללא,https://www.behatsdaa.org.il/category/productPage/185367
185490,אפוקליפסה,איוונטים,מופעים והצגות,107.0,121.0,12%,מופעי זאפה,". , מיקומים שונים",,,ללא,https://www.behatsdaa.org.il/category/productPage/185490
185651,הבלאקבירדס - מחווה לפינק פלויד,איוונטים,מופעים והצגות,100.0,113.0,12%,מופעי זאפה,". , מיקומים שונים",,,ללא,https://www.behatsdaa.org.il/category/productPage/185651
185653,חן אהרוני שר בספרדית,איוונטים,מופעים והצגות,104.0,118.0,12%,מופעי זאפה,". , מיקומים שונים",,,ללא,https://www.behatsdaa.org.il/category/productPage/185653
185683,יהודית כץ - איך להספיק פחות ולחיות יותר,איוונטים,מופעים והצגות,63.0,71.0,11%,מופעי זאפה,". , מיקומים שונים",,,ללא,https://www.behatsdaa.org.il/category/productPage/185683
58350,נפגשים על הדשא,איוונטים,מופעים והצגות,94.0,94.0,0%,מועדון גריי,". , מיקומים שונים",,,ללא,https://www.behatsdaa.org.il/category/productPage/58350
44332,רותם כהן,איוונטים,מופעים והצגות,125.0,125.0,0%,מועדון גריי,". , מיקומים שונים",,,ללא,https://www.behatsdaa.org.il/category/productPage/44332
58088,בעז שרעבי,איוונטים,מופעים והצגות,119.0,119.0,0%,מועדון גריי,". , מיקומים שונים",,,ללא,https://www.behatsdaa.org.il/category/productPage/58088
103892,סגיב כהן,איוונטים,מופעים והצגות,94.0,94.0,0%,מועדון גריי,". , מיקומים שונים",,,ללא,https://www.behatsdaa.org.il/category/productPage/103892
98213,טריפונס,איוונטים,מופעים והצגות,90.0,90.0,0%,מועדון גריי,". , מיקומים שונים",,,ללא,https://www.behatsdaa.org.il/category/productPage/98213
45598,דני סנדרסון,איוונטים,מופעים והצגות,122.0,122.0,0%,מועדון גריי,". , מיקומים שונים",,,ללא,https://www.behatsdaa.org.il/category/productPage/45598
104768,גליקריה,איוונטים,מופעים והצגות,150.0,150.0,0%,מועדון גריי,". , מיקומים שונים",,,ללא,https://www.behatsdaa.org.il/category/productPage/104768
73390,הפיל הכחול,איוונטים,מופעים והצגות,89.0,89.0,0%,מועדון גריי,". , מיקומים שונים",,,ללא,https://www.behatsdaa.org.il/category/productPage/73390
105154,נינט טייב,איוונטים,מופעים והצגות,114.0,114.0,0%,מועדון גריי,". , מיקומים שונים",,,ללא,https://www.behatsdaa.org.il/category/productPage/105154
105211,איתי אנגל,איוונטים,מופעים והצגות,65.0,65.0,0%,מועדון גריי,". , מיקומים שונים",,,ללא,https://www.behatsdaa.org.il/category/productPage/105211
43814,איפה הילד,איוונטים,מופעים והצגות,100.0,100.0,0%,מועדון גריי,". , מיקומים שונים",,,ללא,https://www.behatsdaa.org.il/category/productPage/43814
84635,אריק ברמן,איוונטים,מופעים והצגות,85.0,85.0,0%,מועדון גריי,". , מיקומים שונים",,,ללא,https://www.behatsdaa.org.il/category/productPage/84635
44339,חיים משה,איוונטים,מופעים והצגות,128.0,128.0,0%,מועדון גריי,". , מיקומים שונים",,,ללא,https://www.behatsdaa.org.il/category/productPage/44339
105489,יאסו טיים - מסיבה יוונית ישראלית,איוונטים,מופעים והצגות,100.0,100.0,0%,מועדון גריי,". , מיקומים שונים",,,ללא,https://www.behatsdaa.org.il/category/productPage/105489
105494,רבקה זוהר,איוונטים,מופעים והצגות,85.0,85.0,0%,מועדון גריי,". , מיקומים שונים",,,ללא,https://www.behatsdaa.org.il/category/productPage/105494
45755,עמיר בניון,איוונטים,מופעים והצגות,122.0,122.0,0%,מועדון גריי,". , מיקומים שונים",,,ללא,https://www.behatsdaa.org.il/category/productPage/45755
43845,דני רובס,איוונטים,מופעים והצגות,114.0,114.0,0%,מועדון גריי,". , מיקומים שונים",,,ללא,https://www.behatsdaa.org.il/category/productPage/43845
102121,"ד""ר חיים שפירא",איוונטים,מופעים והצגות,71.0,71.0,0%,מועדון גריי,". , מיקומים שונים",,,ללא,https://www.behatsdaa.org.il/category/productPage/102121
106409,Moonlight - המחווה לקולדפליי,איוונטים,מופעים והצגות,95.0,95.0,0%,מועדון גריי,". , מיקומים שונים",,,ללא,https://www.behatsdaa.org.il/category/productPage/106409
106422,ניב דמירל,איוונטים,מופעים והצגות,85.0,85.0,0%,מועדון גריי,". , מיקומים שונים",,,ללא,https://www.behatsdaa.org.il/category/productPage/106422
106424,ישראליות בנשמה – By MissBehave,איוונטים,מופעים והצגות,82.0,82.0,0%,מועדון גריי,". , מיקומים שונים",,,ללא,https://www.behatsdaa.org.il/category/productPage/106424
106537,"""העכבישים מפלוטו"" מציגים: Ten Years Without Bowie",איוונטים,מופעים והצגות,87.0,87.0,0%,מועדון גריי,". , מיקומים שונים",,,ללא,https://www.behatsdaa.org.il/category/productPage/106537
44060,שלומי שבת,איוונטים,מופעים והצגות,143.0,143.0,0%,מועדון גריי,". , מיקומים שונים",,,ללא,https://www.behatsdaa.org.il/category/productPage/44060
107688,אייטז פוראבר - FOREVER 80s,איוונטים,מופעים והצגות,85.0,85.0,0%,מועדון גריי,". , מיקומים שונים",,,ללא,https://www.behatsdaa.org.il/category/productPage/107688
108256,אביחי הולנדר,איוונטים,מופעים והצגות,73.0,73.0,0%,מועדון גריי,". , מיקומים שונים",,,ללא,https://www.behatsdaa.org.il/category/productPage/108256
108817,פלד,איוונטים,מופעים והצגות,87.0,87.0,0%,מועדון גריי,". , מיקומים שונים",,,ללא,https://www.behatsdaa.org.il/category/productPage/108817
109043,שליחי הבלוז - מחווה ללהקת Electric Light,איוונטים,מופעים והצגות,93.0,93.0,0%,מועדון גריי,". , מיקומים שונים",,,ללא,https://www.behatsdaa.org.il/category/productPage/109043
109546,גיא ויהל,איוונטים,מופעים והצגות,93.0,93.0,0%,מועדון גריי,". , מיקומים שונים",,,ללא,https://www.behatsdaa.org.il/category/productPage/109546
96749,משה להב הטיש הגדול,איוונטים,מופעים והצגות,100.0,100.0,0%,מועדון גריי,". , מיקומים שונים",,,ללא,https://www.behatsdaa.org.il/category/productPage/96749
58237,יובל דיין,איוונטים,מופעים והצגות,110.0,110.0,0%,מועדון גריי,". , מיקומים שונים",,,ללא,https://www.behatsdaa.org.il/category/productPage/58237
96750,נעם חורב לייב,איוונטים,מופעים והצגות,114.0,114.0,0%,מועדון גריי,". , מיקומים שונים",,,ללא,https://www.behatsdaa.org.il/category/productPage/96750
72723,דנה ברגר - 25 שנה לעד הקצה,איוונטים,מופעים והצגות,103.0,103.0,0%,מועדון גריי,". , מיקומים שונים",,,ללא,https://www.behatsdaa.org.il/category/productPage/72723
110170,שמעון בוסקילה,איוונטים,מופעים והצגות,122.0,122.0,0%,מועדון גריי,". , מיקומים שונים",,,ללא,https://www.behatsdaa.org.il/category/productPage/110170
110583,עינת שרוף,איוונטים,מופעים והצגות,79.0,79.0,0%,מועדון גריי,". , מיקומים שונים",,,ללא,https://www.behatsdaa.org.il/category/productPage/110583
110717,בלוז אנד בוז - Led Zeppelin Night,איוונטים,מופעים והצגות,79.0,79.0,0%,מועדון גריי,". , מיקומים שונים",,,ללא,https://www.behatsdaa.org.il/category/productPage/110717
110997,דויד ברוזה,איוונטים,מופעים והצגות,122.0,122.0,0%,מועדון גריי,". , מיקומים שונים",,,ללא,https://www.behatsdaa.org.il/category/productPage/110997
71238,אריאל זילבר,איוונטים,מופעים והצגות,107.0,107.0,0%,מועדון גריי,". , מיקומים שונים",,,ללא,https://www.behatsdaa.org.il/category/productPage/71238
111692,נתי לוי,איוונטים,מופעים והצגות,104.0,104.0,0%,מועדון גריי,". , מיקומים שונים",,,ללא,https://www.behatsdaa.org.il/category/productPage/111692
111772,אליעד,איוונטים,מופעים והצגות,122.0,122.0,0%,מועדון גריי,". , מיקומים שונים",,,ללא,https://www.behatsdaa.org.il/category/productPage/111772
96857,מופע מחווה לBuena Vista Social Club,איוונטים,מופעים והצגות,94.0,94.0,0%,מועדון גריי,". , מיקומים שונים",,,ללא,https://www.behatsdaa.org.il/category/productPage/96857
113662,שם טוב לוי,איוונטים,מופעים והצגות,104.0,104.0,0%,מועדון גריי,". , מיקומים שונים",,,ללא,https://www.behatsdaa.org.il/category/productPage/113662
135684,מיכה שטרית,איוונטים,מופעים והצגות,107.0,107.0,0%,מועדון גריי,". , מיקומים שונים",,,ללא,https://www.behatsdaa.org.il/category/productPage/135684
137306,ג׳ימבו ג׳יי,איוונטים,מופעים והצגות,75.0,75.0,0%,מועדון גריי,". , מיקומים שונים",,,ללא,https://www.behatsdaa.org.il/category/productPage/137306
138442,לייב אייד We Are Live Aid 1985,איוונטים,מופעים והצגות,94.0,94.0,0%,מועדון גריי,". , מיקומים שונים",,,ללא,https://www.behatsdaa.org.il/category/productPage/138442
138450,החצר האחורית,איוונטים,מופעים והצגות,93.0,93.0,0%,מועדון גריי,". , מיקומים שונים",,,ללא,https://www.behatsdaa.org.il/category/productPage/138450
138550,רוקוויל המחווה למדונה,איוונטים,מופעים והצגות,100.0,100.0,0%,מועדון גריי,". , מיקומים שונים",,,ללא,https://www.behatsdaa.org.il/category/productPage/138550
138646,יזהר אשדות,איוונטים,מופעים והצגות,118.0,118.0,0%,מועדון גריי,". , מיקומים שונים",,,ללא,https://www.behatsdaa.org.il/category/productPage/138646
139907,קולולם,איוונטים,מופעים והצגות,89.0,89.0,0%,מועדון גריי,". , מיקומים שונים",,,ללא,https://www.behatsdaa.org.il/category/productPage/139907
139971,רותם שפי,איוונטים,מופעים והצגות,78.0,78.0,0%,מועדון גריי,". , מיקומים שונים",,,ללא,https://www.behatsdaa.org.il/category/productPage/139971
141353,שלומי שבן והפסנתר,איוונטים,מופעים והצגות,107.0,107.0,0%,מועדון גריי,". , מיקומים שונים",,,ללא,https://www.behatsdaa.org.il/category/productPage/141353
141430,דראג בראנץ',איוונטים,מופעים והצגות,85.0,85.0,0%,מועדון גריי,". , מיקומים שונים",,,ללא,https://www.behatsdaa.org.il/category/productPage/141430
142495,שימי רון,איוונטים,מופעים והצגות,94.0,94.0,0%,מועדון גריי,". , מיקומים שונים",,,ללא,https://www.behatsdaa.org.il/category/productPage/142495
143069,דוד שאול,איוונטים,מופעים והצגות,87.0,87.0,0%,מועדון גריי,". , מיקומים שונים",,,ללא,https://www.behatsdaa.org.il/category/productPage/143069
143191,אבנר גדסי,איוונטים,מופעים והצגות,111.0,111.0,0%,מועדון גריי,". , מיקומים שונים",,,ללא,https://www.behatsdaa.org.il/category/productPage/143191
142492,אנדי ווטס מציג את רוי יאנג ועמליה וויליאמס,איוונטים,מופעים והצגות,90.0,90.0,0%,מועדון גריי,". , מיקומים שונים",,,ללא,https://www.behatsdaa.org.il/category/productPage/142492
145183,אסף מור יוסף במופע סטנדאפ,איוונטים,מופעים והצגות,107.0,107.0,0%,מועדון גריי,". , מיקומים שונים",,,ללא,https://www.behatsdaa.org.il/category/productPage/145183
149893,אילנה דיין - מסע אל האמת,איוונטים,מופעים והצגות,71.0,71.0,0%,מועדון גריי,". , מיקומים שונים",,,ללא,https://www.behatsdaa.org.il/category/productPage/149893
150066,27 לנצח ! מחווה לג'ניס ג'ופלין,איוונטים,מופעים והצגות,79.0,79.0,0%,מועדון גריי,". , מיקומים שונים",,,ללא,https://www.behatsdaa.org.il/category/productPage/150066
151382,מופע הצדעה לביטלס - MAGICAL BAND,איוונטים,מופעים והצגות,61.0,75.0,19%,מועדון גריי,". , מיקומים שונים",,,ללא,https://www.behatsdaa.org.il/category/productPage/151382
151736,איציק קלה,איוונטים,מופעים והצגות,133.0,133.0,0%,מועדון גריי,". , מיקומים שונים",,,ללא,https://www.behatsdaa.org.il/category/productPage/151736
152285,נעמי שמר- כשאמא באה הנה,איוונטים,מופעים והצגות,108.0,108.0,0%,מועדון גריי,". , מיקומים שונים",,,ללא,https://www.behatsdaa.org.il/category/productPage/152285
153205,אביב בכר,איוונטים,מופעים והצגות,61.0,61.0,0%,מועדון גריי,". , מיקומים שונים",,,ללא,https://www.behatsdaa.org.il/category/productPage/153205
154121,"אייל דורון - ערב משנה חיים, או שלא",איוונטים,מופעים והצגות,93.0,93.0,0%,מועדון גריי,". , מיקומים שונים",,,ללא,https://www.behatsdaa.org.il/category/productPage/154121
158914,אקסיס - AXIS - ROCK ARGENTINO,איוונטים,מופעים והצגות,94.0,94.0,0%,מועדון גריי,". , מיקומים שונים",,,ללא,https://www.behatsdaa.org.il/category/productPage/158914
160403,PINK FLOYD GREATEST HITS BY ECHOES,איוונטים,מופעים והצגות,114.0,114.0,0%,מועדון גריי,". , מיקומים שונים",,,ללא,https://www.behatsdaa.org.il/category/productPage/160403
166792,ריף כהן,איוונטים,מופעים והצגות,85.0,85.0,0%,מועדון גריי,". , מיקומים שונים",,,ללא,https://www.behatsdaa.org.il/category/productPage/166792
168636,ג'אז חם - הסדרה הבינלאומית,איוונטים,מופעים והצגות,136.0,136.0,0%,מועדון גריי,". , מיקומים שונים",,,ללא,https://www.behatsdaa.org.il/category/productPage/168636
168790,היוצרים,איוונטים,מופעים והצגות,137.0,137.0,0%,מועדון גריי,". , מיקומים שונים",,,ללא,https://www.behatsdaa.org.il/category/productPage/168790
169437,The SULTANS LIVE - Celebrating 20,איוונטים,מופעים והצגות,94.0,94.0,0%,מועדון גריי,". , מיקומים שונים",,,ללא,https://www.behatsdaa.org.il/category/productPage/169437
169897,התשובה - אירוע מאזינים,איוונטים,מופעים והצגות,65.0,65.0,0%,מועדון גריי,". , מיקומים שונים",,,ללא,https://www.behatsdaa.org.il/category/productPage/169897
170080,נופר בטאט,איוונטים,מופעים והצגות,118.0,118.0,0%,מועדון גריי,". , מיקומים שונים",,,ללא,https://www.behatsdaa.org.il/category/productPage/170080
170192,DIRTY POP - מופע מחווה לסצינת הפופ של הניינטיז,איוונטים,מופעים והצגות,87.0,87.0,0%,מועדון גריי,". , מיקומים שונים",,,ללא,https://www.behatsdaa.org.il/category/productPage/170192
170205,איריס ועופר פורטוגלי עם מקהלת הגוספל,איוונטים,מופעים והצגות,90.0,90.0,0%,מועדון גריי,". , מיקומים שונים",,,ללא,https://www.behatsdaa.org.il/category/productPage/170205
170352,השמחות,איוונטים,מופעים והצגות,92.0,92.0,0%,מועדון גריי,". , מיקומים שונים",,,ללא,https://www.behatsdaa.org.il/category/productPage/170352
171322,לילה תומר,איוונטים,מופעים והצגות,72.0,72.0,0%,מועדון גריי,". , מיקומים שונים",,,ללא,https://www.behatsdaa.org.il/category/productPage/171322
171638,בניה ברבי,איוונטים,מופעים והצגות,128.0,128.0,0%,מועדון גריי,". , מיקומים שונים",,,ללא,https://www.behatsdaa.org.il/category/productPage/171638
172720,דורון מזר,איוונטים,מופעים והצגות,104.0,104.0,0%,מועדון גריי,". , מיקומים שונים",,,ללא,https://www.behatsdaa.org.il/category/productPage/172720
173419,Happy New Jazz,איוונטים,מופעים והצגות,237.0,237.0,0%,מועדון גריי,". , מיקומים שונים",,,ללא,https://www.behatsdaa.org.il/category/productPage/173419
175255,סטלוס ואורן חן חוגגים 25 שנה,איוונטים,מופעים והצגות,107.0,107.0,0%,מועדון גריי,". , מיקומים שונים",,,ללא,https://www.behatsdaa.org.il/category/productPage/175255
179800,The Black Magic,איוונטים,מופעים והצגות,94.0,94.0,0%,מועדון גריי,". , מיקומים שונים",,,ללא,https://www.behatsdaa.org.il/category/productPage/179800
180527,שלומי קוריאט,איוונטים,מופעים והצגות,93.0,100.0,7%,מועדון גריי,". , מיקומים שונים",,,ללא,https://www.behatsdaa.org.il/category/productPage/180527
180528,ליטל שוורץ,איוונטים,מופעים והצגות,93.0,93.0,0%,מועדון גריי,". , מיקומים שונים",,,ללא,https://www.behatsdaa.org.il/category/productPage/180528
181187,ליאור כלפון | הסודות המצחיקים של שפת הגוף,איוונטים,מופעים והצגות,63.0,63.0,0%,מועדון גריי,". , מיקומים שונים",,,ללא,https://www.behatsdaa.org.il/category/productPage/181187
181650,דניאל כהן,איוונטים,מופעים והצגות,111.0,111.0,0%,מועדון גריי,". , מיקומים שונים",,,ללא,https://www.behatsdaa.org.il/category/productPage/181650
181711,Disco Train - רכבת לשנות ה-70,איוונטים,מופעים והצגות,94.0,94.0,0%,מועדון גריי,". , מיקומים שונים",,,ללא,https://www.behatsdaa.org.il/category/productPage/181711
183386,ורד פלדמן,איוונטים,מופעים והצגות,63.0,63.0,0%,מועדון גריי,". , מיקומים שונים",,,ללא,https://www.behatsdaa.org.il/category/productPage/183386
183792,סינטרה - תזמורת הג'אז הישראלית עם אלרן דקל,איוונטים,מופעים והצגות,104.0,104.0,0%,מועדון גריי,". , מיקומים שונים",,,ללא,https://www.behatsdaa.org.il/category/productPage/183792
184202,שלומית אהרון,איוונטים,מופעים והצגות,100.0,100.0,0%,מועדון גריי,". , מיקומים שונים",,,ללא,https://www.behatsdaa.org.il/category/productPage/184202
184210,מאיר אלפי,איוונטים,מופעים והצגות,93.0,93.0,0%,מועדון גריי,". , מיקומים שונים",,,ללא,https://www.behatsdaa.org.il/category/productPage/184210
184211,ישראל אהרוני,איוונטים,מופעים והצגות,71.0,71.0,0%,מועדון גריי,". , מיקומים שונים",,,ללא,https://www.behatsdaa.org.il/category/productPage/184211
184221,יוצאים למסיבה! – FLAM,איוונטים,מופעים והצגות,94.0,94.0,0%,מועדון גריי,". , מיקומים שונים",,,ללא,https://www.behatsdaa.org.il/category/productPage/184221
184658,אבי ביטר,איוונטים,מופעים והצגות,129.0,129.0,0%,מועדון גריי,". , מיקומים שונים",,,ללא,https://www.behatsdaa.org.il/category/productPage/184658
184848,אחד חלקי אחד 1:1 - 20 שנה לאלבום הראשון,איוונטים,מופעים והצגות,87.0,87.0,0%,מועדון גריי,". , מיקומים שונים",,,ללא,https://www.behatsdaa.org.il/category/productPage/184848
184982,אביתר אדיר,איוונטים,מופעים והצגות,100.0,100.0,0%,מועדון גריי,". , מיקומים שונים",,,ללא,https://www.behatsdaa.org.il/category/productPage/184982
185075,Drive In - מופע מהסרטים,איוונטים,מופעים והצגות,82.0,82.0,0%,מועדון גריי,". , מיקומים שונים",,,ללא,https://www.behatsdaa.org.il/category/productPage/185075
185077,יורם יובל,איוונטים,מופעים והצגות,71.0,71.0,0%,מועדון גריי,". , מיקומים שונים",,,ללא,https://www.behatsdaa.org.il/category/productPage/185077
185356,כרקוקלי,איוונטים,מופעים והצגות,82.0,82.0,0%,מועדון גריי,". , מיקומים שונים",,,ללא,https://www.behatsdaa.org.il/category/productPage/185356
185359,"משפחת גרינגליק - ""החיים ממשיכים לנגן""",איוונטים,מופעים והצגות,93.0,93.0,0%,מועדון גריי,". , מיקומים שונים",,,ללא,https://www.behatsdaa.org.il/category/productPage/185359
185361,אליקיר – ״גם עד הירח״,איוונטים,מופעים והצגות,93.0,93.0,0%,מועדון גריי,". , מיקומים שונים",,,ללא,https://www.behatsdaa.org.il/category/productPage/185361
185363,ג׳קו אייזנברג - Pearl Jam Tribute Night,איוונטים,מופעים והצגות,87.0,87.0,0%,מועדון גריי,". , מיקומים שונים",,,ללא,https://www.behatsdaa.org.il/category/productPage/185363
185368,יעקב אסרף,איוונטים,מופעים והצגות,100.0,100.0,0%,מועדון גריי,". , מיקומים שונים",,,ללא,https://www.behatsdaa.org.il/category/productPage/185368
185539,ליאת בנאי,איוונטים,מופעים והצגות,158.0,158.0,0%,מועדון גריי,". , מיקומים שונים",,,ללא,https://www.behatsdaa.org.il/category/productPage/185539
185613,קרניבנד במחווה לQUEEN,איוונטים,מופעים והצגות,100.0,100.0,0%,מועדון גריי,". , מיקומים שונים",,,ללא,https://www.behatsdaa.org.il/category/productPage/185613
185655,מני בגר והלהקה,איוונטים,מופעים והצגות,87.0,87.0,0%,מועדון גריי,". , מיקומים שונים",,,ללא,https://www.behatsdaa.org.il/category/productPage/185655
185656,שיחות מהבגאז' - תומר הדר ומאור שלום סויסה,איוונטים,מופעים והצגות,85.0,85.0,0%,מועדון גריי,". , מיקומים שונים",,,ללא,https://www.behatsdaa.org.il/category/productPage/185656
185657,Thriller Night – a tribute to Michael Jackson,איוונטים,מופעים והצגות,94.0,94.0,0%,מועדון גריי,". , מיקומים שונים",,,ללא,https://www.behatsdaa.org.il/category/productPage/185657
185739,"ד""ר סמדר שפי - יאואי קוסמה",איוונטים,מופעים והצגות,61.0,61.0,0%,מועדון גריי,". , מיקומים שונים",,,ללא,https://www.behatsdaa.org.il/category/productPage/185739
171867,AZEALIA BANKS,איוונטים,מופעים והצגות,164.0,164.0,0%,אמפי תל אביב,". , מיקומים שונים",,,ללא,https://www.behatsdaa.org.il/category/productPage/171867
182904,אביב גפן והתעויוט - ירח כפול,איוונטים,מופעים והצגות,165.0,165.0,0%,אמפי תל אביב,". , מיקומים שונים",,,ללא,https://www.behatsdaa.org.il/category/productPage/182904
26163,הטבות חסרות תקדים באלדן,מבצעי רכב,מבצעי רכב,0.0,0.0,0%,רכב מיד ראשונה,מגוון סניפים,,,ללא,https://www.eldan.co.il/landing/sale/10000259?clubcode=4&bid=10307&utm_source=behatzdaa_car_sale&utm_medium=banner&utm_campaign=behatsdaa_0_km
26166,קבוצת שלמה מכירת רכב מיד ראשונה,מבצעי רכב,מבצעי רכב,0.0,0.0,0%,רכב מיד ראשונה,מגוון סניפים,,,ללא,https://carsales.shlomo.co.il/clubs_behatsdaa_yad1/?location=71&dynamic_lead_source=7
172025,הטבות בלעדיות לרכישת רכב מבית היבואן פריזבי,היבואן פריזבי,מבצעי רכב,0.0,0.0,0%,רכב מיד ראשונה,מגוון סניפים,,,ללא,https://campaigns.freesbe.com/freesbe-%D7%9E%D7%A6%D7%93%D7%99%D7%A2%D7%99%D7%9D?utm_source=Beatzdaa&utm_medium=cpc&utm_campaign=Freesbe-sell_CAM-01918_1114_Beatzdaa_Beatzdaa_11-2025_Mix_MB&submedia=1114&campaignId=CAM-01918
44578,אחרי שנתיים של נתינה קבלו שנתיים של הטבות,מבצעי רכב,מבצעי רכב,0.0,0.0,0%,רכב מיד ראשונה,מגוון סניפים,,,ללא,https://lp.autocenter.co.il/behatzdaha-club-genere-25/
59254,טריידמוביל - רכב מיד ראשונה פרטית,טריידמוביל,מבצעי רכב,0.0,0.0,0%,רכב מיד ראשונה,מגוון סניפים,,,ללא,https://lp.trademobile.co.il/t/behatsdaa-2022?channelID=150546&mt=RE&ga1=1&utm_source=behatsdaa
164994,הדג נחש - חוגגים 30 שנה,איוונטים,מופעים והצגות,121.0,137.0,12%,זאפה אמפי שוני,". , מיקומים שונים",,,ללא,https://www.behatsdaa.org.il/category/productPage/164994
145992,תיסלם,איוונטים,מופעים והצגות,136.0,154.0,12%,זאפה אמפי שוני,". , מיקומים שונים",,,ללא,https://www.behatsdaa.org.il/category/productPage/145992
163659,מארק אליהו,איוונטים,מופעים והצגות,128.0,145.0,12%,זאפה אמפי שוני,". , מיקומים שונים",,,ללא,https://www.behatsdaa.org.il/category/productPage/163659
166271,Nadav Dagon Live 360° Show  - נדב דגון,איוונטים,מופעים והצגות,110.0,125.0,12%,זאפה אמפי שוני,". , מיקומים שונים",,,ללא,https://www.behatsdaa.org.il/category/productPage/166271
168715,גיא מזיג,איוונטים,מופעים והצגות,136.0,154.0,12%,זאפה אמפי שוני,". , מיקומים שונים",,,ללא,https://www.behatsdaa.org.il/category/productPage/168715
184709,שלומי שבן,איוונטים,מופעים והצגות,128.0,145.0,12%,זאפה אמפי שוני,". , מיקומים שונים",,,ללא,https://www.behatsdaa.org.il/category/productPage/184709
177340,מימון רכב בהצעה ייחודית לחברי המועדון,מבצעי רכב,מבצעי רכב,0.0,0.0,0%,רכב חדש,מגוון סניפים,,,ללא,https://www.max.co.il/loans/behatsdaa-car-loan-lead?refid=beha&utm_source=behatsdaa&utm_medium=site&utm_campaign=behatsdaa_loan
26164,"מגוון של רכבי אפס ק""מ",מבצעי רכב,מבצעי רכב,0.0,0.0,0%,רכב חדש,מגוון סניפים,,,ללא,https://www.eldan.co.il/landing/sale/10000247?clubcode=4&bid=10299&utm_source=Costumers_club&utm_medium=banner&utm_campaign=behatsdaa_0_km
172017,14% הנחה בהשכרת רכב בחול מבית שלמה סיקסט,שלמה סיקסט,מבצעי רכב,0.0,0.0,0%,"השכרת רכב בחו""ל",מגוון סניפים,,,ללא,https://www.shlomo.co.il/sixt/white-label-behatzdaa
175618,"השכרת רכב בחו""ל AVIS",מבצעי רכב,מבצעי רכב,0.0,0.0,0%,"השכרת רכב בחו""ל",מגוון סניפים,,,ללא,https://www.avis.co.il/%D7%94%D7%A9%D7%9B%D7%A8%D7%AA-%D7%A8%D7%9B%D7%91-%D7%91%D7%97%D7%95%D7%9C/
181913,"השכרת רכב לחו""ל עם יורופקאר",מבצעי רכב,מבצעי רכב,0.0,0.0,0%,"השכרת רכב בחו""ל",מגוון סניפים,,,ללא,https://rent.albar.co.il/rent-abroad/?utm_medium=banner&utm_source=behazda_club&utm_campaign=europcar_behazda_june2026
163603,"אוטו שי – השכרת רכב בחו""ל",אוטו שי,מבצעי רכב,0.0,0.0,0%,"השכרת רכב בחו""ל",מגוון סניפים,,,ללא,https://www.auto-shay.co.il/abroad/?country=%d7%94%d7%a9%d7%9b%d7%a8%d7%aa-%d7%a8%d7%9b%d7%91-%d7%91%d7%97%d7%95%d7%9c-%d7%9c%d7%97%d7%91%d7%a8%d7%99-%d7%91%d7%94%d7%a6%d7%93%d7%a2%d7%94
163606,"אוטו יורופ - השכרת רכב בחו""ל",אוטו יורופ,מבצעי רכב,0.0,0.0,0%,"השכרת רכב בחו""ל",מגוון סניפים,,,ללא,https://www.autoeurope.co.il/?afl=behatzdaa
26168,הטבות בליסינג הפרטי של שלמה,מבצעי רכב,מבצעי רכב,0.0,0.0,0%,ליסינג פרטי,מגוון סניפים,,,ללא,https://pleasing.shlomo.co.il/behatsdaa_2/?utm_source=behatsdaa_2=web&dynamic_lead_source=7&location=5130
40510,ליסינג פרטי אלדן,מבצעי רכב,מבצעי רכב,0.0,0.0,0%,ליסינג פרטי,מגוון סניפים,,,ללא,https://www.eldan.co.il/landing/sale/10000244?clubcode=48&bid=10296&utm_source=Costumers_club&utm_medium=banner&utm_campaign=Private_leasing_of_behatsdaa
167845,ליסינג פרטי בהתאמה אישית מבית אלבר,אלבר,מבצעי רכב,0.0,0.0,0%,ליסינג פרטי,מגוון סניפים,,,ללא,https://sales.albar.co.il/private_leasing_behazdaa_june2026/?utm_medium=banner&utm_source=behazdaa_club&utm_campaign=private_leasing_behazdaa_june2026&subsource=67
